0 verbose cli /usr/local/bin/node /usr/local/bin/npm
1 info using npm@11.6.2
2 info using node@v24.12.0
3 silly config load:file:/usr/local/lib/node_modules/npm/npmrc
4 silly config load:file:/Users/filipkeser/Documents/Antigravity/.npmrc
5 silly config load:file:/Users/filipkeser/.npmrc
6 silly config load:file:/usr/local/etc/npmrc
7 verbose title npm install
8 verbose argv "install" "--cache" "./.npm_cache_new"
9 verbose logfile logs-max:10 dir:/Users/filipkeser/Documents/Antigravity/.npm_cache_new/_logs/2026-04-18T15_11_05_323Z-
10 verbose logfile /Users/filipkeser/Documents/Antigravity/.npm_cache_new/_logs/2026-04-18T15_11_05_323Z-debug-0.log
11 silly logfile done cleaning log files
12 silly packumentCache heap:4496293888 maxSize:1124073472 maxEntrySize:562036736
13 silly idealTree buildDeps
14 silly fetch manifest tsx@^4
15 silly packumentCache full:https://registry.npmjs.org/tsx cache-miss
16 http cache https://registry.npmjs.org/tsx 8ms (cache hit)
17 silly packumentCache full:https://registry.npmjs.org/tsx set size:289592 disposed:false
18 silly fetch manifest @vitejs/plugin-react@^4
19 silly packumentCache full:https://registry.npmjs.org/@vitejs%2fplugin-react cache-miss
20 http cache https://registry.npmjs.org/@vitejs%2fplugin-react 3ms (cache hit)
21 silly packumentCache full:https://registry.npmjs.org/@vitejs%2fplugin-react set size:264287 disposed:false
22 silly fetch manifest vite@^4.2.0 || ^5.0.0 || ^6.0.0 || ^7.0.0
23 silly packumentCache full:https://registry.npmjs.org/vite cache-miss
24 http cache https://registry.npmjs.org/vite 99ms (cache hit)
25 silly packumentCache full:https://registry.npmjs.org/vite set size:38805901 disposed:false
26 silly fetch manifest @types/node@^20
27 silly packumentCache full:https://registry.npmjs.org/@types%2fnode cache-miss
28 http cache https://registry.npmjs.org/@types%2fnode 25ms (cache hit)
29 silly packumentCache full:https://registry.npmjs.org/@types%2fnode set size:10972342 disposed:false
30 silly fetch manifest jiti@>=1.21.0
31 silly packumentCache full:https://registry.npmjs.org/jiti cache-miss
32 http cache https://registry.npmjs.org/jiti 5ms (cache hit)
33 silly packumentCache full:https://registry.npmjs.org/jiti set size:382310 disposed:false
34 silly fetch manifest less@^4.0.0
35 silly packumentCache full:https://registry.npmjs.org/less cache-miss
36 http cache https://registry.npmjs.org/less 3ms (cache hit)
37 silly packumentCache full:https://registry.npmjs.org/less set size:461684 disposed:false
38 silly fetch manifest lightningcss@^1.21.0
39 silly packumentCache full:https://registry.npmjs.org/lightningcss cache-miss
40 http cache https://registry.npmjs.org/lightningcss 4ms (cache hit)
41 silly packumentCache full:https://registry.npmjs.org/lightningcss set size:186753 disposed:false
42 silly fetch manifest sass@^1.70.0
43 silly packumentCache full:https://registry.npmjs.org/sass cache-miss
44 http cache https://registry.npmjs.org/sass 3ms (cache hit)
45 silly packumentCache full:https://registry.npmjs.org/sass set size:726244 disposed:false
46 silly fetch manifest sass-embedded@^1.70.0
47 silly packumentCache full:https://registry.npmjs.org/sass-embedded cache-miss
48 http cache https://registry.npmjs.org/sass-embedded 3ms (cache hit)
49 silly packumentCache full:https://registry.npmjs.org/sass-embedded set size:415594 disposed:false
50 silly fetch manifest stylus@>=0.54.8
51 silly packumentCache full:https://registry.npmjs.org/stylus cache-miss
52 http cache https://registry.npmjs.org/stylus 3ms (cache hit)
53 silly packumentCache full:https://registry.npmjs.org/stylus set size:286766 disposed:false
54 silly fetch manifest sugarss@^5.0.0
55 silly packumentCache full:https://registry.npmjs.org/sugarss cache-miss
56 http cache https://registry.npmjs.org/sugarss 2ms (cache hit)
57 silly packumentCache full:https://registry.npmjs.org/sugarss set size:44975 disposed:false
58 silly fetch manifest postcss@^8.3.3
59 silly packumentCache full:https://registry.npmjs.org/postcss cache-miss
60 http cache https://registry.npmjs.org/postcss 3ms (cache hit)
61 silly packumentCache full:https://registry.npmjs.org/postcss set size:708244 disposed:false
62 silly fetch manifest terser@^5.16.0
63 silly packumentCache full:https://registry.npmjs.org/terser cache-miss
64 http cache https://registry.npmjs.org/terser 3ms (cache hit)
65 silly packumentCache full:https://registry.npmjs.org/terser set size:789927 disposed:false
66 silly fetch manifest yaml@^2.4.2
67 silly packumentCache full:https://registry.npmjs.org/yaml cache-miss
68 http cache https://registry.npmjs.org/yaml 3ms (cache hit)
69 silly packumentCache full:https://registry.npmjs.org/yaml set size:375230 disposed:false
70 silly fetch manifest jsdom@^24
71 silly packumentCache full:https://registry.npmjs.org/jsdom cache-miss
72 http cache https://registry.npmjs.org/jsdom 4ms (cache hit)
73 silly packumentCache full:https://registry.npmjs.org/jsdom set size:1055794 disposed:false
74 silly fetch manifest canvas@^2.11.2
75 silly packumentCache full:https://registry.npmjs.org/canvas cache-miss
76 http cache https://registry.npmjs.org/canvas 9ms (cache hit)
77 silly packumentCache full:https://registry.npmjs.org/canvas set size:372046 disposed:false
78 silly fetch manifest vitest@^1
79 silly packumentCache full:https://registry.npmjs.org/vitest cache-miss
80 http cache https://registry.npmjs.org/vitest 5ms (cache hit)
81 silly packumentCache full:https://registry.npmjs.org/vitest set size:2132735 disposed:false
82 silly fetch manifest @edge-runtime/vm@*
83 silly packumentCache full:https://registry.npmjs.org/@edge-runtime%2fvm cache-miss
84 http cache https://registry.npmjs.org/@edge-runtime%2fvm 3ms (cache hit)
85 silly packumentCache full:https://registry.npmjs.org/@edge-runtime%2fvm set size:269934 disposed:false
86 silly fetch manifest @vitest/browser@1.6.1
87 silly packumentCache full:https://registry.npmjs.org/@vitest%2fbrowser cache-miss
88 http cache https://registry.npmjs.org/@vitest%2fbrowser 3ms (cache hit)
89 silly packumentCache full:https://registry.npmjs.org/@vitest%2fbrowser set size:729562 disposed:false
90 silly fetch manifest playwright@*
91 silly packumentCache full:https://registry.npmjs.org/playwright cache-miss
92 http cache https://registry.npmjs.org/playwright 27ms (cache hit)
93 silly packumentCache full:https://registry.npmjs.org/playwright set size:16114262 disposed:false
94 silly fetch manifest webdriverio@*
95 silly packumentCache full:https://registry.npmjs.org/webdriverio cache-miss
96 http cache https://registry.npmjs.org/webdriverio 9ms (cache hit)
97 silly packumentCache full:https://registry.npmjs.org/webdriverio set size:3123090 disposed:false
98 silly fetch manifest puppeteer-core@>=22.x || <=24.x
99 silly packumentCache full:https://registry.npmjs.org/puppeteer-core cache-miss
100 http cache https://registry.npmjs.org/puppeteer-core 4ms (cache hit)
101 silly packumentCache full:https://registry.npmjs.org/puppeteer-core set size:1505697 disposed:false
102 silly fetch manifest @vitest/ui@1.6.1
103 silly packumentCache full:https://registry.npmjs.org/@vitest%2fui cache-miss
104 http cache https://registry.npmjs.org/@vitest%2fui 4ms (cache hit)
105 silly packumentCache full:https://registry.npmjs.org/@vitest%2fui set size:1218972 disposed:false
106 silly fetch manifest happy-dom@*
107 silly packumentCache full:https://registry.npmjs.org/happy-dom cache-miss
108 http cache https://registry.npmjs.org/happy-dom 5ms (cache hit)
109 silly packumentCache full:https://registry.npmjs.org/happy-dom set size:2455298 disposed:false
110 silly placeDep ROOT @vitejs/plugin-react@4.7.0 OK for: my-app@0.1.0 want: ^4
111 silly placeDep ROOT vite@7.3.2 OK for: @vitejs/plugin-react@4.7.0 want: ^4.2.0 || ^5.0.0 || ^6.0.0 || ^7.0.0
112 silly placeDep ROOT jsdom@24.1.3 OK for: my-app@0.1.0 want: ^24
113 silly placeDep ROOT tsx@4.21.0 OK for: my-app@0.1.0 want: ^4
114 silly placeDep ROOT vitest@1.6.1 OK for: my-app@0.1.0 want: ^1
115 silly fetch manifest react-refresh@^0.17.0
116 silly packumentCache full:https://registry.npmjs.org/react-refresh cache-miss
117 silly fetch manifest @types/babel__core@^7.20.5
118 silly packumentCache full:https://registry.npmjs.org/@types%2fbabel__core cache-miss
119 silly fetch manifest @rolldown/pluginutils@1.0.0-beta.27
120 silly packumentCache full:https://registry.npmjs.org/@rolldown%2fpluginutils cache-miss
121 silly fetch manifest @babel/plugin-transform-react-jsx-self@^7.27.1
122 silly packumentCache full:https://registry.npmjs.org/@babel%2fplugin-transform-react-jsx-self cache-miss
123 silly fetch manifest @babel/plugin-transform-react-jsx-source@^7.27.1
124 silly packumentCache full:https://registry.npmjs.org/@babel%2fplugin-transform-react-jsx-source cache-miss
125 silly fetch manifest fdir@^6.5.0
126 silly packumentCache full:https://registry.npmjs.org/fdir cache-miss
127 silly fetch manifest rollup@^4.43.0
128 silly packumentCache full:https://registry.npmjs.org/rollup cache-miss
129 http cache https://registry.npmjs.org/@babel%2fplugin-transform-react-jsx-self 4ms (cache hit)
130 silly packumentCache full:https://registry.npmjs.org/@babel%2fplugin-transform-react-jsx-self set size:198119 disposed:false
131 silly fetch manifest esbuild@^0.27.0
132 silly packumentCache full:https://registry.npmjs.org/esbuild cache-miss
133 http cache https://registry.npmjs.org/@rolldown%2fpluginutils 5ms (cache hit)
134 silly packumentCache full:https://registry.npmjs.org/@rolldown%2fpluginutils set size:286972 disposed:false
135 silly fetch manifest picomatch@^4.0.3
136 silly packumentCache full:https://registry.npmjs.org/picomatch cache-miss
137 http cache https://registry.npmjs.org/@types%2fbabel__core 7ms (cache hit)
138 silly packumentCache full:https://registry.npmjs.org/@types%2fbabel__core set size:88676 disposed:false
139 silly fetch manifest fsevents@~2.3.3
140 silly packumentCache full:https://registry.npmjs.org/fsevents cache-miss
141 http cache https://registry.npmjs.org/react-refresh 13ms (cache hit)
142 silly packumentCache full:https://registry.npmjs.org/react-refresh set size:6300571 disposed:false
143 silly fetch manifest saxes@^6.0.0
144 silly packumentCache full:https://registry.npmjs.org/saxes cache-miss
145 http cache https://registry.npmjs.org/@babel%2fplugin-transform-react-jsx-source 35ms (cache hit)
146 silly packumentCache full:https://registry.npmjs.org/@babel%2fplugin-transform-react-jsx-source set size:203114 disposed:false
147 silly fetch manifest nwsapi@^2.2.12
148 silly packumentCache full:https://registry.npmjs.org/nwsapi cache-miss
149 http cache https://registry.npmjs.org/fdir 36ms (cache hit)
150 silly packumentCache full:https://registry.npmjs.org/fdir set size:136182 disposed:false
151 silly fetch manifest parse5@^7.1.2
152 silly packumentCache full:https://registry.npmjs.org/parse5 cache-miss
153 http cache https://registry.npmjs.org/rollup 41ms (cache hit)
154 silly packumentCache full:https://registry.npmjs.org/rollup set size:6169575 disposed:false
155 silly fetch manifest cssstyle@^4.0.1
156 silly packumentCache full:https://registry.npmjs.org/cssstyle cache-miss
157 http cache https://registry.npmjs.org/parse5 31ms (cache hit)
158 silly packumentCache full:https://registry.npmjs.org/parse5 set size:120807 disposed:false
159 silly fetch manifest data-urls@^5.0.0
160 silly packumentCache full:https://registry.npmjs.org/data-urls cache-miss
161 http cache https://registry.npmjs.org/esbuild 66ms (cache hit)
162 silly packumentCache full:https://registry.npmjs.org/esbuild set size:1254708 disposed:false
163 silly fetch manifest form-data@^4.0.0
164 silly packumentCache full:https://registry.npmjs.org/form-data cache-miss
165 http cache https://registry.npmjs.org/picomatch 67ms (cache hit)
166 silly packumentCache full:https://registry.npmjs.org/picomatch set size:126376 disposed:false
167 silly fetch manifest decimal.js@^10.4.3
168 silly packumentCache full:https://registry.npmjs.org/decimal.js cache-miss
169 http cache https://registry.npmjs.org/saxes 40ms (cache hit)
170 silly packumentCache full:https://registry.npmjs.org/saxes set size:228593 disposed:false
171 silly fetch manifest rrweb-cssom@^0.7.1
172 silly packumentCache full:https://registry.npmjs.org/rrweb-cssom cache-miss
173 http cache https://registry.npmjs.org/fsevents 69ms (cache hit)
174 silly packumentCache full:https://registry.npmjs.org/fsevents set size:182472 disposed:false
175 silly fetch manifest symbol-tree@^3.2.4
176 silly packumentCache full:https://registry.npmjs.org/symbol-tree cache-miss
177 http cache https://registry.npmjs.org/nwsapi 41ms (cache hit)
178 silly packumentCache full:https://registry.npmjs.org/nwsapi set size:90535 disposed:false
179 silly fetch manifest tough-cookie@^4.1.4
180 silly packumentCache full:https://registry.npmjs.org/tough-cookie cache-miss
181 http cache https://registry.npmjs.org/cssstyle 14ms (cache hit)
182 silly packumentCache full:https://registry.npmjs.org/cssstyle set size:165320 disposed:false
183 silly fetch manifest whatwg-encoding@^3.1.1
184 silly packumentCache full:https://registry.npmjs.org/whatwg-encoding cache-miss
185 http cache https://registry.npmjs.org/data-urls 12ms (cache hit)
186 silly packumentCache full:https://registry.npmjs.org/data-urls set size:37311 disposed:false
187 silly fetch manifest whatwg-mimetype@^4.0.0
188 silly packumentCache full:https://registry.npmjs.org/whatwg-mimetype cache-miss
189 http cache https://registry.npmjs.org/form-data 9ms (cache hit)
190 silly packumentCache full:https://registry.npmjs.org/form-data set size:153646 disposed:false
191 silly fetch manifest http-proxy-agent@^7.0.2
192 silly packumentCache full:https://registry.npmjs.org/http-proxy-agent cache-miss
193 http cache https://registry.npmjs.org/symbol-tree 7ms (cache hit)
194 silly packumentCache full:https://registry.npmjs.org/symbol-tree set size:60614 disposed:false
195 silly fetch manifest https-proxy-agent@^7.0.5
196 silly packumentCache full:https://registry.npmjs.org/https-proxy-agent cache-miss
197 http cache https://registry.npmjs.org/decimal.js 10ms (cache hit)
198 silly packumentCache full:https://registry.npmjs.org/decimal.js set size:107790 disposed:false
199 silly fetch manifest w3c-xmlserializer@^5.0.0
200 silly packumentCache full:https://registry.npmjs.org/w3c-xmlserializer cache-miss
201 http cache https://registry.npmjs.org/rrweb-cssom 9ms (cache hit)
202 silly packumentCache full:https://registry.npmjs.org/rrweb-cssom set size:10104 disposed:false
203 silly fetch manifest xml-name-validator@^5.0.0
204 silly packumentCache full:https://registry.npmjs.org/xml-name-validator cache-miss
205 http cache https://registry.npmjs.org/tough-cookie 9ms (cache hit)
206 silly packumentCache full:https://registry.npmjs.org/tough-cookie set size:149007 disposed:false
207 silly fetch manifest html-encoding-sniffer@^4.0.0
208 silly packumentCache full:https://registry.npmjs.org/html-encoding-sniffer cache-miss
209 http cache https://registry.npmjs.org/whatwg-encoding 7ms (cache hit)
210 silly packumentCache full:https://registry.npmjs.org/whatwg-encoding set size:25704 disposed:false
211 silly fetch manifest is-potential-custom-element-name@^1.0.1
212 silly packumentCache full:https://registry.npmjs.org/is-potential-custom-element-name cache-miss
213 http cache https://registry.npmjs.org/whatwg-mimetype 6ms (cache hit)
214 silly packumentCache full:https://registry.npmjs.org/whatwg-mimetype set size:28179 disposed:false
215 silly fetch manifest esbuild@~0.27.0
216 silly packumentCache full:https://registry.npmjs.org/esbuild cache-miss
217 http cache https://registry.npmjs.org/http-proxy-agent 5ms (cache hit)
218 silly packumentCache full:https://registry.npmjs.org/http-proxy-agent set size:54849 disposed:false
219 silly fetch manifest chai@^4.3.10
220 silly packumentCache full:https://registry.npmjs.org/chai cache-miss
221 http cache https://registry.npmjs.org/w3c-xmlserializer 5ms (cache hit)
222 silly packumentCache full:https://registry.npmjs.org/w3c-xmlserializer set size:36375 disposed:false
223 silly fetch manifest vite@^5.0.0
224 silly packumentCache full:https://registry.npmjs.org/vite cache-miss
225 http cache https://registry.npmjs.org/https-proxy-agent 6ms (cache hit)
226 silly packumentCache full:https://registry.npmjs.org/https-proxy-agent set size:81258 disposed:false
227 silly fetch manifest execa@^8.0.1
228 silly packumentCache full:https://registry.npmjs.org/execa cache-miss
229 http cache https://registry.npmjs.org/xml-name-validator 6ms (cache hit)
230 silly packumentCache full:https://registry.npmjs.org/xml-name-validator set size:11085 disposed:false
231 silly fetch manifest pathe@^1.1.1
232 silly packumentCache full:https://registry.npmjs.org/pathe cache-miss
233 http cache https://registry.npmjs.org/html-encoding-sniffer 5ms (cache hit)
234 silly packumentCache full:https://registry.npmjs.org/html-encoding-sniffer set size:23370 disposed:false
235 silly fetch manifest std-env@^3.5.0
236 silly packumentCache full:https://registry.npmjs.org/std-env cache-miss
237 http cache https://registry.npmjs.org/esbuild 6ms (cache hit)
238 silly packumentCache full:https://registry.npmjs.org/esbuild set size:1254708 disposed:false
239 silly fetch manifest tinypool@^0.8.3
240 silly packumentCache full:https://registry.npmjs.org/tinypool cache-miss
241 http cache https://registry.npmjs.org/is-potential-custom-element-name 11ms (cache hit)
242 silly packumentCache full:https://registry.npmjs.org/is-potential-custom-element-name set size:6810 disposed:false
243 silly fetch manifest local-pkg@^0.5.0
244 silly packumentCache full:https://registry.npmjs.org/local-pkg cache-miss
245 http cache https://registry.npmjs.org/chai 11ms (cache hit)
246 silly packumentCache full:https://registry.npmjs.org/chai set size:232540 disposed:false
247 silly fetch manifest tinybench@^2.5.1
248 silly packumentCache full:https://registry.npmjs.org/tinybench cache-miss
249 http cache https://registry.npmjs.org/vite 48ms (cache hit)
250 silly packumentCache full:https://registry.npmjs.org/vite set size:38805901 disposed:false
251 silly fetch manifest vite-node@1.6.1
252 silly packumentCache full:https://registry.npmjs.org/vite-node cache-miss
253 http cache https://registry.npmjs.org/execa 334ms (cache hit)
254 silly packumentCache full:https://registry.npmjs.org/execa set size:181234 disposed:false
255 silly fetch manifest acorn-walk@^8.3.2
256 silly packumentCache full:https://registry.npmjs.org/acorn-walk cache-miss
257 http cache https://registry.npmjs.org/pathe 348ms (cache hit)
258 silly packumentCache full:https://registry.npmjs.org/pathe set size:68788 disposed:false
259 silly fetch manifest @vitest/spy@1.6.1
260 silly packumentCache full:https://registry.npmjs.org/@vitest%2fspy cache-miss
261 http cache https://registry.npmjs.org/std-env 347ms (cache hit)
262 silly packumentCache full:https://registry.npmjs.org/std-env set size:88574 disposed:false
263 silly fetch manifest @vitest/utils@1.6.1
264 silly packumentCache full:https://registry.npmjs.org/@vitest%2futils cache-miss
265 http cache https://registry.npmjs.org/tinypool 345ms (cache hit)
266 silly packumentCache full:https://registry.npmjs.org/tinypool set size:90796 disposed:false
267 silly fetch manifest strip-literal@^2.0.0
268 silly packumentCache full:https://registry.npmjs.org/strip-literal cache-miss
269 http cache https://registry.npmjs.org/local-pkg 344ms (cache hit)
270 silly packumentCache full:https://registry.npmjs.org/local-pkg set size:37432 disposed:false
271 silly fetch manifest @vitest/expect@1.6.1
272 silly packumentCache full:https://registry.npmjs.org/@vitest%2fexpect cache-miss
273 http cache https://registry.npmjs.org/tinybench 339ms (cache hit)
274 silly packumentCache full:https://registry.npmjs.org/tinybench set size:156830 disposed:false
275 silly fetch manifest @vitest/runner@1.6.1
276 silly packumentCache full:https://registry.npmjs.org/@vitest%2frunner cache-miss
277 http cache https://registry.npmjs.org/vite-node 29ms (cache hit)
278 silly packumentCache full:https://registry.npmjs.org/vite-node set size:1079445 disposed:false
279 silly fetch manifest @vitest/snapshot@1.6.1
280 silly packumentCache full:https://registry.npmjs.org/@vitest%2fsnapshot cache-miss
281 http cache https://registry.npmjs.org/acorn-walk 23ms (cache hit)
282 silly packumentCache full:https://registry.npmjs.org/acorn-walk set size:49813 disposed:false
283 silly fetch manifest why-is-node-running@^2.2.2
284 silly packumentCache full:https://registry.npmjs.org/why-is-node-running cache-miss
285 http cache https://registry.npmjs.org/@vitest%2fspy 15ms (cache hit)
286 silly packumentCache full:https://registry.npmjs.org/@vitest%2fspy set size:414139 disposed:false
287 http cache https://registry.npmjs.org/@vitest%2futils 14ms (cache hit)
288 silly packumentCache full:https://registry.npmjs.org/@vitest%2futils set size:530896 disposed:false
289 http cache https://registry.npmjs.org/strip-literal 15ms (cache hit)
290 silly packumentCache full:https://registry.npmjs.org/strip-literal set size:45192 disposed:false
291 http cache https://registry.npmjs.org/@vitest%2fexpect 15ms (cache hit)
292 silly packumentCache full:https://registry.npmjs.org/@vitest%2fexpect set size:447456 disposed:false
293 http cache https://registry.npmjs.org/@vitest%2fsnapshot 11ms (cache hit)
294 silly packumentCache full:https://registry.npmjs.org/@vitest%2fsnapshot set size:421007 disposed:false
295 http cache https://registry.npmjs.org/@vitest%2frunner 18ms (cache hit)
296 silly packumentCache full:https://registry.npmjs.org/@vitest%2frunner set size:434906 disposed:false
297 http cache https://registry.npmjs.org/why-is-node-running 13ms (cache hit)
298 silly packumentCache full:https://registry.npmjs.org/why-is-node-running set size:50482 disposed:false
299 silly fetch manifest @babel/core@^7.28.0
300 silly packumentCache full:https://registry.npmjs.org/@babel%2fcore cache-miss
301 http cache https://registry.npmjs.org/@babel%2fcore 3ms (cache hit)
302 silly packumentCache full:https://registry.npmjs.org/@babel%2fcore set size:760113 disposed:false
303 silly placeDep ROOT @babel/plugin-transform-react-jsx-self@7.27.1 OK for: @vitejs/plugin-react@4.7.0 want: ^7.27.1
304 silly placeDep ROOT @babel/plugin-transform-react-jsx-source@7.27.1 OK for: @vitejs/plugin-react@4.7.0 want: ^7.27.1
305 silly placeDep ROOT @rolldown/pluginutils@1.0.0-beta.27 OK for: @vitejs/plugin-react@4.7.0 want: 1.0.0-beta.27
306 silly placeDep ROOT @types/babel__core@7.20.5 OK for: @vitejs/plugin-react@4.7.0 want: ^7.20.5
307 silly placeDep ROOT react-refresh@0.17.0 OK for: @vitejs/plugin-react@4.7.0 want: ^0.17.0
308 silly fetch manifest @babel/helper-plugin-utils@^7.27.1
309 silly packumentCache full:https://registry.npmjs.org/@babel%2fhelper-plugin-utils cache-miss
310 silly fetch manifest @babel/helper-plugin-utils@^7.27.1
311 silly packumentCache full:https://registry.npmjs.org/@babel%2fhelper-plugin-utils cache-miss
312 silly fetch manifest @types/babel__template@*
313 silly packumentCache full:https://registry.npmjs.org/@types%2fbabel__template cache-miss
314 silly fetch manifest @types/babel__traverse@*
315 silly packumentCache full:https://registry.npmjs.org/@types%2fbabel__traverse cache-miss
316 silly fetch manifest @types/babel__generator@*
317 silly packumentCache full:https://registry.npmjs.org/@types%2fbabel__generator cache-miss
318 http cache https://registry.npmjs.org/@types%2fbabel__traverse 5ms (cache hit)
319 silly packumentCache full:https://registry.npmjs.org/@types%2fbabel__traverse set size:107819 disposed:false
320 http cache https://registry.npmjs.org/@types%2fbabel__template 6ms (cache hit)
321 silly packumentCache full:https://registry.npmjs.org/@types%2fbabel__template set size:22631 disposed:false
322 http cache https://registry.npmjs.org/@babel%2fhelper-plugin-utils 6ms (cache hit)
323 silly packumentCache full:https://registry.npmjs.org/@babel%2fhelper-plugin-utils set size:163951 disposed:false
324 http cache https://registry.npmjs.org/@types%2fbabel__generator 7ms (cache hit)
325 silly packumentCache full:https://registry.npmjs.org/@types%2fbabel__generator set size:31587 disposed:false
326 http cache https://registry.npmjs.org/@babel%2fhelper-plugin-utils 7ms (cache hit)
327 silly packumentCache full:https://registry.npmjs.org/@babel%2fhelper-plugin-utils set size:163951 disposed:false
328 silly packumentCache full:https://registry.npmjs.org/@babel%2fhelper-plugin-utils dispose
329 silly placeDep ROOT @babel/helper-plugin-utils@7.28.6 OK for: @babel/plugin-transform-react-jsx-self@7.27.1 want: ^7.27.1
330 silly placeDep ROOT @types/babel__generator@7.27.0 OK for: @types/babel__core@7.20.5 want: *
331 silly placeDep ROOT @types/babel__template@7.4.4 OK for: @types/babel__core@7.20.5 want: *
332 silly placeDep ROOT @types/babel__traverse@7.28.0 OK for: @types/babel__core@7.20.5 want: *
333 silly placeDep ROOT cssstyle@4.6.0 OK for: jsdom@24.1.3 want: ^4.0.1
334 silly placeDep ROOT data-urls@5.0.0 OK for: jsdom@24.1.3 want: ^5.0.0
335 silly placeDep ROOT decimal.js@10.6.0 OK for: jsdom@24.1.3 want: ^10.4.3
336 silly placeDep ROOT form-data@4.0.5 OK for: jsdom@24.1.3 want: ^4.0.0
337 silly placeDep ROOT html-encoding-sniffer@4.0.0 OK for: jsdom@24.1.3 want: ^4.0.0
338 silly placeDep ROOT http-proxy-agent@7.0.2 OK for: jsdom@24.1.3 want: ^7.0.2
339 silly placeDep ROOT https-proxy-agent@7.0.6 OK for: jsdom@24.1.3 want: ^7.0.5
340 silly placeDep ROOT is-potential-custom-element-name@1.0.1 OK for: jsdom@24.1.3 want: ^1.0.1
341 silly placeDep ROOT nwsapi@2.2.23 OK for: jsdom@24.1.3 want: ^2.2.12
342 silly placeDep ROOT parse5@7.3.0 OK for: jsdom@24.1.3 want: ^7.1.2
343 silly placeDep ROOT rrweb-cssom@0.7.1 OK for: jsdom@24.1.3 want: ^0.7.1
344 silly placeDep ROOT saxes@6.0.0 OK for: jsdom@24.1.3 want: ^6.0.0
345 silly placeDep ROOT symbol-tree@3.2.4 OK for: jsdom@24.1.3 want: ^3.2.4
346 silly placeDep ROOT tough-cookie@4.1.4 OK for: jsdom@24.1.3 want: ^4.1.4
347 silly placeDep ROOT w3c-xmlserializer@5.0.0 OK for: jsdom@24.1.3 want: ^5.0.0
348 silly placeDep ROOT whatwg-encoding@3.1.1 OK for: jsdom@24.1.3 want: ^3.1.1
349 silly placeDep ROOT whatwg-mimetype@4.0.0 OK for: jsdom@24.1.3 want: ^4.0.0
350 silly placeDep ROOT xml-name-validator@5.0.0 OK for: jsdom@24.1.3 want: ^5.0.0
351 silly fetch manifest rrweb-cssom@^0.8.0
352 silly packumentCache full:https://registry.npmjs.org/rrweb-cssom cache-hit
353 silly fetch manifest @asamuzakjp/css-color@^3.2.0
354 silly packumentCache full:https://registry.npmjs.org/@asamuzakjp%2fcss-color cache-miss
355 silly fetch manifest asynckit@^0.4.0
356 silly packumentCache full:https://registry.npmjs.org/asynckit cache-miss
357 silly fetch manifest combined-stream@^1.0.8
358 silly packumentCache full:https://registry.npmjs.org/combined-stream cache-miss
359 silly fetch manifest mime-types@^2.1.12
360 silly packumentCache full:https://registry.npmjs.org/mime-types cache-miss
361 silly fetch manifest agent-base@^7.1.0
362 silly packumentCache full:https://registry.npmjs.org/agent-base cache-miss
363 silly fetch manifest agent-base@^7.1.2
364 silly packumentCache full:https://registry.npmjs.org/agent-base cache-miss
365 silly fetch manifest entities@^6.0.0
366 silly packumentCache full:https://registry.npmjs.org/entities cache-miss
367 http cache https://registry.npmjs.org/asynckit 6ms (cache hit)
368 silly packumentCache full:https://registry.npmjs.org/asynckit set size:18932 disposed:false
369 silly fetch manifest xmlchars@^2.2.0
370 silly packumentCache full:https://registry.npmjs.org/xmlchars cache-miss
371 http cache https://registry.npmjs.org/combined-stream 7ms (cache hit)
372 silly packumentCache full:https://registry.npmjs.org/combined-stream set size:40337 disposed:false
373 silly fetch manifest psl@^1.1.33
374 silly packumentCache full:https://registry.npmjs.org/psl cache-miss
375 http cache https://registry.npmjs.org/@asamuzakjp%2fcss-color 8ms (cache hit)
376 silly packumentCache full:https://registry.npmjs.org/@asamuzakjp%2fcss-color set size:197390 disposed:false
377 silly fetch manifest url-parse@^1.5.3
378 silly packumentCache full:https://registry.npmjs.org/url-parse cache-miss
379 http cache https://registry.npmjs.org/mime-types 11ms (cache hit)
380 silly packumentCache full:https://registry.npmjs.org/mime-types set size:139110 disposed:false
381 silly fetch manifest universalify@^0.2.0
382 silly packumentCache full:https://registry.npmjs.org/universalify cache-miss
383 http cache https://registry.npmjs.org/entities 14ms (cache hit)
384 silly packumentCache full:https://registry.npmjs.org/entities set size:101550 disposed:false
385 silly fetch manifest iconv-lite@0.6.3
386 silly packumentCache full:https://registry.npmjs.org/iconv-lite cache-miss
387 http cache https://registry.npmjs.org/agent-base 15ms (cache hit)
388 silly packumentCache full:https://registry.npmjs.org/agent-base set size:72085 disposed:false
389 http cache https://registry.npmjs.org/agent-base 17ms (cache hit)
390 silly packumentCache full:https://registry.npmjs.org/agent-base set size:72085 disposed:false
391 silly packumentCache full:https://registry.npmjs.org/agent-base dispose
392 http cache https://registry.npmjs.org/universalify 9ms (cache hit)
393 silly packumentCache full:https://registry.npmjs.org/universalify set size:19431 disposed:false
394 http cache https://registry.npmjs.org/psl 15ms (cache hit)
395 silly packumentCache full:https://registry.npmjs.org/psl set size:129526 disposed:false
396 http cache https://registry.npmjs.org/url-parse 14ms (cache hit)
397 silly packumentCache full:https://registry.npmjs.org/url-parse set size:131789 disposed:false
398 http cache https://registry.npmjs.org/xmlchars 18ms (cache hit)
399 silly packumentCache full:https://registry.npmjs.org/xmlchars set size:33578 disposed:false
400 http cache https://registry.npmjs.org/iconv-lite 11ms (cache hit)
401 silly packumentCache full:https://registry.npmjs.org/iconv-lite set size:120557 disposed:false
402 silly placeDep ROOT @asamuzakjp/css-color@3.2.0 OK for: cssstyle@4.6.0 want: ^3.2.0
403 silly placeDep node_modules/cssstyle rrweb-cssom@0.8.0 OK for: cssstyle@4.6.0 want: ^0.8.0
404 silly fetch manifest lru-cache@^10.4.3
405 silly packumentCache full:https://registry.npmjs.org/lru-cache cache-miss
406 silly fetch manifest @csstools/css-calc@^2.1.3
407 silly packumentCache full:https://registry.npmjs.org/@csstools%2fcss-calc cache-miss
408 silly fetch manifest @csstools/css-tokenizer@^3.0.3
409 silly packumentCache full:https://registry.npmjs.org/@csstools%2fcss-tokenizer cache-miss
410 silly fetch manifest @csstools/css-color-parser@^3.0.9
411 silly packumentCache full:https://registry.npmjs.org/@csstools%2fcss-color-parser cache-miss
412 silly fetch manifest @csstools/css-parser-algorithms@^3.0.4
413 silly packumentCache full:https://registry.npmjs.org/@csstools%2fcss-parser-algorithms cache-miss
414 http cache https://registry.npmjs.org/@csstools%2fcss-tokenizer 5ms (cache hit)
415 silly packumentCache full:https://registry.npmjs.org/@csstools%2fcss-tokenizer set size:61164 disposed:false
416 http cache https://registry.npmjs.org/@csstools%2fcss-color-parser 7ms (cache hit)
417 silly packumentCache full:https://registry.npmjs.org/@csstools%2fcss-color-parser set size:105459 disposed:false
418 http cache https://registry.npmjs.org/@csstools%2fcss-calc 8ms (cache hit)
419 silly packumentCache full:https://registry.npmjs.org/@csstools%2fcss-calc set size:74308 disposed:false
420 http cache https://registry.npmjs.org/lru-cache 10ms (cache hit)
421 silly packumentCache full:https://registry.npmjs.org/lru-cache set size:439357 disposed:false
422 http cache https://registry.npmjs.org/@csstools%2fcss-parser-algorithms 13ms (cache hit)
423 silly packumentCache full:https://registry.npmjs.org/@csstools%2fcss-parser-algorithms set size:66140 disposed:false
424 silly placeDep ROOT @csstools/css-calc@2.1.4 OK for: @asamuzakjp/css-color@3.2.0 want: ^2.1.3
425 silly placeDep ROOT @csstools/css-tokenizer@3.0.4 OK for: @csstools/css-calc@2.1.4 want: ^3.0.4
426 silly placeDep ROOT @csstools/css-parser-algorithms@3.0.5 OK for: @csstools/css-calc@2.1.4 want: ^3.0.5
427 silly placeDep ROOT @csstools/css-color-parser@3.1.0 OK for: @asamuzakjp/css-color@3.2.0 want: ^3.0.9
428 silly placeDep node_modules/@asamuzakjp/css-color lru-cache@10.4.3 OK for: @asamuzakjp/css-color@3.2.0 want: ^10.4.3
429 silly fetch manifest @csstools/color-helpers@^5.1.0
430 silly packumentCache full:https://registry.npmjs.org/@csstools%2fcolor-helpers cache-miss
431 http cache https://registry.npmjs.org/@csstools%2fcolor-helpers 2ms (cache hit)
432 silly packumentCache full:https://registry.npmjs.org/@csstools%2fcolor-helpers set size:42946 disposed:false
433 silly placeDep ROOT @csstools/color-helpers@5.1.0 OK for: @csstools/css-color-parser@3.1.0 want: ^5.1.0
434 silly placeDep ROOT asynckit@0.4.0 OK for: form-data@4.0.5 want: ^0.4.0
435 silly placeDep ROOT combined-stream@1.0.8 OK for: form-data@4.0.5 want: ^1.0.8
436 silly placeDep ROOT mime-types@2.1.35 OK for: form-data@4.0.5 want: ^2.1.12
437 silly fetch manifest delayed-stream@~1.0.0
438 silly packumentCache full:https://registry.npmjs.org/delayed-stream cache-miss
439 silly fetch manifest mime-db@1.52.0
440 silly packumentCache full:https://registry.npmjs.org/mime-db cache-miss
441 http cache https://registry.npmjs.org/delayed-stream 2ms (cache hit)
442 silly packumentCache full:https://registry.npmjs.org/delayed-stream set size:15820 disposed:false
443 http cache https://registry.npmjs.org/mime-db 3ms (cache hit)
444 silly packumentCache full:https://registry.npmjs.org/mime-db set size:164953 disposed:false
445 silly placeDep ROOT delayed-stream@1.0.0 OK for: combined-stream@1.0.8 want: ~1.0.0
446 silly placeDep ROOT agent-base@7.1.4 OK for: http-proxy-agent@7.0.2 want: ^7.1.0
447 silly placeDep ROOT mime-db@1.52.0 OK for: mime-types@2.1.35 want: 1.52.0
448 silly placeDep ROOT entities@6.0.1 OK for: parse5@7.3.0 want: ^6.0.0
449 silly placeDep ROOT xmlchars@2.2.0 OK for: saxes@6.0.0 want: ^2.2.0
450 silly placeDep ROOT psl@1.15.0 OK for: tough-cookie@4.1.4 want: ^1.1.33
451 silly placeDep ROOT universalify@0.2.0 OK for: tough-cookie@4.1.4 want: ^0.2.0
452 silly placeDep ROOT url-parse@1.5.10 OK for: tough-cookie@4.1.4 want: ^1.5.3
453 silly fetch manifest querystringify@^2.1.1
454 silly packumentCache full:https://registry.npmjs.org/querystringify cache-miss
455 silly fetch manifest requires-port@^1.0.0
456 silly packumentCache full:https://registry.npmjs.org/requires-port cache-miss
457 http cache https://registry.npmjs.org/requires-port 3ms (cache hit)
458 silly packumentCache full:https://registry.npmjs.org/requires-port set size:8110 disposed:false
459 http cache https://registry.npmjs.org/querystringify 3ms (cache hit)
460 silly packumentCache full:https://registry.npmjs.org/querystringify set size:25075 disposed:false
461 silly placeDep ROOT esbuild@0.27.7 OK for: tsx@4.21.0 want: ~0.27.0
462 silly placeDep ROOT fsevents@2.3.3 OK for: tsx@4.21.0 want: ~2.3.3
463 silly fetch manifest @esbuild/aix-ppc64@0.27.7
464 silly packumentCache full:https://registry.npmjs.org/@esbuild%2faix-ppc64 cache-miss
465 silly fetch manifest @esbuild/linux-arm@0.27.7
466 silly packumentCache full:https://registry.npmjs.org/@esbuild%2flinux-arm cache-miss
467 silly fetch manifest @esbuild/linux-x64@0.27.7
468 silly packumentCache full:https://registry.npmjs.org/@esbuild%2flinux-x64 cache-miss
469 silly fetch manifest @esbuild/sunos-x64@0.27.7
470 silly packumentCache full:https://registry.npmjs.org/@esbuild%2fsunos-x64 cache-miss
471 silly fetch manifest @esbuild/win32-x64@0.27.7
472 silly packumentCache full:https://registry.npmjs.org/@esbuild%2fwin32-x64 cache-miss
473 silly fetch manifest @esbuild/darwin-x64@0.27.7
474 silly packumentCache full:https://registry.npmjs.org/@esbuild%2fdarwin-x64 cache-miss
475 silly fetch manifest @esbuild/linux-ia32@0.27.7
476 silly packumentCache full:https://registry.npmjs.org/@esbuild%2flinux-ia32 cache-miss
477 http cache https://registry.npmjs.org/@esbuild%2faix-ppc64 8ms (cache hit)
478 silly packumentCache full:https://registry.npmjs.org/@esbuild%2faix-ppc64 set size:64314 disposed:false
479 silly fetch manifest @esbuild/netbsd-x64@0.27.7
480 silly packumentCache full:https://registry.npmjs.org/@esbuild%2fnetbsd-x64 cache-miss
481 http cache https://registry.npmjs.org/@esbuild%2fsunos-x64 9ms (cache hit)
482 silly packumentCache full:https://registry.npmjs.org/@esbuild%2fsunos-x64 set size:195721 disposed:false
483 silly fetch manifest @esbuild/win32-ia32@0.27.7
484 silly packumentCache full:https://registry.npmjs.org/@esbuild%2fwin32-ia32 cache-miss
485 http cache https://registry.npmjs.org/@esbuild%2flinux-arm 13ms (cache hit)
486 silly packumentCache full:https://registry.npmjs.org/@esbuild%2flinux-arm set size:195140 disposed:false
487 silly fetch manifest @esbuild/android-arm@0.27.7
488 silly packumentCache full:https://registry.npmjs.org/@esbuild%2fandroid-arm cache-miss
489 http cache https://registry.npmjs.org/@esbuild%2flinux-x64 15ms (cache hit)
490 silly packumentCache full:https://registry.npmjs.org/@esbuild%2flinux-x64 set size:195479 disposed:false
491 silly fetch manifest @esbuild/android-x64@0.27.7
492 silly packumentCache full:https://registry.npmjs.org/@esbuild%2fandroid-x64 cache-miss
493 http cache https://registry.npmjs.org/@esbuild%2fwin32-x64 16ms (cache hit)
494 silly packumentCache full:https://registry.npmjs.org/@esbuild%2fwin32-x64 set size:194073 disposed:false
495 silly fetch manifest @esbuild/freebsd-x64@0.27.7
496 silly packumentCache full:https://registry.npmjs.org/@esbuild%2ffreebsd-x64 cache-miss
497 http cache https://registry.npmjs.org/@esbuild%2flinux-ia32 16ms (cache hit)
498 silly packumentCache full:https://registry.npmjs.org/@esbuild%2flinux-ia32 set size:196150 disposed:false
499 silly fetch manifest @esbuild/linux-arm64@0.27.7
500 silly packumentCache full:https://registry.npmjs.org/@esbuild%2flinux-arm64 cache-miss
501 http cache https://registry.npmjs.org/@esbuild%2fdarwin-x64 21ms (cache hit)
502 silly packumentCache full:https://registry.npmjs.org/@esbuild%2fdarwin-x64 set size:196195 disposed:false
503 silly fetch manifest @esbuild/linux-ppc64@0.27.7
504 silly packumentCache full:https://registry.npmjs.org/@esbuild%2flinux-ppc64 cache-miss
505 http cache https://registry.npmjs.org/@esbuild%2fwin32-ia32 16ms (cache hit)
506 silly packumentCache full:https://registry.npmjs.org/@esbuild%2fwin32-ia32 set size:196374 disposed:false
507 silly fetch manifest @esbuild/linux-s390x@0.27.7
508 silly packumentCache full:https://registry.npmjs.org/@esbuild%2flinux-s390x cache-miss
509 http cache https://registry.npmjs.org/@esbuild%2fandroid-arm 17ms (cache hit)
510 silly packumentCache full:https://registry.npmjs.org/@esbuild%2fandroid-arm set size:221749 disposed:false
511 silly fetch manifest @esbuild/openbsd-x64@0.27.7
512 silly packumentCache full:https://registry.npmjs.org/@esbuild%2fopenbsd-x64 cache-miss
513 http cache https://registry.npmjs.org/@esbuild%2flinux-arm64 18ms (cache hit)
514 silly packumentCache full:https://registry.npmjs.org/@esbuild%2flinux-arm64 set size:197274 disposed:false
515 silly fetch manifest @esbuild/win32-arm64@0.27.7
516 silly packumentCache full:https://registry.npmjs.org/@esbuild%2fwin32-arm64 cache-miss
517 http cache https://registry.npmjs.org/@esbuild%2fandroid-x64 24ms (cache hit)
518 silly packumentCache full:https://registry.npmjs.org/@esbuild%2fandroid-x64 set size:195551 disposed:false
519 silly fetch manifest @esbuild/darwin-arm64@0.27.7
520 silly packumentCache full:https://registry.npmjs.org/@esbuild%2fdarwin-arm64 cache-miss
521 http cache https://registry.npmjs.org/@esbuild%2fnetbsd-x64 35ms (cache hit)
522 silly packumentCache full:https://registry.npmjs.org/@esbuild%2fnetbsd-x64 set size:193883 disposed:false
523 silly fetch manifest @esbuild/netbsd-arm64@0.27.7
524 silly packumentCache full:https://registry.npmjs.org/@esbuild%2fnetbsd-arm64 cache-miss
525 http cache https://registry.npmjs.org/@esbuild%2ffreebsd-x64 30ms (cache hit)
526 silly packumentCache full:https://registry.npmjs.org/@esbuild%2ffreebsd-x64 set size:197070 disposed:false
527 silly fetch manifest @esbuild/android-arm64@0.27.7
528 silly packumentCache full:https://registry.npmjs.org/@esbuild%2fandroid-arm64 cache-miss
529 http cache https://registry.npmjs.org/@esbuild%2flinux-ppc64 28ms (cache hit)
530 silly packumentCache full:https://registry.npmjs.org/@esbuild%2flinux-ppc64 set size:199310 disposed:false
531 silly fetch manifest @esbuild/freebsd-arm64@0.27.7
532 silly packumentCache full:https://registry.npmjs.org/@esbuild%2ffreebsd-arm64 cache-miss
533 http cache https://registry.npmjs.org/@esbuild%2flinux-s390x 32ms (cache hit)
534 silly packumentCache full:https://registry.npmjs.org/@esbuild%2flinux-s390x set size:198784 disposed:false
535 silly fetch manifest @esbuild/linux-loong64@0.27.7
536 silly packumentCache full:https://registry.npmjs.org/@esbuild%2flinux-loong64 cache-miss
537 http cache https://registry.npmjs.org/@esbuild%2fnetbsd-arm64 20ms (cache hit)
538 silly packumentCache full:https://registry.npmjs.org/@esbuild%2fnetbsd-arm64 set size:40794 disposed:false
539 silly fetch manifest @esbuild/linux-riscv64@0.27.7
540 silly packumentCache full:https://registry.npmjs.org/@esbuild%2flinux-riscv64 cache-miss
541 http cache https://registry.npmjs.org/@esbuild%2fdarwin-arm64 25ms (cache hit)
542 silly packumentCache full:https://registry.npmjs.org/@esbuild%2fdarwin-arm64 set size:197958 disposed:false
543 silly fetch manifest @esbuild/openbsd-arm64@0.27.7
544 silly packumentCache full:https://registry.npmjs.org/@esbuild%2fopenbsd-arm64 cache-miss
545 http cache https://registry.npmjs.org/@esbuild%2fopenbsd-x64 33ms (cache hit)
546 silly packumentCache full:https://registry.npmjs.org/@esbuild%2fopenbsd-x64 set size:197080 disposed:false
547 silly fetch manifest @esbuild/linux-mips64el@0.27.7
548 silly packumentCache full:https://registry.npmjs.org/@esbuild%2flinux-mips64el cache-miss
549 http cache https://registry.npmjs.org/@esbuild%2fwin32-arm64 31ms (cache hit)
550 silly packumentCache full:https://registry.npmjs.org/@esbuild%2fwin32-arm64 set size:197504 disposed:false
551 silly fetch manifest @esbuild/openharmony-arm64@0.27.7
552 silly packumentCache full:https://registry.npmjs.org/@esbuild%2fopenharmony-arm64 cache-miss
553 http cache https://registry.npmjs.org/@esbuild%2fandroid-arm64 25ms (cache hit)
554 silly packumentCache full:https://registry.npmjs.org/@esbuild%2fandroid-arm64 set size:200684 disposed:false
555 http cache https://registry.npmjs.org/@esbuild%2ffreebsd-arm64 24ms (cache hit)
556 silly packumentCache full:https://registry.npmjs.org/@esbuild%2ffreebsd-arm64 set size:198853 disposed:false
557 http cache https://registry.npmjs.org/@esbuild%2flinux-loong64 15ms (cache hit)
558 silly packumentCache full:https://registry.npmjs.org/@esbuild%2flinux-loong64 set size:252211 disposed:false
559 http cache https://registry.npmjs.org/@esbuild%2fopenbsd-arm64 13ms (cache hit)
560 silly packumentCache full:https://registry.npmjs.org/@esbuild%2fopenbsd-arm64 set size:46111 disposed:false
561 http cache https://registry.npmjs.org/@esbuild%2flinux-mips64el 13ms (cache hit)
562 silly packumentCache full:https://registry.npmjs.org/@esbuild%2flinux-mips64el set size:201062 disposed:false
563 http cache https://registry.npmjs.org/@esbuild%2flinux-riscv64 15ms (cache hit)
564 silly packumentCache full:https://registry.npmjs.org/@esbuild%2flinux-riscv64 set size:198981 disposed:false
565 http cache https://registry.npmjs.org/@esbuild%2fopenharmony-arm64 12ms (cache hit)
566 silly packumentCache full:https://registry.npmjs.org/@esbuild%2fopenharmony-arm64 set size:29494 disposed:false
567 silly placeDep ROOT @esbuild/aix-ppc64@0.27.7 OK for: esbuild@0.27.7 want: 0.27.7
568 silly placeDep ROOT @esbuild/android-arm@0.27.7 OK for: esbuild@0.27.7 want: 0.27.7
569 silly placeDep ROOT @esbuild/android-arm64@0.27.7 OK for: esbuild@0.27.7 want: 0.27.7
570 silly placeDep ROOT @esbuild/android-x64@0.27.7 OK for: esbuild@0.27.7 want: 0.27.7
571 silly placeDep ROOT @esbuild/darwin-arm64@0.27.7 OK for: esbuild@0.27.7 want: 0.27.7
572 silly placeDep ROOT @esbuild/darwin-x64@0.27.7 OK for: esbuild@0.27.7 want: 0.27.7
573 silly placeDep ROOT @esbuild/freebsd-arm64@0.27.7 OK for: esbuild@0.27.7 want: 0.27.7
574 silly placeDep ROOT @esbuild/freebsd-x64@0.27.7 OK for: esbuild@0.27.7 want: 0.27.7
575 silly placeDep ROOT @esbuild/linux-arm@0.27.7 OK for: esbuild@0.27.7 want: 0.27.7
576 silly placeDep ROOT @esbuild/linux-arm64@0.27.7 OK for: esbuild@0.27.7 want: 0.27.7
577 silly placeDep ROOT @esbuild/linux-ia32@0.27.7 OK for: esbuild@0.27.7 want: 0.27.7
578 silly placeDep ROOT @esbuild/linux-loong64@0.27.7 OK for: esbuild@0.27.7 want: 0.27.7
579 silly placeDep ROOT @esbuild/linux-mips64el@0.27.7 OK for: esbuild@0.27.7 want: 0.27.7
580 silly placeDep ROOT @esbuild/linux-ppc64@0.27.7 OK for: esbuild@0.27.7 want: 0.27.7
581 silly placeDep ROOT @esbuild/linux-riscv64@0.27.7 OK for: esbuild@0.27.7 want: 0.27.7
582 silly placeDep ROOT @esbuild/linux-s390x@0.27.7 OK for: esbuild@0.27.7 want: 0.27.7
583 silly placeDep ROOT @esbuild/linux-x64@0.27.7 OK for: esbuild@0.27.7 want: 0.27.7
584 silly placeDep ROOT @esbuild/netbsd-arm64@0.27.7 OK for: esbuild@0.27.7 want: 0.27.7
585 silly placeDep ROOT @esbuild/netbsd-x64@0.27.7 OK for: esbuild@0.27.7 want: 0.27.7
586 silly placeDep ROOT @esbuild/openbsd-arm64@0.27.7 OK for: esbuild@0.27.7 want: 0.27.7
587 silly placeDep ROOT @esbuild/openbsd-x64@0.27.7 OK for: esbuild@0.27.7 want: 0.27.7
588 silly placeDep ROOT @esbuild/openharmony-arm64@0.27.7 OK for: esbuild@0.27.7 want: 0.27.7
589 silly placeDep ROOT @esbuild/sunos-x64@0.27.7 OK for: esbuild@0.27.7 want: 0.27.7
590 silly placeDep ROOT @esbuild/win32-arm64@0.27.7 OK for: esbuild@0.27.7 want: 0.27.7
591 silly placeDep ROOT @esbuild/win32-ia32@0.27.7 OK for: esbuild@0.27.7 want: 0.27.7
592 silly placeDep ROOT @esbuild/win32-x64@0.27.7 OK for: esbuild@0.27.7 want: 0.27.7
593 silly placeDep ROOT querystringify@2.2.0 OK for: url-parse@1.5.10 want: ^2.1.1
594 silly placeDep ROOT requires-port@1.0.0 OK for: url-parse@1.5.10 want: ^1.0.0
595 silly placeDep node_modules/vite fdir@6.5.0 OK for: vite@7.3.2 want: ^6.5.0
596 silly placeDep node_modules/vite picomatch@4.0.4 OK for: fdir@6.5.0 want: ^3 || ^4
597 silly placeDep ROOT rollup@4.60.2 OK for: vite@7.3.2 want: ^4.43.0
598 silly fetch manifest @rollup/rollup-darwin-arm64@4.60.2
599 silly packumentCache full:https://registry.npmjs.org/@rollup%2frollup-darwin-arm64 cache-miss
600 silly fetch manifest @rollup/rollup-android-arm64@4.60.2
601 silly packumentCache full:https://registry.npmjs.org/@rollup%2frollup-android-arm64 cache-miss
602 silly fetch manifest @rollup/rollup-win32-arm64-msvc@4.60.2
603 silly packumentCache full:https://registry.npmjs.org/@rollup%2frollup-win32-arm64-msvc cache-miss
604 silly fetch manifest @rollup/rollup-freebsd-arm64@4.60.2
605 silly packumentCache full:https://registry.npmjs.org/@rollup%2frollup-freebsd-arm64 cache-miss
606 silly fetch manifest @rollup/rollup-linux-arm64-gnu@4.60.2
607 silly packumentCache full:https://registry.npmjs.org/@rollup%2frollup-linux-arm64-gnu cache-miss
608 silly fetch manifest @rollup/rollup-linux-arm64-musl@4.60.2
609 silly packumentCache full:https://registry.npmjs.org/@rollup%2frollup-linux-arm64-musl cache-miss
610 silly fetch manifest @rollup/rollup-android-arm-eabi@4.60.2
611 silly packumentCache full:https://registry.npmjs.org/@rollup%2frollup-android-arm-eabi cache-miss
612 http cache https://registry.npmjs.org/@rollup%2frollup-freebsd-arm64 15ms (cache hit)
613 silly packumentCache full:https://registry.npmjs.org/@rollup%2frollup-freebsd-arm64 set size:183704 disposed:false
614 silly fetch manifest @rollup/rollup-linux-arm-gnueabihf@4.60.2
615 silly packumentCache full:https://registry.npmjs.org/@rollup%2frollup-linux-arm-gnueabihf cache-miss
616 http cache https://registry.npmjs.org/@rollup%2frollup-android-arm64 18ms (cache hit)
617 silly packumentCache full:https://registry.npmjs.org/@rollup%2frollup-android-arm64 set size:335499 disposed:false
618 silly fetch manifest @rollup/rollup-linux-arm-musleabihf@4.60.2
619 silly packumentCache full:https://registry.npmjs.org/@rollup%2frollup-linux-arm-musleabihf cache-miss
620 http cache https://registry.npmjs.org/@rollup%2frollup-win32-arm64-msvc 20ms (cache hit)
621 silly packumentCache full:https://registry.npmjs.org/@rollup%2frollup-win32-arm64-msvc set size:338858 disposed:false
622 silly fetch manifest @rollup/rollup-win32-ia32-msvc@4.60.2
623 silly packumentCache full:https://registry.npmjs.org/@rollup%2frollup-win32-ia32-msvc cache-miss
624 http cache https://registry.npmjs.org/@rollup%2frollup-darwin-arm64 23ms (cache hit)
625 silly packumentCache full:https://registry.npmjs.org/@rollup%2frollup-darwin-arm64 set size:334013 disposed:false
626 silly fetch manifest @rollup/rollup-linux-loong64-gnu@4.60.2
627 silly packumentCache full:https://registry.npmjs.org/@rollup%2frollup-linux-loong64-gnu cache-miss
628 http cache https://registry.npmjs.org/@rollup%2frollup-linux-arm64-musl 26ms (cache hit)
629 silly packumentCache full:https://registry.npmjs.org/@rollup%2frollup-linux-arm64-musl set size:296459 disposed:false
630 silly fetch manifest @rollup/rollup-linux-loong64-musl@4.60.2
631 silly packumentCache full:https://registry.npmjs.org/@rollup%2frollup-linux-loong64-musl cache-miss
632 http cache https://registry.npmjs.org/@rollup%2frollup-android-arm-eabi 27ms (cache hit)
633 silly packumentCache full:https://registry.npmjs.org/@rollup%2frollup-android-arm-eabi set size:338865 disposed:false
634 silly fetch manifest @rollup/rollup-linux-riscv64-gnu@4.60.2
635 silly packumentCache full:https://registry.npmjs.org/@rollup%2frollup-linux-riscv64-gnu cache-miss
636 http cache https://registry.npmjs.org/@rollup%2frollup-linux-arm64-gnu 29ms (cache hit)
637 silly packumentCache full:https://registry.npmjs.org/@rollup%2frollup-linux-arm64-gnu set size:341084 disposed:false
638 silly fetch manifest @rollup/rollup-linux-riscv64-musl@4.60.2
639 silly packumentCache full:https://registry.npmjs.org/@rollup%2frollup-linux-riscv64-musl cache-miss
640 http cache https://registry.npmjs.org/@rollup%2frollup-linux-arm-gnueabihf 19ms (cache hit)
641 silly packumentCache full:https://registry.npmjs.org/@rollup%2frollup-linux-arm-gnueabihf set size:344529 disposed:false
642 silly fetch manifest @rollup/rollup-linux-ppc64-gnu@4.60.2
643 silly packumentCache full:https://registry.npmjs.org/@rollup%2frollup-linux-ppc64-gnu cache-miss
644 http cache https://registry.npmjs.org/@rollup%2frollup-linux-loong64-gnu 14ms (cache hit)
645 silly packumentCache full:https://registry.npmjs.org/@rollup%2frollup-linux-loong64-gnu set size:65514 disposed:false
646 silly fetch manifest @rollup/rollup-linux-ppc64-musl@4.60.2
647 silly packumentCache full:https://registry.npmjs.org/@rollup%2frollup-linux-ppc64-musl cache-miss
648 http cache https://registry.npmjs.org/@rollup%2frollup-linux-arm-musleabihf 21ms (cache hit)
649 silly packumentCache full:https://registry.npmjs.org/@rollup%2frollup-linux-arm-musleabihf set size:238694 disposed:false
650 silly fetch manifest @rollup/rollup-linux-s390x-gnu@4.60.2
651 silly packumentCache full:https://registry.npmjs.org/@rollup%2frollup-linux-s390x-gnu cache-miss
652 http cache https://registry.npmjs.org/@rollup%2frollup-linux-loong64-musl 14ms (cache hit)
653 silly packumentCache full:https://registry.npmjs.org/@rollup%2frollup-linux-loong64-musl set size:27506 disposed:false
654 silly fetch manifest @rollup/rollup-darwin-x64@4.60.2
655 silly packumentCache full:https://registry.npmjs.org/@rollup%2frollup-darwin-x64 cache-miss
656 http cache https://registry.npmjs.org/@rollup%2frollup-win32-ia32-msvc 21ms (cache hit)
657 silly packumentCache full:https://registry.npmjs.org/@rollup%2frollup-win32-ia32-msvc set size:337389 disposed:false
658 silly fetch manifest @rollup/rollup-win32-x64-gnu@4.60.2
659 silly packumentCache full:https://registry.npmjs.org/@rollup%2frollup-win32-x64-gnu cache-miss
660 http cache https://registry.npmjs.org/@rollup%2frollup-linux-riscv64-musl 13ms (cache hit)
661 silly packumentCache full:https://registry.npmjs.org/@rollup%2frollup-linux-riscv64-musl set size:113171 disposed:false
662 silly fetch manifest @rollup/rollup-win32-x64-msvc@4.60.2
663 silly packumentCache full:https://registry.npmjs.org/@rollup%2frollup-win32-x64-msvc cache-miss
664 http cache https://registry.npmjs.org/@rollup%2frollup-linux-riscv64-gnu 16ms (cache hit)
665 silly packumentCache full:https://registry.npmjs.org/@rollup%2frollup-linux-riscv64-gnu set size:267201 disposed:false
666 silly fetch manifest @rollup/rollup-freebsd-x64@4.60.2
667 silly packumentCache full:https://registry.npmjs.org/@rollup%2frollup-freebsd-x64 cache-miss
668 http cache https://registry.npmjs.org/@rollup%2frollup-linux-ppc64-gnu 12ms (cache hit)
669 silly packumentCache full:https://registry.npmjs.org/@rollup%2frollup-linux-ppc64-gnu set size:85764 disposed:false
670 silly fetch manifest @rollup/rollup-linux-x64-gnu@4.60.2
671 silly packumentCache full:https://registry.npmjs.org/@rollup%2frollup-linux-x64-gnu cache-miss
672 http cache https://registry.npmjs.org/@rollup%2frollup-linux-s390x-gnu 8ms (cache hit)
673 silly packumentCache full:https://registry.npmjs.org/@rollup%2frollup-linux-s390x-gnu set size:240933 disposed:false
674 silly fetch manifest @rollup/rollup-linux-x64-musl@4.60.2
675 silly packumentCache full:https://registry.npmjs.org/@rollup%2frollup-linux-x64-musl cache-miss
676 http cache https://registry.npmjs.org/@rollup%2frollup-darwin-x64 8ms (cache hit)
677 silly packumentCache full:https://registry.npmjs.org/@rollup%2frollup-darwin-x64 set size:329247 disposed:false
678 silly fetch manifest @rollup/rollup-openbsd-x64@4.60.2
679 silly packumentCache full:https://registry.npmjs.org/@rollup%2frollup-openbsd-x64 cache-miss
680 http cache https://registry.npmjs.org/@rollup%2frollup-linux-ppc64-musl 14ms (cache hit)
681 silly packumentCache full:https://registry.npmjs.org/@rollup%2frollup-linux-ppc64-musl set size:27278 disposed:false
682 silly fetch manifest @rollup/rollup-openharmony-arm64@4.60.2
683 silly packumentCache full:https://registry.npmjs.org/@rollup%2frollup-openharmony-arm64 cache-miss
684 http cache https://registry.npmjs.org/@rollup%2frollup-win32-x64-gnu 9ms (cache hit)
685 silly packumentCache full:https://registry.npmjs.org/@rollup%2frollup-win32-x64-gnu set size:57152 disposed:false
686 http cache https://registry.npmjs.org/@rollup%2frollup-freebsd-x64 8ms (cache hit)
687 silly packumentCache full:https://registry.npmjs.org/@rollup%2frollup-freebsd-x64 set size:181830 disposed:false
688 http cache https://registry.npmjs.org/@rollup%2frollup-win32-x64-msvc 11ms (cache hit)
689 silly packumentCache full:https://registry.npmjs.org/@rollup%2frollup-win32-x64-msvc set size:334053 disposed:false
690 http cache https://registry.npmjs.org/@rollup%2frollup-openharmony-arm64 8ms (cache hit)
691 silly packumentCache full:https://registry.npmjs.org/@rollup%2frollup-openharmony-arm64 set size:66417 disposed:false
692 http cache https://registry.npmjs.org/@rollup%2frollup-openbsd-x64 9ms (cache hit)
693 silly packumentCache full:https://registry.npmjs.org/@rollup%2frollup-openbsd-x64 set size:26573 disposed:false
694 http cache https://registry.npmjs.org/@rollup%2frollup-linux-x64-musl 11ms (cache hit)
695 silly packumentCache full:https://registry.npmjs.org/@rollup%2frollup-linux-x64-musl set size:335593 disposed:false
696 http cache https://registry.npmjs.org/@rollup%2frollup-linux-x64-gnu 13ms (cache hit)
697 silly packumentCache full:https://registry.npmjs.org/@rollup%2frollup-linux-x64-gnu set size:336253 disposed:false
698 silly placeDep ROOT @rollup/rollup-android-arm-eabi@4.60.2 OK for: rollup@4.60.2 want: 4.60.2
699 silly placeDep ROOT @rollup/rollup-android-arm64@4.60.2 OK for: rollup@4.60.2 want: 4.60.2
700 silly placeDep ROOT @rollup/rollup-darwin-arm64@4.60.2 OK for: rollup@4.60.2 want: 4.60.2
701 silly placeDep ROOT @rollup/rollup-darwin-x64@4.60.2 OK for: rollup@4.60.2 want: 4.60.2
702 silly placeDep ROOT @rollup/rollup-freebsd-arm64@4.60.2 OK for: rollup@4.60.2 want: 4.60.2
703 silly placeDep ROOT @rollup/rollup-freebsd-x64@4.60.2 OK for: rollup@4.60.2 want: 4.60.2
704 silly placeDep ROOT @rollup/rollup-linux-arm-gnueabihf@4.60.2 OK for: rollup@4.60.2 want: 4.60.2
705 silly placeDep ROOT @rollup/rollup-linux-arm-musleabihf@4.60.2 OK for: rollup@4.60.2 want: 4.60.2
706 silly placeDep ROOT @rollup/rollup-linux-arm64-gnu@4.60.2 OK for: rollup@4.60.2 want: 4.60.2
707 silly placeDep ROOT @rollup/rollup-linux-arm64-musl@4.60.2 OK for: rollup@4.60.2 want: 4.60.2
708 silly placeDep ROOT @rollup/rollup-linux-loong64-gnu@4.60.2 OK for: rollup@4.60.2 want: 4.60.2
709 silly placeDep ROOT @rollup/rollup-linux-loong64-musl@4.60.2 OK for: rollup@4.60.2 want: 4.60.2
710 silly placeDep ROOT @rollup/rollup-linux-ppc64-gnu@4.60.2 OK for: rollup@4.60.2 want: 4.60.2
711 silly placeDep ROOT @rollup/rollup-linux-ppc64-musl@4.60.2 OK for: rollup@4.60.2 want: 4.60.2
712 silly placeDep ROOT @rollup/rollup-linux-riscv64-gnu@4.60.2 OK for: rollup@4.60.2 want: 4.60.2
713 silly placeDep ROOT @rollup/rollup-linux-riscv64-musl@4.60.2 OK for: rollup@4.60.2 want: 4.60.2
714 silly placeDep ROOT @rollup/rollup-linux-s390x-gnu@4.60.2 OK for: rollup@4.60.2 want: 4.60.2
715 silly placeDep ROOT @rollup/rollup-linux-x64-gnu@4.60.2 OK for: rollup@4.60.2 want: 4.60.2
716 silly placeDep ROOT @rollup/rollup-linux-x64-musl@4.60.2 OK for: rollup@4.60.2 want: 4.60.2
717 silly placeDep ROOT @rollup/rollup-openbsd-x64@4.60.2 OK for: rollup@4.60.2 want: 4.60.2
718 silly placeDep ROOT @rollup/rollup-openharmony-arm64@4.60.2 OK for: rollup@4.60.2 want: 4.60.2
719 silly placeDep ROOT @rollup/rollup-win32-arm64-msvc@4.60.2 OK for: rollup@4.60.2 want: 4.60.2
720 silly placeDep ROOT @rollup/rollup-win32-ia32-msvc@4.60.2 OK for: rollup@4.60.2 want: 4.60.2
721 silly placeDep ROOT @rollup/rollup-win32-x64-gnu@4.60.2 OK for: rollup@4.60.2 want: 4.60.2
722 silly placeDep ROOT @rollup/rollup-win32-x64-msvc@4.60.2 OK for: rollup@4.60.2 want: 4.60.2
723 silly fetch manifest @types/node@^18.0.0 || >=20.0.0
724 silly packumentCache full:https://registry.npmjs.org/@types%2fnode cache-miss
725 http cache https://registry.npmjs.org/@types%2fnode 10ms (cache hit)
726 silly packumentCache full:https://registry.npmjs.org/@types%2fnode set size:10972342 disposed:false
727 silly fetch manifest less@*
728 silly packumentCache full:https://registry.npmjs.org/less cache-hit
729 silly fetch manifest sass@*
730 silly packumentCache full:https://registry.npmjs.org/sass cache-hit
731 silly fetch manifest sass-embedded@*
732 silly packumentCache full:https://registry.npmjs.org/sass-embedded cache-hit
733 silly fetch manifest stylus@*
734 silly packumentCache full:https://registry.npmjs.org/stylus cache-hit
735 silly fetch manifest sugarss@*
736 silly packumentCache full:https://registry.npmjs.org/sugarss cache-hit
737 silly fetch manifest terser@^5.4.0
738 silly packumentCache full:https://registry.npmjs.org/terser cache-hit
739 silly placeDep ROOT @vitest/expect@1.6.1 OK for: vitest@1.6.1 want: 1.6.1
740 silly placeDep ROOT @vitest/runner@1.6.1 OK for: vitest@1.6.1 want: 1.6.1
741 silly placeDep ROOT @vitest/snapshot@1.6.1 OK for: vitest@1.6.1 want: 1.6.1
742 silly placeDep ROOT @vitest/spy@1.6.1 OK for: vitest@1.6.1 want: 1.6.1
743 silly placeDep ROOT @vitest/utils@1.6.1 OK for: vitest@1.6.1 want: 1.6.1
744 silly placeDep ROOT acorn-walk@8.3.5 OK for: vitest@1.6.1 want: ^8.3.2
745 silly placeDep ROOT chai@4.5.0 OK for: vitest@1.6.1 want: ^4.3.10
746 silly placeDep ROOT execa@8.0.1 OK for: vitest@1.6.1 want: ^8.0.1
747 silly placeDep ROOT local-pkg@0.5.1 OK for: vitest@1.6.1 want: ^0.5.0
748 silly placeDep ROOT pathe@1.1.2 OK for: vitest@1.6.1 want: ^1.1.1
749 silly placeDep ROOT std-env@3.10.0 OK for: vitest@1.6.1 want: ^3.5.0
750 silly placeDep ROOT strip-literal@2.1.1 OK for: vitest@1.6.1 want: ^2.0.0
751 silly placeDep ROOT tinybench@2.9.0 OK for: vitest@1.6.1 want: ^2.5.1
752 silly placeDep ROOT tinypool@0.8.4 OK for: vitest@1.6.1 want: ^0.8.3
753 silly placeDep node_modules/vitest vite@5.4.21 OK for: vitest@1.6.1 want: ^5.0.0
754 silly placeDep ROOT vite-node@1.6.1 OK for: vitest@1.6.1 want: 1.6.1
755 silly placeDep ROOT why-is-node-running@2.3.0 OK for: vitest@1.6.1 want: ^2.2.2
756 silly fetch manifest p-limit@^5.0.0
757 silly packumentCache full:https://registry.npmjs.org/p-limit cache-miss
758 silly fetch manifest pretty-format@^29.7.0
759 silly packumentCache full:https://registry.npmjs.org/pretty-format cache-miss
760 silly fetch manifest tinyspy@^2.2.0
761 silly packumentCache full:https://registry.npmjs.org/tinyspy cache-miss
762 silly fetch manifest loupe@^2.3.7
763 silly packumentCache full:https://registry.npmjs.org/loupe cache-miss
764 silly fetch manifest estree-walker@^3.0.3
765 silly packumentCache full:https://registry.npmjs.org/estree-walker cache-miss
766 silly fetch manifest pretty-format@^29.7.0
767 silly packumentCache full:https://registry.npmjs.org/pretty-format cache-miss
768 silly fetch manifest diff-sequences@^29.6.3
769 silly packumentCache full:https://registry.npmjs.org/diff-sequences cache-miss
770 http cache https://registry.npmjs.org/pretty-format 26ms (cache hit)
771 silly packumentCache full:https://registry.npmjs.org/pretty-format set size:593858 disposed:false
772 silly fetch manifest loupe@^2.3.6
773 silly packumentCache full:https://registry.npmjs.org/loupe cache-miss
774 http cache https://registry.npmjs.org/tinyspy 28ms (cache hit)
775 silly packumentCache full:https://registry.npmjs.org/tinyspy set size:129138 disposed:false
776 silly fetch manifest pathval@^1.1.1
777 silly packumentCache full:https://registry.npmjs.org/pathval cache-miss
778 http cache https://registry.npmjs.org/estree-walker 29ms (cache hit)
779 silly packumentCache full:https://registry.npmjs.org/estree-walker set size:60887 disposed:false
780 silly fetch manifest deep-eql@^4.1.3
781 silly packumentCache full:https://registry.npmjs.org/deep-eql cache-miss
782 http cache https://registry.npmjs.org/pretty-format 30ms (cache hit)
783 silly packumentCache full:https://registry.npmjs.org/pretty-format set size:593858 disposed:false
784 silly packumentCache full:https://registry.npmjs.org/pretty-format dispose
785 silly fetch manifest check-error@^1.0.3
786 silly packumentCache full:https://registry.npmjs.org/check-error cache-miss
787 http cache https://registry.npmjs.org/p-limit 34ms (cache hit)
788 silly packumentCache full:https://registry.npmjs.org/p-limit set size:61867 disposed:false
789 silly fetch manifest type-detect@^4.1.0
790 silly packumentCache full:https://registry.npmjs.org/type-detect cache-miss
791 http cache https://registry.npmjs.org/diff-sequences 33ms (cache hit)
792 silly packumentCache full:https://registry.npmjs.org/diff-sequences set size:180764 disposed:false
793 silly fetch manifest get-func-name@^2.0.2
794 silly packumentCache full:https://registry.npmjs.org/get-func-name cache-miss
795 http cache https://registry.npmjs.org/loupe 35ms (cache hit)
796 silly packumentCache full:https://registry.npmjs.org/loupe set size:150836 disposed:false
797 silly fetch manifest assertion-error@^1.1.0
798 silly packumentCache full:https://registry.npmjs.org/assertion-error cache-miss
799 http cache https://registry.npmjs.org/loupe 10ms (cache hit)
800 silly packumentCache full:https://registry.npmjs.org/loupe set size:150836 disposed:false
801 silly packumentCache full:https://registry.npmjs.org/loupe dispose
802 silly fetch manifest onetime@^6.0.0
803 silly packumentCache full:https://registry.npmjs.org/onetime cache-miss
804 http cache https://registry.npmjs.org/pathval 9ms (cache hit)
805 silly packumentCache full:https://registry.npmjs.org/pathval set size:28664 disposed:false
806 silly fetch manifest is-stream@^3.0.0
807 silly packumentCache full:https://registry.npmjs.org/is-stream cache-miss
808 http cache https://registry.npmjs.org/deep-eql 9ms (cache hit)
809 silly packumentCache full:https://registry.npmjs.org/deep-eql set size:73324 disposed:false
810 silly fetch manifest get-stream@^8.0.1
811 silly packumentCache full:https://registry.npmjs.org/get-stream cache-miss
812 http cache https://registry.npmjs.org/get-func-name 6ms (cache hit)
813 silly packumentCache full:https://registry.npmjs.org/get-func-name set size:19907 disposed:false
814 silly fetch manifest signal-exit@^4.1.0
815 silly packumentCache full:https://registry.npmjs.org/signal-exit cache-miss
816 http cache https://registry.npmjs.org/type-detect 7ms (cache hit)
817 silly packumentCache full:https://registry.npmjs.org/type-detect set size:58804 disposed:false
818 silly fetch manifest merge-stream@^2.0.0
819 silly packumentCache full:https://registry.npmjs.org/merge-stream cache-miss
820 http cache https://registry.npmjs.org/check-error 9ms (cache hit)
821 silly packumentCache full:https://registry.npmjs.org/check-error set size:28618 disposed:false
822 silly fetch manifest npm-run-path@^5.1.0
823 silly packumentCache full:https://registry.npmjs.org/npm-run-path cache-miss
824 http cache https://registry.npmjs.org/assertion-error 6ms (cache hit)
825 silly packumentCache full:https://registry.npmjs.org/assertion-error set size:14438 disposed:false
826 silly fetch manifest human-signals@^5.0.0
827 silly packumentCache full:https://registry.npmjs.org/human-signals cache-miss
828 http cache https://registry.npmjs.org/onetime 6ms (cache hit)
829 silly packumentCache full:https://registry.npmjs.org/onetime set size:32314 disposed:false
830 silly fetch manifest strip-final-newline@^3.0.0
831 silly packumentCache full:https://registry.npmjs.org/strip-final-newline cache-miss
832 http cache https://registry.npmjs.org/is-stream 6ms (cache hit)
833 silly packumentCache full:https://registry.npmjs.org/is-stream set size:18582 disposed:false
834 silly fetch manifest mlly@^1.7.3
835 silly packumentCache full:https://registry.npmjs.org/mlly cache-miss
836 http cache https://registry.npmjs.org/get-stream 6ms (cache hit)
837 silly packumentCache full:https://registry.npmjs.org/get-stream set size:57536 disposed:false
838 silly fetch manifest pkg-types@^1.2.1
839 silly packumentCache full:https://registry.npmjs.org/pkg-types cache-miss
840 http cache https://registry.npmjs.org/npm-run-path 5ms (cache hit)
841 silly packumentCache full:https://registry.npmjs.org/npm-run-path set size:33596 disposed:false
842 silly fetch manifest js-tokens@^9.0.1
843 silly packumentCache full:https://registry.npmjs.org/js-tokens cache-miss
844 http cache https://registry.npmjs.org/signal-exit 7ms (cache hit)
845 silly packumentCache full:https://registry.npmjs.org/signal-exit set size:53489 disposed:false
846 silly fetch manifest esbuild@^0.21.3
847 silly packumentCache full:https://registry.npmjs.org/esbuild cache-miss
848 http cache https://registry.npmjs.org/merge-stream 7ms (cache hit)
849 silly packumentCache full:https://registry.npmjs.org/merge-stream set size:22168 disposed:false
850 silly fetch manifest cac@^6.7.14
851 silly packumentCache full:https://registry.npmjs.org/cac cache-miss
852 http cache https://registry.npmjs.org/human-signals 6ms (cache hit)
853 silly packumentCache full:https://registry.npmjs.org/human-signals set size:47322 disposed:false
854 silly fetch manifest siginfo@^2.0.0
855 silly packumentCache full:https://registry.npmjs.org/siginfo cache-miss
856 http cache https://registry.npmjs.org/pkg-types 4ms (cache hit)
857 silly packumentCache full:https://registry.npmjs.org/pkg-types set size:85931 disposed:false
858 silly fetch manifest stackback@0.0.2
859 silly packumentCache full:https://registry.npmjs.org/stackback cache-miss
860 http cache https://registry.npmjs.org/strip-final-newline 5ms (cache hit)
861 silly packumentCache full:https://registry.npmjs.org/strip-final-newline set size:9328 disposed:false
862 http cache https://registry.npmjs.org/mlly 6ms (cache hit)
863 silly packumentCache full:https://registry.npmjs.org/mlly set size:209209 disposed:false
864 http cache https://registry.npmjs.org/esbuild 6ms (cache hit)
865 silly packumentCache full:https://registry.npmjs.org/esbuild set size:1254708 disposed:false
866 http cache https://registry.npmjs.org/cac 9ms (cache hit)
867 silly packumentCache full:https://registry.npmjs.org/cac set size:375942 disposed:false
868 http cache https://registry.npmjs.org/js-tokens 12ms (cache hit)
869 silly packumentCache full:https://registry.npmjs.org/js-tokens set size:41947 disposed:false
870 http cache https://registry.npmjs.org/siginfo 11ms (cache hit)
871 silly packumentCache full:https://registry.npmjs.org/siginfo set size:8524 disposed:false
872 http cache https://registry.npmjs.org/stackback 11ms (cache hit)
873 silly packumentCache full:https://registry.npmjs.org/stackback set size:4594 disposed:false
874 silly placeDep node_modules/@vitest/runner p-limit@5.0.0 OK for: @vitest/runner@1.6.1 want: ^5.0.0
875 silly fetch manifest yocto-queue@^1.0.0
876 silly packumentCache full:https://registry.npmjs.org/yocto-queue cache-miss
877 http cache https://registry.npmjs.org/yocto-queue 2ms (cache hit)
878 silly packumentCache full:https://registry.npmjs.org/yocto-queue set size:20256 disposed:false
879 silly placeDep ROOT pretty-format@29.7.0 OK for: @vitest/snapshot@1.6.1 want: ^29.7.0
880 silly fetch manifest react-is@^18.0.0
881 silly packumentCache full:https://registry.npmjs.org/react-is cache-miss
882 silly fetch manifest ansi-styles@^5.0.0
883 silly packumentCache full:https://registry.npmjs.org/ansi-styles cache-miss
884 silly fetch manifest @jest/schemas@^29.6.3
885 silly packumentCache full:https://registry.npmjs.org/@jest%2fschemas cache-miss
886 http cache https://registry.npmjs.org/ansi-styles 2ms (cache hit)
887 silly packumentCache full:https://registry.npmjs.org/ansi-styles set size:63233 disposed:false
888 http cache https://registry.npmjs.org/@jest%2fschemas 6ms (cache hit)
889 silly packumentCache full:https://registry.npmjs.org/@jest%2fschemas set size:68580 disposed:false
890 http cache https://registry.npmjs.org/react-is 10ms (cache hit)
891 silly packumentCache full:https://registry.npmjs.org/react-is set size:5352319 disposed:false
892 silly placeDep ROOT tinyspy@2.2.1 OK for: @vitest/spy@1.6.1 want: ^2.2.0
893 silly placeDep ROOT diff-sequences@29.6.3 OK for: @vitest/utils@1.6.1 want: ^29.6.3
894 silly placeDep ROOT estree-walker@3.0.3 OK for: @vitest/utils@1.6.1 want: ^3.0.3
895 silly placeDep ROOT loupe@2.3.7 OK for: @vitest/utils@1.6.1 want: ^2.3.7
896 silly fetch manifest get-func-name@^2.0.1
897 silly packumentCache full:https://registry.npmjs.org/get-func-name cache-hit
898 silly placeDep ROOT assertion-error@1.1.0 OK for: chai@4.5.0 want: ^1.1.0
899 silly placeDep ROOT check-error@1.0.3 OK for: chai@4.5.0 want: ^1.0.3
900 silly placeDep ROOT deep-eql@4.1.4 OK for: chai@4.5.0 want: ^4.1.3
901 silly placeDep ROOT get-func-name@2.0.2 OK for: chai@4.5.0 want: ^2.0.2
902 silly placeDep ROOT pathval@1.1.1 OK for: chai@4.5.0 want: ^1.1.1
903 silly placeDep ROOT type-detect@4.1.0 OK for: chai@4.5.0 want: ^4.1.0
904 silly fetch manifest type-detect@^4.0.0
905 silly packumentCache full:https://registry.npmjs.org/type-detect cache-hit
906 silly placeDep ROOT get-stream@8.0.1 OK for: execa@8.0.1 want: ^8.0.1
907 silly placeDep ROOT human-signals@5.0.0 OK for: execa@8.0.1 want: ^5.0.0
908 silly placeDep ROOT is-stream@3.0.0 OK for: execa@8.0.1 want: ^3.0.0
909 silly placeDep ROOT merge-stream@2.0.0 OK for: execa@8.0.1 want: ^2.0.0
910 silly placeDep ROOT npm-run-path@5.3.0 OK for: execa@8.0.1 want: ^5.1.0
911 silly placeDep ROOT onetime@6.0.0 OK for: execa@8.0.1 want: ^6.0.0
912 silly placeDep ROOT signal-exit@4.1.0 OK for: execa@8.0.1 want: ^4.1.0
913 silly placeDep ROOT strip-final-newline@3.0.0 OK for: execa@8.0.1 want: ^3.0.0
914 silly fetch manifest path-key@^4.0.0
915 silly packumentCache full:https://registry.npmjs.org/path-key cache-miss
916 silly fetch manifest mimic-fn@^4.0.0
917 silly packumentCache full:https://registry.npmjs.org/mimic-fn cache-miss
918 http cache https://registry.npmjs.org/mimic-fn 2ms (cache hit)
919 silly packumentCache full:https://registry.npmjs.org/mimic-fn set size:22257 disposed:false
920 http cache https://registry.npmjs.org/path-key 2ms (cache hit)
921 silly packumentCache full:https://registry.npmjs.org/path-key set size:16975 disposed:false
922 silly placeDep ROOT mlly@1.8.2 OK for: local-pkg@0.5.1 want: ^1.7.3
923 silly placeDep ROOT pkg-types@1.3.1 OK for: local-pkg@0.5.1 want: ^1.2.1
924 silly fetch manifest pathe@^2.0.3
925 silly packumentCache full:https://registry.npmjs.org/pathe cache-hit
926 silly fetch manifest pkg-types@^1.3.1
927 silly packumentCache full:https://registry.npmjs.org/pkg-types cache-hit
928 silly fetch manifest ufo@^1.6.3
929 silly packumentCache full:https://registry.npmjs.org/ufo cache-miss
930 silly fetch manifest pathe@^2.0.1
931 silly packumentCache full:https://registry.npmjs.org/pathe cache-hit
932 silly fetch manifest confbox@^0.1.8
933 silly packumentCache full:https://registry.npmjs.org/confbox cache-miss
934 http cache https://registry.npmjs.org/confbox 2ms (cache hit)
935 silly packumentCache full:https://registry.npmjs.org/confbox set size:44789 disposed:false
936 http cache https://registry.npmjs.org/ufo 3ms (cache hit)
937 silly packumentCache full:https://registry.npmjs.org/ufo set size:167084 disposed:false
938 silly placeDep node_modules/mlly pathe@2.0.3 OK for: mlly@1.8.2 want: ^2.0.3
939 silly placeDep ROOT ufo@1.6.3 OK for: mlly@1.8.2 want: ^1.6.3
940 silly placeDep node_modules/npm-run-path path-key@4.0.0 OK for: npm-run-path@5.3.0 want: ^4.0.0
941 silly placeDep ROOT mimic-fn@4.0.0 OK for: onetime@6.0.0 want: ^4.0.0
942 silly placeDep ROOT confbox@0.1.8 OK for: pkg-types@1.3.1 want: ^0.1.8
943 silly placeDep node_modules/pkg-types pathe@2.0.3 OK for: pkg-types@1.3.1 want: ^2.0.1
944 silly placeDep ROOT @jest/schemas@29.6.3 OK for: pretty-format@29.7.0 want: ^29.6.3
945 silly placeDep node_modules/pretty-format ansi-styles@5.2.0 OK for: pretty-format@29.7.0 want: ^5.0.0
946 silly placeDep node_modules/pretty-format react-is@18.3.1 OK for: pretty-format@29.7.0 want: ^18.0.0
947 silly fetch manifest @sinclair/typebox@^0.27.8
948 silly packumentCache full:https://registry.npmjs.org/@sinclair%2ftypebox cache-miss
949 http cache https://registry.npmjs.org/@sinclair%2ftypebox 3ms (cache hit)
950 silly packumentCache full:https://registry.npmjs.org/@sinclair%2ftypebox set size:1230117 disposed:false
951 silly placeDep ROOT @sinclair/typebox@0.27.10 OK for: @jest/schemas@29.6.3 want: ^0.27.8
952 silly placeDep node_modules/strip-literal js-tokens@9.0.1 OK for: strip-literal@2.1.1 want: ^9.0.1
953 silly placeDep ROOT cac@6.7.14 OK for: vite-node@1.6.1 want: ^6.7.14
954 silly placeDep node_modules/vite-node vite@5.4.21 OK for: vite-node@1.6.1 want: ^5.0.0
955 silly placeDep ROOT iconv-lite@0.6.3 OK for: whatwg-encoding@3.1.1 want: 0.6.3
956 silly fetch manifest safer-buffer@>= 2.1.2 < 3.0.0
957 silly packumentCache full:https://registry.npmjs.org/safer-buffer cache-miss
958 http cache https://registry.npmjs.org/safer-buffer 5ms (cache hit)
959 silly packumentCache full:https://registry.npmjs.org/safer-buffer set size:18521 disposed:false
960 silly placeDep ROOT safer-buffer@2.1.2 OK for: iconv-lite@0.6.3 want: >= 2.1.2 < 3.0.0
961 silly placeDep ROOT siginfo@2.0.0 OK for: why-is-node-running@2.3.0 want: ^2.0.0
962 silly placeDep ROOT stackback@0.0.2 OK for: why-is-node-running@2.3.0 want: 0.0.2
963 silly placeDep node_modules/@vitest/runner yocto-queue@1.2.2 OK for: p-limit@5.0.0 want: ^1.0.0
964 silly placeDep node_modules/vite-node esbuild@0.21.5 OK for: vite@5.4.21 want: ^0.21.3
965 silly fetch manifest @esbuild/aix-ppc64@0.21.5
966 silly packumentCache full:https://registry.npmjs.org/@esbuild%2faix-ppc64 cache-hit
967 silly fetch manifest @esbuild/linux-arm@0.21.5
968 silly packumentCache full:https://registry.npmjs.org/@esbuild%2flinux-arm cache-hit
969 silly fetch manifest @esbuild/linux-x64@0.21.5
970 silly packumentCache full:https://registry.npmjs.org/@esbuild%2flinux-x64 cache-hit
971 silly fetch manifest @esbuild/sunos-x64@0.21.5
972 silly packumentCache full:https://registry.npmjs.org/@esbuild%2fsunos-x64 cache-hit
973 silly fetch manifest @esbuild/win32-x64@0.21.5
974 silly packumentCache full:https://registry.npmjs.org/@esbuild%2fwin32-x64 cache-hit
975 silly fetch manifest @esbuild/darwin-x64@0.21.5
976 silly packumentCache full:https://registry.npmjs.org/@esbuild%2fdarwin-x64 cache-hit
977 silly fetch manifest @esbuild/linux-ia32@0.21.5
978 silly packumentCache full:https://registry.npmjs.org/@esbuild%2flinux-ia32 cache-hit
979 silly fetch manifest @esbuild/netbsd-x64@0.21.5
980 silly packumentCache full:https://registry.npmjs.org/@esbuild%2fnetbsd-x64 cache-hit
981 silly fetch manifest @esbuild/win32-ia32@0.21.5
982 silly packumentCache full:https://registry.npmjs.org/@esbuild%2fwin32-ia32 cache-hit
983 silly fetch manifest @esbuild/android-arm@0.21.5
984 silly packumentCache full:https://registry.npmjs.org/@esbuild%2fandroid-arm cache-hit
985 silly fetch manifest @esbuild/android-x64@0.21.5
986 silly packumentCache full:https://registry.npmjs.org/@esbuild%2fandroid-x64 cache-hit
987 silly fetch manifest @esbuild/freebsd-x64@0.21.5
988 silly packumentCache full:https://registry.npmjs.org/@esbuild%2ffreebsd-x64 cache-hit
989 silly fetch manifest @esbuild/linux-arm64@0.21.5
990 silly packumentCache full:https://registry.npmjs.org/@esbuild%2flinux-arm64 cache-hit
991 silly fetch manifest @esbuild/linux-ppc64@0.21.5
992 silly packumentCache full:https://registry.npmjs.org/@esbuild%2flinux-ppc64 cache-hit
993 silly fetch manifest @esbuild/linux-s390x@0.21.5
994 silly packumentCache full:https://registry.npmjs.org/@esbuild%2flinux-s390x cache-hit
995 silly fetch manifest @esbuild/openbsd-x64@0.21.5
996 silly packumentCache full:https://registry.npmjs.org/@esbuild%2fopenbsd-x64 cache-hit
997 silly fetch manifest @esbuild/win32-arm64@0.21.5
998 silly packumentCache full:https://registry.npmjs.org/@esbuild%2fwin32-arm64 cache-hit
999 silly fetch manifest @esbuild/darwin-arm64@0.21.5
1000 silly packumentCache full:https://registry.npmjs.org/@esbuild%2fdarwin-arm64 cache-hit
1001 silly fetch manifest @esbuild/android-arm64@0.21.5
1002 silly packumentCache full:https://registry.npmjs.org/@esbuild%2fandroid-arm64 cache-hit
1003 silly fetch manifest @esbuild/freebsd-arm64@0.21.5
1004 silly packumentCache full:https://registry.npmjs.org/@esbuild%2ffreebsd-arm64 cache-hit
1005 silly fetch manifest @esbuild/linux-loong64@0.21.5
1006 silly packumentCache full:https://registry.npmjs.org/@esbuild%2flinux-loong64 cache-hit
1007 silly fetch manifest @esbuild/linux-riscv64@0.21.5
1008 silly packumentCache full:https://registry.npmjs.org/@esbuild%2flinux-riscv64 cache-hit
1009 silly fetch manifest @esbuild/linux-mips64el@0.21.5
1010 silly packumentCache full:https://registry.npmjs.org/@esbuild%2flinux-mips64el cache-hit
1011 silly placeDep node_modules/vite-node @esbuild/aix-ppc64@0.21.5 OK for: esbuild@0.21.5 want: 0.21.5
1012 silly placeDep node_modules/vite-node @esbuild/android-arm@0.21.5 OK for: esbuild@0.21.5 want: 0.21.5
1013 silly placeDep node_modules/vite-node @esbuild/android-arm64@0.21.5 OK for: esbuild@0.21.5 want: 0.21.5
1014 silly placeDep node_modules/vite-node @esbuild/android-x64@0.21.5 OK for: esbuild@0.21.5 want: 0.21.5
1015 silly placeDep node_modules/vite-node @esbuild/darwin-arm64@0.21.5 OK for: esbuild@0.21.5 want: 0.21.5
1016 silly placeDep node_modules/vite-node @esbuild/darwin-x64@0.21.5 OK for: esbuild@0.21.5 want: 0.21.5
1017 silly placeDep node_modules/vite-node @esbuild/freebsd-arm64@0.21.5 OK for: esbuild@0.21.5 want: 0.21.5
1018 silly placeDep node_modules/vite-node @esbuild/freebsd-x64@0.21.5 OK for: esbuild@0.21.5 want: 0.21.5
1019 silly placeDep node_modules/vite-node @esbuild/linux-arm@0.21.5 OK for: esbuild@0.21.5 want: 0.21.5
1020 silly placeDep node_modules/vite-node @esbuild/linux-arm64@0.21.5 OK for: esbuild@0.21.5 want: 0.21.5
1021 silly placeDep node_modules/vite-node @esbuild/linux-ia32@0.21.5 OK for: esbuild@0.21.5 want: 0.21.5
1022 silly placeDep node_modules/vite-node @esbuild/linux-loong64@0.21.5 OK for: esbuild@0.21.5 want: 0.21.5
1023 silly placeDep node_modules/vite-node @esbuild/linux-mips64el@0.21.5 OK for: esbuild@0.21.5 want: 0.21.5
1024 silly placeDep node_modules/vite-node @esbuild/linux-ppc64@0.21.5 OK for: esbuild@0.21.5 want: 0.21.5
1025 silly placeDep node_modules/vite-node @esbuild/linux-riscv64@0.21.5 OK for: esbuild@0.21.5 want: 0.21.5
1026 silly placeDep node_modules/vite-node @esbuild/linux-s390x@0.21.5 OK for: esbuild@0.21.5 want: 0.21.5
1027 silly placeDep node_modules/vite-node @esbuild/linux-x64@0.21.5 OK for: esbuild@0.21.5 want: 0.21.5
1028 silly placeDep node_modules/vite-node @esbuild/netbsd-x64@0.21.5 OK for: esbuild@0.21.5 want: 0.21.5
1029 silly placeDep node_modules/vite-node @esbuild/openbsd-x64@0.21.5 OK for: esbuild@0.21.5 want: 0.21.5
1030 silly placeDep node_modules/vite-node @esbuild/sunos-x64@0.21.5 OK for: esbuild@0.21.5 want: 0.21.5
1031 silly placeDep node_modules/vite-node @esbuild/win32-arm64@0.21.5 OK for: esbuild@0.21.5 want: 0.21.5
1032 silly placeDep node_modules/vite-node @esbuild/win32-ia32@0.21.5 OK for: esbuild@0.21.5 want: 0.21.5
1033 silly placeDep node_modules/vite-node @esbuild/win32-x64@0.21.5 OK for: esbuild@0.21.5 want: 0.21.5
1034 silly placeDep node_modules/vitest esbuild@0.21.5 OK for: vite@5.4.21 want: ^0.21.3
1035 silly placeDep node_modules/vitest @esbuild/aix-ppc64@0.21.5 OK for: esbuild@0.21.5 want: 0.21.5
1036 silly placeDep node_modules/vitest @esbuild/android-arm@0.21.5 OK for: esbuild@0.21.5 want: 0.21.5
1037 silly placeDep node_modules/vitest @esbuild/android-arm64@0.21.5 OK for: esbuild@0.21.5 want: 0.21.5
1038 silly placeDep node_modules/vitest @esbuild/android-x64@0.21.5 OK for: esbuild@0.21.5 want: 0.21.5
1039 silly placeDep node_modules/vitest @esbuild/darwin-arm64@0.21.5 OK for: esbuild@0.21.5 want: 0.21.5
1040 silly placeDep node_modules/vitest @esbuild/darwin-x64@0.21.5 OK for: esbuild@0.21.5 want: 0.21.5
1041 silly placeDep node_modules/vitest @esbuild/freebsd-arm64@0.21.5 OK for: esbuild@0.21.5 want: 0.21.5
1042 silly placeDep node_modules/vitest @esbuild/freebsd-x64@0.21.5 OK for: esbuild@0.21.5 want: 0.21.5
1043 silly placeDep node_modules/vitest @esbuild/linux-arm@0.21.5 OK for: esbuild@0.21.5 want: 0.21.5
1044 silly placeDep node_modules/vitest @esbuild/linux-arm64@0.21.5 OK for: esbuild@0.21.5 want: 0.21.5
1045 silly placeDep node_modules/vitest @esbuild/linux-ia32@0.21.5 OK for: esbuild@0.21.5 want: 0.21.5
1046 silly placeDep node_modules/vitest @esbuild/linux-loong64@0.21.5 OK for: esbuild@0.21.5 want: 0.21.5
1047 silly placeDep node_modules/vitest @esbuild/linux-mips64el@0.21.5 OK for: esbuild@0.21.5 want: 0.21.5
1048 silly placeDep node_modules/vitest @esbuild/linux-ppc64@0.21.5 OK for: esbuild@0.21.5 want: 0.21.5
1049 silly placeDep node_modules/vitest @esbuild/linux-riscv64@0.21.5 OK for: esbuild@0.21.5 want: 0.21.5
1050 silly placeDep node_modules/vitest @esbuild/linux-s390x@0.21.5 OK for: esbuild@0.21.5 want: 0.21.5
1051 silly placeDep node_modules/vitest @esbuild/linux-x64@0.21.5 OK for: esbuild@0.21.5 want: 0.21.5
1052 silly placeDep node_modules/vitest @esbuild/netbsd-x64@0.21.5 OK for: esbuild@0.21.5 want: 0.21.5
1053 silly placeDep node_modules/vitest @esbuild/openbsd-x64@0.21.5 OK for: esbuild@0.21.5 want: 0.21.5
1054 silly placeDep node_modules/vitest @esbuild/sunos-x64@0.21.5 OK for: esbuild@0.21.5 want: 0.21.5
1055 silly placeDep node_modules/vitest @esbuild/win32-arm64@0.21.5 OK for: esbuild@0.21.5 want: 0.21.5
1056 silly placeDep node_modules/vitest @esbuild/win32-ia32@0.21.5 OK for: esbuild@0.21.5 want: 0.21.5
1057 silly placeDep node_modules/vitest @esbuild/win32-x64@0.21.5 OK for: esbuild@0.21.5 want: 0.21.5
1058 silly reify moves {}
1059 silly audit bulk request {
1059 silly audit   '@alloc/quick-lru': [ '5.2.0' ],
1059 silly audit   '@babel/code-frame': [ '7.29.0' ],
1059 silly audit   '@babel/compat-data': [ '7.29.0' ],
1059 silly audit   '@babel/core': [ '7.29.0' ],
1059 silly audit   '@babel/generator': [ '7.29.1' ],
1059 silly audit   '@babel/helper-compilation-targets': [ '7.28.6' ],
1059 silly audit   '@babel/helper-globals': [ '7.28.0' ],
1059 silly audit   '@babel/helper-module-imports': [ '7.28.6' ],
1059 silly audit   '@babel/helper-module-transforms': [ '7.28.6' ],
1059 silly audit   '@babel/helper-string-parser': [ '7.27.1' ],
1059 silly audit   '@babel/helper-validator-identifier': [ '7.28.5' ],
1059 silly audit   '@babel/helper-validator-option': [ '7.27.1' ],
1059 silly audit   '@babel/helpers': [ '7.29.2' ],
1059 silly audit   '@babel/parser': [ '7.29.2' ],
1059 silly audit   '@babel/template': [ '7.28.6' ],
1059 silly audit   '@babel/traverse': [ '7.29.0' ],
1059 silly audit   '@babel/types': [ '7.29.0' ],
1059 silly audit   '@emnapi/core': [ '1.9.2' ],
1059 silly audit   '@emnapi/runtime': [ '1.9.2' ],
1059 silly audit   '@emnapi/wasi-threads': [ '1.2.1' ],
1059 silly audit   '@eslint-community/eslint-utils': [ '4.9.1' ],
1059 silly audit   'eslint-visitor-keys': [ '3.4.3', '5.0.1', '4.2.1' ],
1059 silly audit   '@eslint-community/regexpp': [ '4.12.2' ],
1059 silly audit   '@eslint/config-array': [ '0.21.2' ],
1059 silly audit   '@eslint/config-helpers': [ '0.4.2' ],
1059 silly audit   '@eslint/core': [ '0.17.0' ],
1059 silly audit   '@eslint/eslintrc': [ '3.3.5' ],
1059 silly audit   '@eslint/js': [ '9.39.4' ],
1059 silly audit   '@eslint/object-schema': [ '2.1.7' ],
1059 silly audit   '@eslint/plugin-kit': [ '0.4.1' ],
1059 silly audit   '@humanfs/core': [ '0.19.1' ],
1059 silly audit   '@humanfs/node': [ '0.16.7' ],
1059 silly audit   '@humanwhocodes/module-importer': [ '1.0.1' ],
1059 silly audit   '@humanwhocodes/retry': [ '0.4.3' ],
1059 silly audit   '@img/colour': [ '1.1.0' ],
1059 silly audit   '@img/sharp-darwin-arm64': [ '0.34.5' ],
1059 silly audit   '@img/sharp-darwin-x64': [ '0.34.5' ],
1059 silly audit   '@img/sharp-libvips-darwin-arm64': [ '1.2.4' ],
1059 silly audit   '@img/sharp-libvips-darwin-x64': [ '1.2.4' ],
1059 silly audit   '@img/sharp-libvips-linux-arm': [ '1.2.4' ],
1059 silly audit   '@img/sharp-libvips-linux-arm64': [ '1.2.4' ],
1059 silly audit   '@img/sharp-libvips-linux-ppc64': [ '1.2.4' ],
1059 silly audit   '@img/sharp-libvips-linux-riscv64': [ '1.2.4' ],
1059 silly audit   '@img/sharp-libvips-linux-s390x': [ '1.2.4' ],
1059 silly audit   '@img/sharp-libvips-linux-x64': [ '1.2.4' ],
1059 silly audit   '@img/sharp-libvips-linuxmusl-arm64': [ '1.2.4' ],
1059 silly audit   '@img/sharp-libvips-linuxmusl-x64': [ '1.2.4' ],
1059 silly audit   '@img/sharp-linux-arm': [ '0.34.5' ],
1059 silly audit   '@img/sharp-linux-arm64': [ '0.34.5' ],
1059 silly audit   '@img/sharp-linux-ppc64': [ '0.34.5' ],
1059 silly audit   '@img/sharp-linux-riscv64': [ '0.34.5' ],
1059 silly audit   '@img/sharp-linux-s390x': [ '0.34.5' ],
1059 silly audit   '@img/sharp-linux-x64': [ '0.34.5' ],
1059 silly audit   '@img/sharp-linuxmusl-arm64': [ '0.34.5' ],
1059 silly audit   '@img/sharp-linuxmusl-x64': [ '0.34.5' ],
1059 silly audit   '@img/sharp-wasm32': [ '0.34.5' ],
1059 silly audit   '@img/sharp-win32-arm64': [ '0.34.5' ],
1059 silly audit   '@img/sharp-win32-ia32': [ '0.34.5' ],
1059 silly audit   '@img/sharp-win32-x64': [ '0.34.5' ],
1059 silly audit   '@jridgewell/gen-mapping': [ '0.3.13' ],
1059 silly audit   '@jridgewell/remapping': [ '2.3.5' ],
1059 silly audit   '@jridgewell/resolve-uri': [ '3.1.2' ],
1059 silly audit   '@jridgewell/sourcemap-codec': [ '1.5.5' ],
1059 silly audit   '@jridgewell/trace-mapping': [ '0.3.31' ],
1059 silly audit   '@mongodb-js/saslprep': [ '1.4.8' ],
1059 silly audit   '@napi-rs/wasm-runtime': [ '0.2.12' ],
1059 silly audit   '@next/env': [ '16.2.3' ],
1059 silly audit   '@next/eslint-plugin-next': [ '16.2.3' ],
1059 silly audit   '@next/swc-darwin-arm64': [ '16.2.3' ],
1059 silly audit   '@next/swc-darwin-x64': [ '16.2.3' ],
1059 silly audit   '@next/swc-linux-arm64-gnu': [ '16.2.3' ],
1059 silly audit   '@next/swc-linux-arm64-musl': [ '16.2.3' ],
1059 silly audit   '@next/swc-linux-x64-gnu': [ '16.2.3' ],
1059 silly audit   '@next/swc-linux-x64-musl': [ '16.2.3' ],
1059 silly audit   '@next/swc-win32-arm64-msvc': [ '16.2.3' ],
1059 silly audit   '@next/swc-win32-x64-msvc': [ '16.2.3' ],
1059 silly audit   '@nodelib/fs.scandir': [ '2.1.5' ],
1059 silly audit   '@nodelib/fs.stat': [ '2.0.5' ],
1059 silly audit   '@nodelib/fs.walk': [ '1.2.8' ],
1059 silly audit   '@nolyfill/is-core-module': [ '1.0.39' ],
1059 silly audit   '@rtsao/scc': [ '1.1.0' ],
1059 silly audit   '@supabase/auth-js': [ '2.103.3' ],
1059 silly audit   '@supabase/functions-js': [ '2.103.3' ],
1059 silly audit   '@supabase/phoenix': [ '0.4.0' ],
1059 silly audit   '@supabase/postgrest-js': [ '2.103.3' ],
1059 silly audit   '@supabase/realtime-js': [ '2.103.3' ],
1059 silly audit   '@supabase/storage-js': [ '2.103.3' ],
1059 silly audit   '@supabase/supabase-js': [ '2.103.3' ],
1059 silly audit   '@swc/helpers': [ '0.5.21', '0.5.15' ],
1059 silly audit   '@tailwindcss/node': [ '4.2.2' ],
1059 silly audit   '@tailwindcss/oxide': [ '4.2.2' ],
1059 silly audit   '@tailwindcss/oxide-android-arm64': [ '4.2.2' ],
1059 silly audit   '@tailwindcss/oxide-darwin-arm64': [ '4.2.2' ],
1059 silly audit   '@tailwindcss/oxide-darwin-x64': [ '4.2.2' ],
1059 silly audit   '@tailwindcss/oxide-freebsd-x64': [ '4.2.2' ],
1059 silly audit   '@tailwindcss/oxide-linux-arm-gnueabihf': [ '4.2.2' ],
1059 silly audit   '@tailwindcss/oxide-linux-arm64-gnu': [ '4.2.2' ],
1059 silly audit   '@tailwindcss/oxide-linux-arm64-musl': [ '4.2.2' ],
1059 silly audit   '@tailwindcss/oxide-linux-x64-gnu': [ '4.2.2' ],
1059 silly audit   '@tailwindcss/oxide-linux-x64-musl': [ '4.2.2' ],
1059 silly audit   '@tailwindcss/oxide-wasm32-wasi': [ '4.2.2' ],
1059 silly audit   '@tailwindcss/oxide-win32-arm64-msvc': [ '4.2.2' ],
1059 silly audit   '@tailwindcss/oxide-win32-x64-msvc': [ '4.2.2' ],
1059 silly audit   '@tailwindcss/postcss': [ '4.2.2' ],
1059 silly audit   '@tybys/wasm-util': [ '0.10.1' ],
1059 silly audit   '@types/estree': [ '1.0.8' ],
1059 silly audit   '@types/json-schema': [ '7.0.15' ],
1059 silly audit   '@types/json5': [ '0.0.29' ],
1059 silly audit   '@types/node': [ '20.19.39' ],
1059 silly audit   '@types/react': [ '19.2.14' ],
1059 silly audit   '@types/react-dom': [ '19.2.3' ],
1059 silly audit   '@types/webidl-conversions': [ '7.0.3' ],
1059 silly audit   '@types/whatwg-url': [ '11.0.5' ],
1059 silly audit   '@types/ws': [ '8.18.1' ],
1059 silly audit   '@typescript-eslint/eslint-plugin': [ '8.58.2' ],
1059 silly audit   ignore: [ '7.0.5', '5.3.2' ],
1059 silly audit   '@typescript-eslint/parser': [ '8.58.2' ],
1059 silly audit   '@typescript-eslint/project-service': [ '8.58.2' ],
1059 silly audit   '@typescript-eslint/scope-manager': [ '8.58.2' ],
1059 silly audit   '@typescript-eslint/tsconfig-utils': [ '8.58.2' ],
1059 silly audit   '@typescript-eslint/type-utils': [ '8.58.2' ],
1059 silly audit   '@typescript-eslint/types': [ '8.58.2' ],
1059 silly audit   '@typescript-eslint/typescript-estree': [ '8.58.2' ],
1059 silly audit   'balanced-match': [ '4.0.4', '1.0.2' ],
1059 silly audit   'brace-expansion': [ '5.0.5', '1.1.14' ],
1059 silly audit   minimatch: [ '10.2.5', '3.1.5' ],
1059 silly audit   semver: [ '7.7.4', '6.3.1' ],
1059 silly audit   '@typescript-eslint/utils': [ '8.58.2' ],
1059 silly audit   '@typescript-eslint/visitor-keys': [ '8.58.2' ],
1059 silly audit   '@unrs/resolver-binding-android-arm-eabi': [ '1.11.1' ],
1059 silly audit   '@unrs/resolver-binding-android-arm64': [ '1.11.1' ],
1059 silly audit   '@unrs/resolver-binding-darwin-arm64': [ '1.11.1' ],
1059 silly audit   '@unrs/resolver-binding-darwin-x64': [ '1.11.1' ],
1059 silly audit   '@unrs/resolver-binding-freebsd-x64': [ '1.11.1' ],
1059 silly audit   '@unrs/resolver-binding-linux-arm-gnueabihf': [ '1.11.1' ],
1059 silly audit   '@unrs/resolver-binding-linux-arm-musleabihf': [ '1.11.1' ],
1059 silly audit   '@unrs/resolver-binding-linux-arm64-gnu': [ '1.11.1' ],
1059 silly audit   '@unrs/resolver-binding-linux-arm64-musl': [ '1.11.1' ],
1059 silly audit   '@unrs/resolver-binding-linux-ppc64-gnu': [ '1.11.1' ],
1059 silly audit   '@unrs/resolver-binding-linux-riscv64-gnu': [ '1.11.1' ],
1059 silly audit   '@unrs/resolver-binding-linux-riscv64-musl': [ '1.11.1' ],
1059 silly audit   '@unrs/resolver-binding-linux-s390x-gnu': [ '1.11.1' ],
1059 silly audit   '@unrs/resolver-binding-linux-x64-gnu': [ '1.11.1' ],
1059 silly audit   '@unrs/resolver-binding-linux-x64-musl': [ '1.11.1' ],
1059 silly audit   '@unrs/resolver-binding-wasm32-wasi': [ '1.11.1' ],
1059 silly audit   '@unrs/resolver-binding-win32-arm64-msvc': [ '1.11.1' ],
1059 silly audit   '@unrs/resolver-binding-win32-ia32-msvc': [ '1.11.1' ],
1059 silly audit   '@unrs/resolver-binding-win32-x64-msvc': [ '1.11.1' ],
1059 silly audit   acorn: [ '8.16.0' ],
1059 silly audit   'acorn-jsx': [ '5.3.2' ],
1059 silly audit   ajv: [ '6.14.0' ],
1059 silly audit   'ansi-styles': [ '4.3.0', '5.2.0' ],
1059 silly audit   argparse: [ '2.0.1' ],
1059 silly audit   'aria-query': [ '5.3.2' ],
1059 silly audit   'array-buffer-byte-length': [ '1.0.2' ],
1059 silly audit   'array-includes': [ '3.1.9' ],
1059 silly audit   'array.prototype.findlast': [ '1.2.5' ],
1059 silly audit   'array.prototype.findlastindex': [ '1.2.6' ],
1059 silly audit   'array.prototype.flat': [ '1.3.3' ],
1059 silly audit   'array.prototype.flatmap': [ '1.3.3' ],
1059 silly audit   'array.prototype.tosorted': [ '1.1.4' ],
1059 silly audit   'arraybuffer.prototype.slice': [ '1.0.4' ],
1059 silly audit   'ast-types-flow': [ '0.0.8' ],
1059 silly audit   'async-function': [ '1.0.0' ],
1059 silly audit   'available-typed-arrays': [ '1.0.7' ],
1059 silly audit   'axe-core': [ '4.11.3' ],
1059 silly audit   'axobject-query': [ '4.1.0' ],
1059 silly audit   'baseline-browser-mapping': [ '2.10.19' ],
1059 silly audit   braces: [ '3.0.3' ],
1059 silly audit   browserslist: [ '4.28.2' ],
1059 silly audit   bson: [ '6.10.4' ],
1059 silly audit   'call-bind': [ '1.0.9' ],
1059 silly audit   'call-bind-apply-helpers': [ '1.0.2' ],
1059 silly audit   'call-bound': [ '1.0.4' ],
1059 silly audit   callsites: [ '3.1.0' ],
1059 silly audit   'caniuse-lite': [ '1.0.30001788' ],
1059 silly audit   chalk: [ '4.1.2' ],
1059 silly audit   'client-only': [ '0.0.1' ],
1059 silly audit   'color-convert': [ '2.0.1' ],
1059 silly audit   'color-name': [ '1.1.4' ],
1059 silly audit   'concat-map': [ '0.0.1' ],
1059 silly audit   'convert-source-map': [ '2.0.0' ],
1059 silly audit   'cross-spawn': [ '7.0.6' ],
1059 silly audit   csstype: [ '3.2.3' ],
1059 silly audit   'damerau-levenshtein': [ '1.0.8' ],
1059 silly audit   'data-view-buffer': [ '1.0.2' ],
1059 silly audit   'data-view-byte-length': [ '1.0.2' ],
1059 silly audit   'data-view-byte-offset': [ '1.0.1' ],
1059 silly audit   debug: [ '4.4.3', '3.2.7' ],
1059 silly audit   'deep-is': [ '0.1.4' ],
1059 silly audit   'define-data-property': [ '1.1.4' ],
1059 silly audit   'define-properties': [ '1.2.1' ],
1059 silly audit   'detect-libc': [ '2.1.2' ],
1059 silly audit   doctrine: [ '2.1.0' ],
1059 silly audit   'dunder-proto': [ '1.0.1' ],
1059 silly audit   'electron-to-chromium': [ '1.5.336' ],
1059 silly audit   'emoji-regex': [ '9.2.2' ],
1059 silly audit   'enhanced-resolve': [ '5.20.1' ],
1059 silly audit   'es-abstract': [ '1.24.2' ],
1059 silly audit   'es-define-property': [ '1.0.1' ],
1059 silly audit   'es-errors': [ '1.3.0' ],
1059 silly audit   'es-iterator-helpers': [ '1.3.2' ],
1059 silly audit   'es-object-atoms': [ '1.1.1' ],
1059 silly audit   'es-set-tostringtag': [ '2.1.0' ],
1059 silly audit   'es-shim-unscopables': [ '1.1.0' ],
1059 silly audit   'es-to-primitive': [ '1.3.0' ],
1059 silly audit   escalade: [ '3.2.0' ],
1059 silly audit   'escape-string-regexp': [ '4.0.0' ],
1059 silly audit   eslint: [ '9.39.4' ],
1059 silly audit   'eslint-config-next': [ '16.2.3' ],
1059 silly audit   globals: [ '16.4.0', '14.0.0' ],
1059 silly audit   'eslint-import-resolver-node': [ '0.3.10' ],
1059 silly audit   'eslint-import-resolver-typescript': [ '3.10.1' ],
1059 silly audit   'eslint-module-utils': [ '2.12.1' ],
1059 silly audit   'eslint-plugin-import': [ '2.32.0' ],
1059 silly audit   'eslint-plugin-jsx-a11y': [ '6.10.2' ],
1059 silly audit   'eslint-plugin-react': [ '7.37.5' ],
1059 silly audit   'eslint-plugin-react-hooks': [ '7.0.1' ],
1059 silly audit   'eslint-scope': [ '8.4.0' ],
1059 silly audit   espree: [ '10.4.0' ],
1059 silly audit   esquery: [ '1.7.0' ],
1059 silly audit   esrecurse: [ '4.3.0' ],
1059 silly audit   estraverse: [ '5.3.0' ],
1059 silly audit   esutils: [ '2.0.3' ],
1059 silly audit   'fast-deep-equal': [ '3.1.3' ],
1059 silly audit   'fast-glob': [ '3.3.1' ],
1059 silly audit   'glob-parent': [ '5.1.2', '6.0.2' ],
1059 silly audit   'fast-json-stable-stringify': [ '2.1.0' ],
1059 silly audit   'fast-levenshtein': [ '2.0.6' ],
1059 silly audit   fastq: [ '1.20.1' ],
1059 silly audit   'file-entry-cache': [ '8.0.0' ],
1059 silly audit   'fill-range': [ '7.1.1' ],
1059 silly audit   'find-up': [ '5.0.0' ],
1059 silly audit   'flat-cache': [ '4.0.1' ],
1059 silly audit   flatted: [ '3.4.2' ],
1059 silly audit   'for-each': [ '0.3.5' ],
1059 silly audit   'function-bind': [ '1.1.2' ],
1059 silly audit   'function.prototype.name': [ '1.1.8' ],
1059 silly audit   'functions-have-names': [ '1.2.3' ],
1059 silly audit   'generator-function': [ '2.0.1' ],
1059 silly audit   gensync: [ '1.0.0-beta.2' ],
1059 silly audit   'get-intrinsic': [ '1.3.0' ],
1059 silly audit   'get-proto': [ '1.0.1' ],
1059 silly audit   'get-symbol-description': [ '1.1.0' ],
1059 silly audit   'get-tsconfig': [ '4.14.0' ],
1059 silly audit   globalthis: [ '1.0.4' ],
1059 silly audit   gopd: [ '1.2.0' ],
1059 silly audit   'graceful-fs': [ '4.2.11' ],
1059 silly audit   'has-bigints': [ '1.1.0' ],
1059 silly audit   'has-flag': [ '4.0.0' ],
1059 silly audit   'has-property-descriptors': [ '1.0.2' ],
1059 silly audit   'has-proto': [ '1.2.0' ],
1059 silly audit   'has-symbols': [ '1.1.0' ],
1059 silly audit   'has-tostringtag': [ '1.0.2' ],
1059 silly audit   hasown: [ '2.0.2' ],
1059 silly audit   'hermes-estree': [ '0.25.1' ],
1059 silly audit   'hermes-parser': [ '0.25.1' ],
1059 silly audit   'iceberg-js': [ '0.8.1' ],
1059 silly audit   'import-fresh': [ '3.3.1' ],
1059 silly audit   imurmurhash: [ '0.1.4' ],
1059 silly audit   'internal-slot': [ '1.1.0' ],
1059 silly audit   'is-array-buffer': [ '3.0.5' ],
1059 silly audit   'is-async-function': [ '2.1.1' ],
1059 silly audit   'is-bigint': [ '1.1.0' ],
1059 silly audit   'is-boolean-object': [ '1.2.2' ],
1059 silly audit   'is-bun-module': [ '2.0.0' ],
1059 silly audit   'is-callable': [ '1.2.7' ],
1059 silly audit   'is-core-module': [ '2.16.1' ],
1059 silly audit   'is-data-view': [ '1.0.2' ],
1059 silly audit   'is-date-object': [ '1.1.0' ],
1059 silly audit   'is-extglob': [ '2.1.1' ],
1059 silly audit   'is-finalizationregistry': [ '1.1.1' ],
1059 silly audit   'is-generator-function': [ '1.1.2' ],
1059 silly audit   'is-glob': [ '4.0.3' ],
1059 silly audit   'is-map': [ '2.0.3' ],
1059 silly audit   'is-negative-zero': [ '2.0.3' ],
1059 silly audit   'is-number': [ '7.0.0' ],
1059 silly audit   'is-number-object': [ '1.1.1' ],
1059 silly audit   'is-regex': [ '1.2.1' ],
1059 silly audit   'is-set': [ '2.0.3' ],
1059 silly audit   'is-shared-array-buffer': [ '1.0.4' ],
1059 silly audit   'is-string': [ '1.1.1' ],
1059 silly audit   'is-symbol': [ '1.1.1' ],
1059 silly audit   'is-typed-array': [ '1.1.15' ],
1059 silly audit   'is-weakmap': [ '2.0.2' ],
1059 silly audit   'is-weakref': [ '1.1.1' ],
1059 silly audit   'is-weakset': [ '2.0.4' ],
1059 silly audit   isarray: [ '2.0.5' ],
1059 silly audit   isexe: [ '2.0.0' ],
1059 silly audit   'iterator.prototype': [ '1.1.5' ],
1059 silly audit   jiti: [ '2.6.1' ],
1059 silly audit   'js-tokens': [ '4.0.0', '9.0.1' ],
1059 silly audit   'js-yaml': [ '4.1.1' ],
1059 silly audit   jsesc: [ '3.1.0' ],
1059 silly audit   'json-buffer': [ '3.0.1' ],
1059 silly audit   'json-schema-traverse': [ '0.4.1' ],
1059 silly audit   'json-stable-stringify-without-jsonify': [ '1.0.1' ],
1059 silly audit   json5: [ '2.2.3', '1.0.2' ],
1059 silly audit   'jsx-ast-utils': [ '3.3.5' ],
1059 silly audit   keyv: [ '4.5.4' ],
1059 silly audit   'language-subtag-registry': [ '0.3.23' ],
1059 silly audit   'language-tags': [ '1.0.9' ],
1059 silly audit   levn: [ '0.4.1' ],
1059 silly audit   lightningcss: [ '1.32.0' ],
1059 silly audit   'lightningcss-android-arm64': [ '1.32.0' ],
1059 silly audit   'lightningcss-darwin-arm64': [ '1.32.0' ],
1059 silly audit   'lightningcss-darwin-x64': [ '1.32.0' ],
1059 silly audit   'lightningcss-freebsd-x64': [ '1.32.0' ],
1059 silly audit   'lightningcss-linux-arm-gnueabihf': [ '1.32.0' ],
1059 silly audit   'lightningcss-linux-arm64-gnu': [ '1.32.0' ],
1059 silly audit   'lightningcss-linux-arm64-musl': [ '1.32.0' ],
1059 silly audit   'lightningcss-linux-x64-gnu': [ '1.32.0' ],
1059 silly audit   'lightningcss-linux-x64-musl': [ '1.32.0' ],
1059 silly audit   'lightningcss-win32-arm64-msvc': [ '1.32.0' ],
1059 silly audit   'lightningcss-win32-x64-msvc': [ '1.32.0' ],
1059 silly audit   'locate-path': [ '6.0.0' ],
1059 silly audit   'lodash.merge': [ '4.6.2' ],
1059 silly audit   'loose-envify': [ '1.4.0' ],
1059 silly audit   'lru-cache': [ '5.1.1', '10.4.3' ],
1059 silly audit   'magic-string': [ '0.30.21' ],
1059 silly audit   'math-intrinsics': [ '1.1.0' ],
1059 silly audit   'memory-pager': [ '1.5.0' ],
1059 silly audit   merge2: [ '1.4.1' ],
1059 silly audit   micromatch: [ '4.0.8' ],
1059 silly audit   minimist: [ '1.2.8' ],
1059 silly audit   mongodb: [ '6.21.0' ],
1059 silly audit   'mongodb-connection-string-url': [ '3.0.2' ],
1059 silly audit   ms: [ '2.1.3' ],
1059 silly audit   nanoid: [ '3.3.11' ],
1059 silly audit   'napi-postinstall': [ '0.3.4' ],
1059 silly audit   'natural-compare': [ '1.4.0' ],
1059 silly audit   next: [ '16.2.3' ],
1059 silly audit   postcss: [ '8.4.31', '8.5.9' ],
1059 silly audit   'node-exports-info': [ '1.6.0' ],
1059 silly audit   'node-releases': [ '2.0.37' ],
1059 silly audit   'object-assign': [ '4.1.1' ],
1059 silly audit   'object-inspect': [ '1.13.4' ],
1059 silly audit   'object-keys': [ '1.1.1' ],
1059 silly audit   'object.assign': [ '4.1.7' ],
1059 silly audit   'object.entries': [ '1.1.9' ],
1059 silly audit   'object.fromentries': [ '2.0.8' ],
1059 silly audit   'object.groupby': [ '1.0.3' ],
1059 silly audit   'object.values': [ '1.2.1' ],
1059 silly audit   optionator: [ '0.9.4' ],
1059 silly audit   'own-keys': [ '1.0.1' ],
1059 silly audit   'p-limit': [ '3.1.0', '5.0.0' ],
1059 silly audit   'p-locate': [ '5.0.0' ],
1059 silly audit   'parent-module': [ '1.0.1' ],
1059 silly audit   'path-exists': [ '4.0.0' ],
1059 silly audit   'path-key': [ '3.1.1', '4.0.0' ],
1059 silly audit   'path-parse': [ '1.0.7' ],
1059 silly audit   picocolors: [ '1.1.1' ],
1059 silly audit   picomatch: [ '2.3.2', '4.0.4' ],
1059 silly audit   'possible-typed-array-names': [ '1.1.0' ],
1059 silly audit   'prelude-ls': [ '1.2.1' ],
1059 silly audit   'prop-types': [ '15.8.1' ],
1059 silly audit   punycode: [ '2.3.1' ],
1059 silly audit   'queue-microtask': [ '1.2.3' ],
1059 silly audit   react: [ '19.2.4' ],
1059 silly audit   'react-dom': [ '19.2.4' ],
1059 silly audit   'react-is': [ '16.13.1', '18.3.1' ],
1059 silly audit   'reflect.getprototypeof': [ '1.0.10' ],
1059 silly audit   'regexp.prototype.flags': [ '1.5.4' ],
1059 silly audit   resolve: [ '2.0.0-next.6' ],
1059 silly audit   'resolve-from': [ '4.0.0' ],
1059 silly audit   'resolve-pkg-maps': [ '1.0.0' ],
1059 silly audit   reusify: [ '1.1.0' ],
1059 silly audit   'run-parallel': [ '1.2.0' ],
1059 silly audit   'safe-array-concat': [ '1.1.3' ],
1059 silly audit   'safe-push-apply': [ '1.0.0' ],
1059 silly audit   'safe-regex-test': [ '1.1.0' ],
1059 silly audit   scheduler: [ '0.27.0' ],
1059 silly audit   'set-function-length': [ '1.2.2' ],
1059 silly audit   'set-function-name': [ '2.0.2' ],
1059 silly audit   'set-proto': [ '1.0.0' ],
1059 silly audit   sharp: [ '0.34.5' ],
1059 silly audit   'shebang-command': [ '2.0.0' ],
1059 silly audit   'shebang-regex': [ '3.0.0' ],
1059 silly audit   'side-channel': [ '1.1.0' ],
1059 silly audit   'side-channel-list': [ '1.0.1' ],
1059 silly audit   'side-channel-map': [ '1.0.1' ],
1059 silly audit   'side-channel-weakmap': [ '1.0.2' ],
1059 silly audit   'source-map-js': [ '1.2.1' ],
1059 silly audit   'sparse-bitfield': [ '3.0.3' ],
1059 silly audit   'stable-hash': [ '0.0.5' ],
1059 silly audit   'stop-iteration-iterator': [ '1.1.0' ],
1059 silly audit   'string.prototype.includes': [ '2.0.1' ],
1059 silly audit   'string.prototype.matchall': [ '4.0.12' ],
1059 silly audit   'string.prototype.repeat': [ '1.0.0' ],
1059 silly audit   'string.prototype.trim': [ '1.2.10' ],
1059 silly audit   'string.prototype.trimend': [ '1.0.9' ],
1059 silly audit   'string.prototype.trimstart': [ '1.0.8' ],
1059 silly audit   'strip-bom': [ '3.0.0' ],
1059 silly audit   'strip-json-comments': [ '3.1.1' ],
1059 silly audit   'styled-jsx': [ '5.1.6' ],
1059 silly audit   'supports-color': [ '7.2.0' ],
1059 silly audit   'supports-preserve-symlinks-flag': [ '1.0.0' ],
1059 silly audit   tailwindcss: [ '4.2.2' ],
1059 silly audit   tapable: [ '2.3.2' ],
1059 silly audit   tinyglobby: [ '0.2.16' ],
1059 silly audit   fdir: [ '6.5.0' ],
1059 silly audit   'to-regex-range': [ '5.0.1' ],
1059 silly audit   tr46: [ '5.1.1' ],
1059 silly audit   'ts-api-utils': [ '2.5.0' ],
1059 silly audit   'tsconfig-paths': [ '3.15.0' ],
1059 silly audit   tslib: [ '2.8.1' ],
1059 silly audit   'type-check': [ '0.4.0' ],
1059 silly audit   'typed-array-buffer': [ '1.0.3' ],
1059 silly audit   'typed-array-byte-length': [ '1.0.3' ],
1059 silly audit   'typed-array-byte-offset': [ '1.0.4' ],
1059 silly audit   'typed-array-length': [ '1.0.7' ],
1059 silly audit   typescript: [ '5.9.3' ],
1059 silly audit   'typescript-eslint': [ '8.58.2' ],
1059 silly audit   'unbox-primitive': [ '1.1.0' ],
1059 silly audit   'undici-types': [ '6.21.0' ],
1059 silly audit   'unrs-resolver': [ '1.11.1' ],
1059 silly audit   'update-browserslist-db': [ '1.2.3' ],
1059 silly audit   'uri-js': [ '4.4.1' ],
1059 silly audit   'webidl-conversions': [ '7.0.0' ],
1059 silly audit   'whatwg-url': [ '14.2.0' ],
1059 silly audit   which: [ '2.0.2' ],
1059 silly audit   'which-boxed-primitive': [ '1.1.1' ],
1059 silly audit   'which-builtin-type': [ '1.2.1' ],
1059 silly audit   'which-collection': [ '1.0.2' ],
1059 silly audit   'which-typed-array': [ '1.1.20' ],
1059 silly audit   'word-wrap': [ '1.2.5' ],
1059 silly audit   ws: [ '8.20.0' ],
1059 silly audit   yallist: [ '3.1.1' ],
1059 silly audit   'yocto-queue': [ '0.1.0', '1.2.2' ],
1059 silly audit   zod: [ '3.25.76' ],
1059 silly audit   'zod-validation-error': [ '4.0.2' ],
1059 silly audit   '@vitejs/plugin-react': [ '4.7.0' ],
1059 silly audit   vite: [ '7.3.2', '5.4.21' ],
1059 silly audit   jsdom: [ '24.1.3' ],
1059 silly audit   tsx: [ '4.21.0' ],
1059 silly audit   vitest: [ '1.6.1' ],
1059 silly audit   '@babel/plugin-transform-react-jsx-self': [ '7.27.1' ],
1059 silly audit   '@babel/plugin-transform-react-jsx-source': [ '7.27.1' ],
1059 silly audit   '@rolldown/pluginutils': [ '1.0.0-beta.27' ],
1059 silly audit   '@types/babel__core': [ '7.20.5' ],
1059 silly audit   'react-refresh': [ '0.17.0' ],
1059 silly audit   '@babel/helper-plugin-utils': [ '7.28.6' ],
1059 silly audit   '@types/babel__generator': [ '7.27.0' ],
1059 silly audit   '@types/babel__template': [ '7.4.4' ],
1059 silly audit   '@types/babel__traverse': [ '7.28.0' ],
1059 silly audit   cssstyle: [ '4.6.0' ],
1059 silly audit   'data-urls': [ '5.0.0' ],
1059 silly audit   'decimal.js': [ '10.6.0' ],
1059 silly audit   'form-data': [ '4.0.5' ],
1059 silly audit   'html-encoding-sniffer': [ '4.0.0' ],
1059 silly audit   'http-proxy-agent': [ '7.0.2' ],
1059 silly audit   'https-proxy-agent': [ '7.0.6' ],
1059 silly audit   'is-potential-custom-element-name': [ '1.0.1' ],
1059 silly audit   nwsapi: [ '2.2.23' ],
1059 silly audit   parse5: [ '7.3.0' ],
1059 silly audit   'rrweb-cssom': [ '0.7.1', '0.8.0' ],
1059 silly audit   saxes: [ '6.0.0' ],
1059 silly audit   'symbol-tree': [ '3.2.4' ],
1059 silly audit   'tough-cookie': [ '4.1.4' ],
1059 silly audit   'w3c-xmlserializer': [ '5.0.0' ],
1059 silly audit   'whatwg-encoding': [ '3.1.1' ],
1059 silly audit   'whatwg-mimetype': [ '4.0.0' ],
1059 silly audit   'xml-name-validator': [ '5.0.0' ],
1059 silly audit   '@asamuzakjp/css-color': [ '3.2.0' ],
1059 silly audit   '@csstools/css-calc': [ '2.1.4' ],
1059 silly audit   '@csstools/css-tokenizer': [ '3.0.4' ],
1059 silly audit   '@csstools/css-parser-algorithms': [ '3.0.5' ],
1059 silly audit   '@csstools/css-color-parser': [ '3.1.0' ],
1059 silly audit   '@csstools/color-helpers': [ '5.1.0' ],
1059 silly audit   asynckit: [ '0.4.0' ],
1059 silly audit   'combined-stream': [ '1.0.8' ],
1059 silly audit   'mime-types': [ '2.1.35' ],
1059 silly audit   'delayed-stream': [ '1.0.0' ],
1059 silly audit   'agent-base': [ '7.1.4' ],
1059 silly audit   'mime-db': [ '1.52.0' ],
1059 silly audit   entities: [ '6.0.1' ],
1059 silly audit   xmlchars: [ '2.2.0' ],
1059 silly audit   psl: [ '1.15.0' ],
1059 silly audit   universalify: [ '0.2.0' ],
1059 silly audit   'url-parse': [ '1.5.10' ],
1059 silly audit   esbuild: [ '0.27.7', '0.21.5' ],
1059 silly audit   fsevents: [ '2.3.3' ],
1059 silly audit   '@esbuild/aix-ppc64': [ '0.27.7', '0.21.5' ],
1059 silly audit   '@esbuild/android-arm': [ '0.27.7', '0.21.5' ],
1059 silly audit   '@esbuild/android-arm64': [ '0.27.7', '0.21.5' ],
1059 silly audit   '@esbuild/android-x64': [ '0.27.7', '0.21.5' ],
1059 silly audit   '@esbuild/darwin-arm64': [ '0.27.7', '0.21.5' ],
1059 silly audit   '@esbuild/darwin-x64': [ '0.27.7', '0.21.5' ],
1059 silly audit   '@esbuild/freebsd-arm64': [ '0.27.7', '0.21.5' ],
1059 silly audit   '@esbuild/freebsd-x64': [ '0.27.7', '0.21.5' ],
1059 silly audit   '@esbuild/linux-arm': [ '0.27.7', '0.21.5' ],
1059 silly audit   '@esbuild/linux-arm64': [ '0.27.7', '0.21.5' ],
1059 silly audit   '@esbuild/linux-ia32': [ '0.27.7', '0.21.5' ],
1059 silly audit   '@esbuild/linux-loong64': [ '0.27.7', '0.21.5' ],
1059 silly audit   '@esbuild/linux-mips64el': [ '0.27.7', '0.21.5' ],
1059 silly audit   '@esbuild/linux-ppc64': [ '0.27.7', '0.21.5' ],
1059 silly audit   '@esbuild/linux-riscv64': [ '0.27.7', '0.21.5' ],
1059 silly audit   '@esbuild/linux-s390x': [ '0.27.7', '0.21.5' ],
1059 silly audit   '@esbuild/linux-x64': [ '0.27.7', '0.21.5' ],
1059 silly audit   '@esbuild/netbsd-arm64': [ '0.27.7' ],
1059 silly audit   '@esbuild/netbsd-x64': [ '0.27.7', '0.21.5' ],
1059 silly audit   '@esbuild/openbsd-arm64': [ '0.27.7' ],
1059 silly audit   '@esbuild/openbsd-x64': [ '0.27.7', '0.21.5' ],
1059 silly audit   '@esbuild/openharmony-arm64': [ '0.27.7' ],
1059 silly audit   '@esbuild/sunos-x64': [ '0.27.7', '0.21.5' ],
1059 silly audit   '@esbuild/win32-arm64': [ '0.27.7', '0.21.5' ],
1059 silly audit   '@esbuild/win32-ia32': [ '0.27.7', '0.21.5' ],
1059 silly audit   '@esbuild/win32-x64': [ '0.27.7', '0.21.5' ],
1059 silly audit   querystringify: [ '2.2.0' ],
1059 silly audit   'requires-port': [ '1.0.0' ],
1059 silly audit   rollup: [ '4.60.2' ],
1059 silly audit   '@rollup/rollup-android-arm-eabi': [ '4.60.2' ],
1059 silly audit   '@rollup/rollup-android-arm64': [ '4.60.2' ],
1059 silly audit   '@rollup/rollup-darwin-arm64': [ '4.60.2' ],
1059 silly audit   '@rollup/rollup-darwin-x64': [ '4.60.2' ],
1059 silly audit   '@rollup/rollup-freebsd-arm64': [ '4.60.2' ],
1059 silly audit   '@rollup/rollup-freebsd-x64': [ '4.60.2' ],
1059 silly audit   '@rollup/rollup-linux-arm-gnueabihf': [ '4.60.2' ],
1059 silly audit   '@rollup/rollup-linux-arm-musleabihf': [ '4.60.2' ],
1059 silly audit   '@rollup/rollup-linux-arm64-gnu': [ '4.60.2' ],
1059 silly audit   '@rollup/rollup-linux-arm64-musl': [ '4.60.2' ],
1059 silly audit   '@rollup/rollup-linux-loong64-gnu': [ '4.60.2' ],
1059 silly audit   '@rollup/rollup-linux-loong64-musl': [ '4.60.2' ],
1059 silly audit   '@rollup/rollup-linux-ppc64-gnu': [ '4.60.2' ],
1059 silly audit   '@rollup/rollup-linux-ppc64-musl': [ '4.60.2' ],
1059 silly audit   '@rollup/rollup-linux-riscv64-gnu': [ '4.60.2' ],
1059 silly audit   '@rollup/rollup-linux-riscv64-musl': [ '4.60.2' ],
1059 silly audit   '@rollup/rollup-linux-s390x-gnu': [ '4.60.2' ],
1059 silly audit   '@rollup/rollup-linux-x64-gnu': [ '4.60.2' ],
1059 silly audit   '@rollup/rollup-linux-x64-musl': [ '4.60.2' ],
1059 silly audit   '@rollup/rollup-openbsd-x64': [ '4.60.2' ],
1059 silly audit   '@rollup/rollup-openharmony-arm64': [ '4.60.2' ],
1059 silly audit   '@rollup/rollup-win32-arm64-msvc': [ '4.60.2' ],
1059 silly audit   '@rollup/rollup-win32-ia32-msvc': [ '4.60.2' ],
1059 silly audit   '@rollup/rollup-win32-x64-gnu': [ '4.60.2' ],
1059 silly audit   '@rollup/rollup-win32-x64-msvc': [ '4.60.2' ],
1059 silly audit   '@vitest/expect': [ '1.6.1' ],
1059 silly audit   '@vitest/runner': [ '1.6.1' ],
1059 silly audit   '@vitest/snapshot': [ '1.6.1' ],
1059 silly audit   '@vitest/spy': [ '1.6.1' ],
1059 silly audit   '@vitest/utils': [ '1.6.1' ],
1059 silly audit   'acorn-walk': [ '8.3.5' ],
1059 silly audit   chai: [ '4.5.0' ],
1059 silly audit   execa: [ '8.0.1' ],
1059 silly audit   'local-pkg': [ '0.5.1' ],
1059 silly audit   pathe: [ '1.1.2', '2.0.3' ],
1059 silly audit   'std-env': [ '3.10.0' ],
1059 silly audit   'strip-literal': [ '2.1.1' ],
1059 silly audit   tinybench: [ '2.9.0' ],
1059 silly audit   tinypool: [ '0.8.4' ],
1059 silly audit   'vite-node': [ '1.6.1' ],
1059 silly audit   'why-is-node-running': [ '2.3.0' ],
1059 silly audit   'pretty-format': [ '29.7.0' ],
1059 silly audit   tinyspy: [ '2.2.1' ],
1059 silly audit   'diff-sequences': [ '29.6.3' ],
1059 silly audit   'estree-walker': [ '3.0.3' ],
1059 silly audit   loupe: [ '2.3.7' ],
1059 silly audit   'assertion-error': [ '1.1.0' ],
1059 silly audit   'check-error': [ '1.0.3' ],
1059 silly audit   'deep-eql': [ '4.1.4' ],
1059 silly audit   'get-func-name': [ '2.0.2' ],
1059 silly audit   pathval: [ '1.1.1' ],
1059 silly audit   'type-detect': [ '4.1.0' ],
1059 silly audit   'get-stream': [ '8.0.1' ],
1059 silly audit   'human-signals': [ '5.0.0' ],
1059 silly audit   'is-stream': [ '3.0.0' ],
1059 silly audit   'merge-stream': [ '2.0.0' ],
1059 silly audit   'npm-run-path': [ '5.3.0' ],
1059 silly audit   onetime: [ '6.0.0' ],
1059 silly audit   'signal-exit': [ '4.1.0' ],
1059 silly audit   'strip-final-newline': [ '3.0.0' ],
1059 silly audit   mlly: [ '1.8.2' ],
1059 silly audit   'pkg-types': [ '1.3.1' ],
1059 silly audit   ufo: [ '1.6.3' ],
1059 silly audit   'mimic-fn': [ '4.0.0' ],
1059 silly audit   confbox: [ '0.1.8' ],
1059 silly audit   '@jest/schemas': [ '29.6.3' ],
1059 silly audit   '@sinclair/typebox': [ '0.27.10' ],
1059 silly audit   cac: [ '6.7.14' ],
1059 silly audit   'iconv-lite': [ '0.6.3' ],
1059 silly audit   'safer-buffer': [ '2.1.2' ],
1059 silly audit   siginfo: [ '2.0.0' ],
1059 silly audit   stackback: [ '0.0.2' ]
1059 silly audit }
1060 http cache siginfo@https://registry.npmjs.org/siginfo/-/siginfo-2.0.0.tgz 0ms (cache hit)
1061 http cache stackback@https://registry.npmjs.org/stackback/-/stackback-0.0.2.tgz 0ms (cache hit)
1062 http cache safer-buffer@https://registry.npmjs.org/safer-buffer/-/safer-buffer-2.1.2.tgz 0ms (cache hit)
1063 http cache iconv-lite@https://registry.npmjs.org/iconv-lite/-/iconv-lite-0.6.3.tgz 0ms (cache hit)
1064 http cache cac@https://registry.npmjs.org/cac/-/cac-6.7.14.tgz 0ms (cache hit)
1065 http cache @sinclair/typebox@https://registry.npmjs.org/@sinclair/typebox/-/typebox-0.27.10.tgz 0ms (cache hit)
1066 http cache @jest/schemas@https://registry.npmjs.org/@jest/schemas/-/schemas-29.6.3.tgz 0ms (cache hit)
1067 http cache ufo@https://registry.npmjs.org/ufo/-/ufo-1.6.3.tgz 0ms (cache hit)
1068 http cache mimic-fn@https://registry.npmjs.org/mimic-fn/-/mimic-fn-4.0.0.tgz 0ms (cache hit)
1069 http cache pkg-types@https://registry.npmjs.org/pkg-types/-/pkg-types-1.3.1.tgz 0ms (cache hit)
1070 http cache confbox@https://registry.npmjs.org/confbox/-/confbox-0.1.8.tgz 0ms (cache hit)
1071 http cache strip-final-newline@https://registry.npmjs.org/strip-final-newline/-/strip-final-newline-3.0.0.tgz 0ms (cache hit)
1072 http cache mlly@https://registry.npmjs.org/mlly/-/mlly-1.8.2.tgz 0ms (cache hit)
1073 http cache signal-exit@https://registry.npmjs.org/signal-exit/-/signal-exit-4.1.0.tgz 0ms (cache hit)
1074 http cache onetime@https://registry.npmjs.org/onetime/-/onetime-6.0.0.tgz 0ms (cache hit)
1075 http cache is-stream@https://registry.npmjs.org/is-stream/-/is-stream-3.0.0.tgz 0ms (cache hit)
1076 http cache human-signals@https://registry.npmjs.org/human-signals/-/human-signals-5.0.0.tgz 0ms (cache hit)
1077 http cache npm-run-path@https://registry.npmjs.org/npm-run-path/-/npm-run-path-5.3.0.tgz 0ms (cache hit)
1078 http cache merge-stream@https://registry.npmjs.org/merge-stream/-/merge-stream-2.0.0.tgz 0ms (cache hit)
1079 http cache get-stream@https://registry.npmjs.org/get-stream/-/get-stream-8.0.1.tgz 0ms (cache hit)
1080 http cache pathval@https://registry.npmjs.org/pathval/-/pathval-1.1.1.tgz 0ms (cache hit)
1081 http cache deep-eql@https://registry.npmjs.org/deep-eql/-/deep-eql-4.1.4.tgz 0ms (cache hit)
1082 http cache get-func-name@https://registry.npmjs.org/get-func-name/-/get-func-name-2.0.2.tgz 0ms (cache hit)
1083 http cache check-error@https://registry.npmjs.org/check-error/-/check-error-1.0.3.tgz 0ms (cache hit)
1084 http cache estree-walker@https://registry.npmjs.org/estree-walker/-/estree-walker-3.0.3.tgz 0ms (cache hit)
1085 http cache assertion-error@https://registry.npmjs.org/assertion-error/-/assertion-error-1.1.0.tgz 0ms (cache hit)
1086 http cache loupe@https://registry.npmjs.org/loupe/-/loupe-2.3.7.tgz 0ms (cache hit)
1087 http cache diff-sequences@https://registry.npmjs.org/diff-sequences/-/diff-sequences-29.6.3.tgz 0ms (cache hit)
1088 http cache pretty-format@https://registry.npmjs.org/pretty-format/-/pretty-format-29.7.0.tgz 0ms (cache hit)
1089 http cache tinyspy@https://registry.npmjs.org/tinyspy/-/tinyspy-2.2.1.tgz 0ms (cache hit)
1090 http cache tinybench@https://registry.npmjs.org/tinybench/-/tinybench-2.9.0.tgz 0ms (cache hit)
1091 http cache tinypool@https://registry.npmjs.org/tinypool/-/tinypool-0.8.4.tgz 0ms (cache hit)
1092 http cache why-is-node-running@https://registry.npmjs.org/why-is-node-running/-/why-is-node-running-2.3.0.tgz 0ms (cache hit)
1093 http cache vite-node@https://registry.npmjs.org/vite-node/-/vite-node-1.6.1.tgz 0ms (cache hit)
1094 http cache strip-literal@https://registry.npmjs.org/strip-literal/-/strip-literal-2.1.1.tgz 0ms (cache hit)
1095 http cache pathe@https://registry.npmjs.org/pathe/-/pathe-1.1.2.tgz 0ms (cache hit)
1096 http cache execa@https://registry.npmjs.org/execa/-/execa-8.0.1.tgz 0ms (cache hit)
1097 http cache local-pkg@https://registry.npmjs.org/local-pkg/-/local-pkg-0.5.1.tgz 0ms (cache hit)
1098 http cache chai@https://registry.npmjs.org/chai/-/chai-4.5.0.tgz 0ms (cache hit)
1099 http cache std-env@https://registry.npmjs.org/std-env/-/std-env-3.10.0.tgz 0ms (cache hit)
1100 http cache acorn-walk@https://registry.npmjs.org/acorn-walk/-/acorn-walk-8.3.5.tgz 0ms (cache hit)
1101 http cache @vitest/utils@https://registry.npmjs.org/@vitest/utils/-/utils-1.6.1.tgz 0ms (cache hit)
1102 http cache @vitest/snapshot@https://registry.npmjs.org/@vitest/snapshot/-/snapshot-1.6.1.tgz 0ms (cache hit)
1103 http cache @vitest/spy@https://registry.npmjs.org/@vitest/spy/-/spy-1.6.1.tgz 0ms (cache hit)
1104 http cache @vitest/expect@https://registry.npmjs.org/@vitest/expect/-/expect-1.6.1.tgz 0ms (cache hit)
1105 http cache @rollup/rollup-darwin-arm64@https://registry.npmjs.org/@rollup/rollup-darwin-arm64/-/rollup-darwin-arm64-4.60.2.tgz 0ms (cache hit)
1106 http cache requires-port@https://registry.npmjs.org/requires-port/-/requires-port-1.0.0.tgz 0ms (cache hit)
1107 http cache querystringify@https://registry.npmjs.org/querystringify/-/querystringify-2.2.0.tgz 0ms (cache hit)
1108 http cache @esbuild/darwin-arm64@https://registry.npmjs.org/@esbuild/darwin-arm64/-/darwin-arm64-0.27.7.tgz 0ms (cache hit)
1109 http cache fsevents@https://registry.npmjs.org/fsevents/-/fsevents-2.3.3.tgz 0ms (cache hit)
1110 http cache rollup@https://registry.npmjs.org/rollup/-/rollup-4.60.2.tgz 0ms (cache hit)
1111 http cache url-parse@https://registry.npmjs.org/url-parse/-/url-parse-1.5.10.tgz 0ms (cache hit)
1112 http cache @vitest/runner@https://registry.npmjs.org/@vitest/runner/-/runner-1.6.1.tgz 0ms (cache hit)
1113 http cache esbuild@https://registry.npmjs.org/esbuild/-/esbuild-0.27.7.tgz 0ms (cache hit)
1114 http cache universalify@https://registry.npmjs.org/universalify/-/universalify-0.2.0.tgz 0ms (cache hit)
1115 http cache psl@https://registry.npmjs.org/psl/-/psl-1.15.0.tgz 0ms (cache hit)
1116 http cache entities@https://registry.npmjs.org/entities/-/entities-6.0.1.tgz 0ms (cache hit)
1117 http cache mime-db@https://registry.npmjs.org/mime-db/-/mime-db-1.52.0.tgz 0ms (cache hit)
1118 http cache xmlchars@https://registry.npmjs.org/xmlchars/-/xmlchars-2.2.0.tgz 0ms (cache hit)
1119 http cache type-detect@https://registry.npmjs.org/type-detect/-/type-detect-4.1.0.tgz 0ms (cache hit)
1120 http cache agent-base@https://registry.npmjs.org/agent-base/-/agent-base-7.1.4.tgz 0ms (cache hit)
1121 http cache delayed-stream@https://registry.npmjs.org/delayed-stream/-/delayed-stream-1.0.0.tgz 0ms (cache hit)
1122 http cache asynckit@https://registry.npmjs.org/asynckit/-/asynckit-0.4.0.tgz 0ms (cache hit)
1123 http cache combined-stream@https://registry.npmjs.org/combined-stream/-/combined-stream-1.0.8.tgz 0ms (cache hit)
1124 http cache @csstools/color-helpers@https://registry.npmjs.org/@csstools/color-helpers/-/color-helpers-5.1.0.tgz 0ms (cache hit)
1125 http cache @csstools/css-parser-algorithms@https://registry.npmjs.org/@csstools/css-parser-algorithms/-/css-parser-algorithms-3.0.5.tgz 0ms (cache hit)
1126 http cache @csstools/css-color-parser@https://registry.npmjs.org/@csstools/css-color-parser/-/css-color-parser-3.1.0.tgz 0ms (cache hit)
1127 http cache @csstools/css-tokenizer@https://registry.npmjs.org/@csstools/css-tokenizer/-/css-tokenizer-3.0.4.tgz 0ms (cache hit)
1128 http cache @asamuzakjp/css-color@https://registry.npmjs.org/@asamuzakjp/css-color/-/css-color-3.2.0.tgz 0ms (cache hit)
1129 http cache mime-types@https://registry.npmjs.org/mime-types/-/mime-types-2.1.35.tgz 0ms (cache hit)
1130 http cache xml-name-validator@https://registry.npmjs.org/xml-name-validator/-/xml-name-validator-5.0.0.tgz 0ms (cache hit)
1131 http cache whatwg-encoding@https://registry.npmjs.org/whatwg-encoding/-/whatwg-encoding-3.1.1.tgz 0ms (cache hit)
1132 http cache w3c-xmlserializer@https://registry.npmjs.org/w3c-xmlserializer/-/w3c-xmlserializer-5.0.0.tgz 0ms (cache hit)
1133 http cache symbol-tree@https://registry.npmjs.org/symbol-tree/-/symbol-tree-3.2.4.tgz 0ms (cache hit)
1134 http cache @csstools/css-calc@https://registry.npmjs.org/@csstools/css-calc/-/css-calc-2.1.4.tgz 0ms (cache hit)
1135 http cache tough-cookie@https://registry.npmjs.org/tough-cookie/-/tough-cookie-4.1.4.tgz 0ms (cache hit)
1136 http cache whatwg-mimetype@https://registry.npmjs.org/whatwg-mimetype/-/whatwg-mimetype-4.0.0.tgz 0ms (cache hit)
1137 http cache saxes@https://registry.npmjs.org/saxes/-/saxes-6.0.0.tgz 0ms (cache hit)
1138 http cache nwsapi@https://registry.npmjs.org/nwsapi/-/nwsapi-2.2.23.tgz 0ms (cache hit)
1139 http cache rrweb-cssom@https://registry.npmjs.org/rrweb-cssom/-/rrweb-cssom-0.7.1.tgz 0ms (cache hit)
1140 http cache is-potential-custom-element-name@https://registry.npmjs.org/is-potential-custom-element-name/-/is-potential-custom-element-name-1.0.1.tgz 0ms (cache hit)
1141 http cache parse5@https://registry.npmjs.org/parse5/-/parse5-7.3.0.tgz 0ms (cache hit)
1142 http cache html-encoding-sniffer@https://registry.npmjs.org/html-encoding-sniffer/-/html-encoding-sniffer-4.0.0.tgz 0ms (cache hit)
1143 http cache https-proxy-agent@https://registry.npmjs.org/https-proxy-agent/-/https-proxy-agent-7.0.6.tgz 0ms (cache hit)
1144 http cache form-data@https://registry.npmjs.org/form-data/-/form-data-4.0.5.tgz 0ms (cache hit)
1145 http cache http-proxy-agent@https://registry.npmjs.org/http-proxy-agent/-/http-proxy-agent-7.0.2.tgz 0ms (cache hit)
1146 http cache cssstyle@https://registry.npmjs.org/cssstyle/-/cssstyle-4.6.0.tgz 0ms (cache hit)
1147 http cache decimal.js@https://registry.npmjs.org/decimal.js/-/decimal.js-10.6.0.tgz 0ms (cache hit)
1148 http cache @types/babel__template@https://registry.npmjs.org/@types/babel__template/-/babel__template-7.4.4.tgz 0ms (cache hit)
1149 http cache @types/babel__generator@https://registry.npmjs.org/@types/babel__generator/-/babel__generator-7.27.0.tgz 0ms (cache hit)
1150 http cache @babel/helper-plugin-utils@https://registry.npmjs.org/@babel/helper-plugin-utils/-/helper-plugin-utils-7.28.6.tgz 0ms (cache hit)
1151 http cache @types/babel__traverse@https://registry.npmjs.org/@types/babel__traverse/-/babel__traverse-7.28.0.tgz 0ms (cache hit)
1152 http cache data-urls@https://registry.npmjs.org/data-urls/-/data-urls-5.0.0.tgz 0ms (cache hit)
1153 http cache react-refresh@https://registry.npmjs.org/react-refresh/-/react-refresh-0.17.0.tgz 0ms (cache hit)
1154 http cache @babel/plugin-transform-react-jsx-self@https://registry.npmjs.org/@babel/plugin-transform-react-jsx-self/-/plugin-transform-react-jsx-self-7.27.1.tgz 0ms (cache hit)
1155 http cache @babel/plugin-transform-react-jsx-source@https://registry.npmjs.org/@babel/plugin-transform-react-jsx-source/-/plugin-transform-react-jsx-source-7.27.1.tgz 0ms (cache hit)
1156 http cache vitest@https://registry.npmjs.org/vitest/-/vitest-1.6.1.tgz 0ms (cache hit)
1157 http cache jsdom@https://registry.npmjs.org/jsdom/-/jsdom-24.1.3.tgz 0ms (cache hit)
1158 http cache vite@https://registry.npmjs.org/vite/-/vite-7.3.2.tgz 0ms (cache hit)
1159 http cache @rolldown/pluginutils@https://registry.npmjs.org/@rolldown/pluginutils/-/pluginutils-1.0.0-beta.27.tgz 0ms (cache hit)
1160 http cache @vitejs/plugin-react@https://registry.npmjs.org/@vitejs/plugin-react/-/plugin-react-4.7.0.tgz 0ms (cache hit)
1161 http cache tsx@https://registry.npmjs.org/tsx/-/tsx-4.21.0.tgz 0ms (cache hit)
1162 http cache zod-validation-error@https://registry.npmjs.org/zod-validation-error/-/zod-validation-error-4.0.2.tgz 0ms (cache hit)
1163 http cache zod@https://registry.npmjs.org/zod/-/zod-3.25.76.tgz 0ms (cache hit)
1164 http cache @types/babel__core@https://registry.npmjs.org/@types/babel__core/-/babel__core-7.20.5.tgz 0ms (cache hit)
1165 http cache yocto-queue@https://registry.npmjs.org/yocto-queue/-/yocto-queue-0.1.0.tgz 0ms (cache hit)
1166 http cache yallist@https://registry.npmjs.org/yallist/-/yallist-3.1.1.tgz 0ms (cache hit)
1167 http cache word-wrap@https://registry.npmjs.org/word-wrap/-/word-wrap-1.2.5.tgz 0ms (cache hit)
1168 http cache ws@https://registry.npmjs.org/ws/-/ws-8.20.0.tgz 0ms (cache hit)
1169 http cache which-builtin-type@https://registry.npmjs.org/which-builtin-type/-/which-builtin-type-1.2.1.tgz 0ms (cache hit)
1170 http cache which-typed-array@https://registry.npmjs.org/which-typed-array/-/which-typed-array-1.1.20.tgz 0ms (cache hit)
1171 http cache which-collection@https://registry.npmjs.org/which-collection/-/which-collection-1.0.2.tgz 0ms (cache hit)
1172 http cache which@https://registry.npmjs.org/which/-/which-2.0.2.tgz 0ms (cache hit)
1173 http cache which-boxed-primitive@https://registry.npmjs.org/which-boxed-primitive/-/which-boxed-primitive-1.1.1.tgz 0ms (cache hit)
1174 http cache whatwg-url@https://registry.npmjs.org/whatwg-url/-/whatwg-url-14.2.0.tgz 0ms (cache hit)
1175 http cache webidl-conversions@https://registry.npmjs.org/webidl-conversions/-/webidl-conversions-7.0.0.tgz 0ms (cache hit)
1176 http cache update-browserslist-db@https://registry.npmjs.org/update-browserslist-db/-/update-browserslist-db-1.2.3.tgz 0ms (cache hit)
1177 http cache uri-js@https://registry.npmjs.org/uri-js/-/uri-js-4.4.1.tgz 0ms (cache hit)
1178 http cache unrs-resolver@https://registry.npmjs.org/unrs-resolver/-/unrs-resolver-1.11.1.tgz 0ms (cache hit)
1179 http cache undici-types@https://registry.npmjs.org/undici-types/-/undici-types-6.21.0.tgz 0ms (cache hit)
1180 http cache typed-array-length@https://registry.npmjs.org/typed-array-length/-/typed-array-length-1.0.7.tgz 0ms (cache hit)
1181 http cache unbox-primitive@https://registry.npmjs.org/unbox-primitive/-/unbox-primitive-1.1.0.tgz 0ms (cache hit)
1182 http cache typescript@https://registry.npmjs.org/typescript/-/typescript-5.9.3.tgz 0ms (cache hit)
1183 http cache typescript-eslint@https://registry.npmjs.org/typescript-eslint/-/typescript-eslint-8.58.2.tgz 0ms (cache hit)
1184 http cache typed-array-byte-offset@https://registry.npmjs.org/typed-array-byte-offset/-/typed-array-byte-offset-1.0.4.tgz 0ms (cache hit)
1185 http cache tslib@https://registry.npmjs.org/tslib/-/tslib-2.8.1.tgz 0ms (cache hit)
1186 http cache type-check@https://registry.npmjs.org/type-check/-/type-check-0.4.0.tgz 0ms (cache hit)
1187 http cache typed-array-byte-length@https://registry.npmjs.org/typed-array-byte-length/-/typed-array-byte-length-1.0.3.tgz 0ms (cache hit)
1188 http cache tsconfig-paths@https://registry.npmjs.org/tsconfig-paths/-/tsconfig-paths-3.15.0.tgz 0ms (cache hit)
1189 http cache typed-array-buffer@https://registry.npmjs.org/typed-array-buffer/-/typed-array-buffer-1.0.3.tgz 0ms (cache hit)
1190 http cache ts-api-utils@https://registry.npmjs.org/ts-api-utils/-/ts-api-utils-2.5.0.tgz 0ms (cache hit)
1191 http cache tinyglobby@https://registry.npmjs.org/tinyglobby/-/tinyglobby-0.2.16.tgz 0ms (cache hit)
1192 http cache tapable@https://registry.npmjs.org/tapable/-/tapable-2.3.2.tgz 0ms (cache hit)
1193 http cache to-regex-range@https://registry.npmjs.org/to-regex-range/-/to-regex-range-5.0.1.tgz 0ms (cache hit)
1194 http cache tr46@https://registry.npmjs.org/tr46/-/tr46-5.1.1.tgz 0ms (cache hit)
1195 http cache tailwindcss@https://registry.npmjs.org/tailwindcss/-/tailwindcss-4.2.2.tgz 0ms (cache hit)
1196 http cache supports-preserve-symlinks-flag@https://registry.npmjs.org/supports-preserve-symlinks-flag/-/supports-preserve-symlinks-flag-1.0.0.tgz 0ms (cache hit)
1197 http cache styled-jsx@https://registry.npmjs.org/styled-jsx/-/styled-jsx-5.1.6.tgz 0ms (cache hit)
1198 http cache strip-bom@https://registry.npmjs.org/strip-bom/-/strip-bom-3.0.0.tgz 0ms (cache hit)
1199 http cache strip-json-comments@https://registry.npmjs.org/strip-json-comments/-/strip-json-comments-3.1.1.tgz 0ms (cache hit)
1200 http cache supports-color@https://registry.npmjs.org/supports-color/-/supports-color-7.2.0.tgz 0ms (cache hit)
1201 http cache string.prototype.trimend@https://registry.npmjs.org/string.prototype.trimend/-/string.prototype.trimend-1.0.9.tgz 0ms (cache hit)
1202 http cache string.prototype.trim@https://registry.npmjs.org/string.prototype.trim/-/string.prototype.trim-1.2.10.tgz 0ms (cache hit)
1203 http cache string.prototype.trimstart@https://registry.npmjs.org/string.prototype.trimstart/-/string.prototype.trimstart-1.0.8.tgz 0ms (cache hit)
1204 http cache stop-iteration-iterator@https://registry.npmjs.org/stop-iteration-iterator/-/stop-iteration-iterator-1.1.0.tgz 0ms (cache hit)
1205 http cache string.prototype.repeat@https://registry.npmjs.org/string.prototype.repeat/-/string.prototype.repeat-1.0.0.tgz 0ms (cache hit)
1206 http cache string.prototype.matchall@https://registry.npmjs.org/string.prototype.matchall/-/string.prototype.matchall-4.0.12.tgz 0ms (cache hit)
1207 http cache string.prototype.includes@https://registry.npmjs.org/string.prototype.includes/-/string.prototype.includes-2.0.1.tgz 0ms (cache hit)
1208 http cache sparse-bitfield@https://registry.npmjs.org/sparse-bitfield/-/sparse-bitfield-3.0.3.tgz 0ms (cache hit)
1209 http cache source-map-js@https://registry.npmjs.org/source-map-js/-/source-map-js-1.2.1.tgz 0ms (cache hit)
1210 http cache stable-hash@https://registry.npmjs.org/stable-hash/-/stable-hash-0.0.5.tgz 0ms (cache hit)
1211 http cache side-channel-weakmap@https://registry.npmjs.org/side-channel-weakmap/-/side-channel-weakmap-1.0.2.tgz 0ms (cache hit)
1212 http cache side-channel-list@https://registry.npmjs.org/side-channel-list/-/side-channel-list-1.0.1.tgz 0ms (cache hit)
1213 http cache side-channel-map@https://registry.npmjs.org/side-channel-map/-/side-channel-map-1.0.1.tgz 0ms (cache hit)
1214 http cache shebang-command@https://registry.npmjs.org/shebang-command/-/shebang-command-2.0.0.tgz 0ms (cache hit)
1215 http cache sharp@https://registry.npmjs.org/sharp/-/sharp-0.34.5.tgz 0ms (cache hit)
1216 http cache side-channel@https://registry.npmjs.org/side-channel/-/side-channel-1.1.0.tgz 0ms (cache hit)
1217 http cache shebang-regex@https://registry.npmjs.org/shebang-regex/-/shebang-regex-3.0.0.tgz 0ms (cache hit)
1218 http cache set-proto@https://registry.npmjs.org/set-proto/-/set-proto-1.0.0.tgz 0ms (cache hit)
1219 http cache set-function-name@https://registry.npmjs.org/set-function-name/-/set-function-name-2.0.2.tgz 0ms (cache hit)
1220 http cache semver@https://registry.npmjs.org/semver/-/semver-6.3.1.tgz 0ms (cache hit)
1221 http cache safe-regex-test@https://registry.npmjs.org/safe-regex-test/-/safe-regex-test-1.1.0.tgz 0ms (cache hit)
1222 http cache scheduler@https://registry.npmjs.org/scheduler/-/scheduler-0.27.0.tgz 0ms (cache hit)
1223 http cache set-function-length@https://registry.npmjs.org/set-function-length/-/set-function-length-1.2.2.tgz 0ms (cache hit)
1224 http cache safe-push-apply@https://registry.npmjs.org/safe-push-apply/-/safe-push-apply-1.0.0.tgz 0ms (cache hit)
1225 http cache safe-array-concat@https://registry.npmjs.org/safe-array-concat/-/safe-array-concat-1.1.3.tgz 0ms (cache hit)
1226 http cache run-parallel@https://registry.npmjs.org/run-parallel/-/run-parallel-1.2.0.tgz 0ms (cache hit)
1227 http cache resolve-pkg-maps@https://registry.npmjs.org/resolve-pkg-maps/-/resolve-pkg-maps-1.0.0.tgz 0ms (cache hit)
1228 http cache resolve-from@https://registry.npmjs.org/resolve-from/-/resolve-from-4.0.0.tgz 0ms (cache hit)
1229 http cache reusify@https://registry.npmjs.org/reusify/-/reusify-1.1.0.tgz 0ms (cache hit)
1230 http cache regexp.prototype.flags@https://registry.npmjs.org/regexp.prototype.flags/-/regexp.prototype.flags-1.5.4.tgz 0ms (cache hit)
1231 http cache reflect.getprototypeof@https://registry.npmjs.org/reflect.getprototypeof/-/reflect.getprototypeof-1.0.10.tgz 0ms (cache hit)
1232 http cache react-dom@https://registry.npmjs.org/react-dom/-/react-dom-19.2.4.tgz 0ms (cache hit)
1233 http cache resolve@https://registry.npmjs.org/resolve/-/resolve-2.0.0-next.6.tgz 0ms (cache hit)
1234 http cache queue-microtask@https://registry.npmjs.org/queue-microtask/-/queue-microtask-1.2.3.tgz 0ms (cache hit)
1235 http cache react-is@https://registry.npmjs.org/react-is/-/react-is-16.13.1.tgz 0ms (cache hit)
1236 http cache prop-types@https://registry.npmjs.org/prop-types/-/prop-types-15.8.1.tgz 0ms (cache hit)
1237 http cache punycode@https://registry.npmjs.org/punycode/-/punycode-2.3.1.tgz 0ms (cache hit)
1238 http cache possible-typed-array-names@https://registry.npmjs.org/possible-typed-array-names/-/possible-typed-array-names-1.1.0.tgz 0ms (cache hit)
1239 http cache picomatch@https://registry.npmjs.org/picomatch/-/picomatch-2.3.2.tgz 0ms (cache hit)
1240 http cache postcss@https://registry.npmjs.org/postcss/-/postcss-8.5.9.tgz 0ms (cache hit)
1241 http cache path-parse@https://registry.npmjs.org/path-parse/-/path-parse-1.0.7.tgz 0ms (cache hit)
1242 http cache prelude-ls@https://registry.npmjs.org/prelude-ls/-/prelude-ls-1.2.1.tgz 0ms (cache hit)
1243 http cache path-key@https://registry.npmjs.org/path-key/-/path-key-3.1.1.tgz 0ms (cache hit)
1244 http cache picocolors@https://registry.npmjs.org/picocolors/-/picocolors-1.1.1.tgz 0ms (cache hit)
1245 http cache parent-module@https://registry.npmjs.org/parent-module/-/parent-module-1.0.1.tgz 0ms (cache hit)
1246 http cache react@https://registry.npmjs.org/react/-/react-19.2.4.tgz 0ms (cache hit)
1247 http cache p-locate@https://registry.npmjs.org/p-locate/-/p-locate-5.0.0.tgz 0ms (cache hit)
1248 http cache optionator@https://registry.npmjs.org/optionator/-/optionator-0.9.4.tgz 0ms (cache hit)
1249 http cache object.values@https://registry.npmjs.org/object.values/-/object.values-1.2.1.tgz 0ms (cache hit)
1250 http cache p-limit@https://registry.npmjs.org/p-limit/-/p-limit-3.1.0.tgz 0ms (cache hit)
1251 http cache path-exists@https://registry.npmjs.org/path-exists/-/path-exists-4.0.0.tgz 0ms (cache hit)
1252 http cache object.groupby@https://registry.npmjs.org/object.groupby/-/object.groupby-1.0.3.tgz 0ms (cache hit)
1253 http cache own-keys@https://registry.npmjs.org/own-keys/-/own-keys-1.0.1.tgz 0ms (cache hit)
1254 http cache object.assign@https://registry.npmjs.org/object.assign/-/object.assign-4.1.7.tgz 0ms (cache hit)
1255 http cache object-inspect@https://registry.npmjs.org/object-inspect/-/object-inspect-1.13.4.tgz 0ms (cache hit)
1256 http cache object.entries@https://registry.npmjs.org/object.entries/-/object.entries-1.1.9.tgz 0ms (cache hit)
1257 http cache object-assign@https://registry.npmjs.org/object-assign/-/object-assign-4.1.1.tgz 0ms (cache hit)
1258 http cache object.fromentries@https://registry.npmjs.org/object.fromentries/-/object.fromentries-2.0.8.tgz 0ms (cache hit)
1259 http cache object-keys@https://registry.npmjs.org/object-keys/-/object-keys-1.1.1.tgz 0ms (cache hit)
1260 http cache next@https://registry.npmjs.org/next/-/next-16.2.3.tgz 0ms (cache hit)
1261 http cache natural-compare@https://registry.npmjs.org/natural-compare/-/natural-compare-1.4.0.tgz 0ms (cache hit)
1262 http cache nanoid@https://registry.npmjs.org/nanoid/-/nanoid-3.3.11.tgz 0ms (cache hit)
1263 http cache napi-postinstall@https://registry.npmjs.org/napi-postinstall/-/napi-postinstall-0.3.4.tgz 0ms (cache hit)
1264 http cache ms@https://registry.npmjs.org/ms/-/ms-2.1.3.tgz 0ms (cache hit)
1265 http cache node-exports-info@https://registry.npmjs.org/node-exports-info/-/node-exports-info-1.6.0.tgz 0ms (cache hit)
1266 http cache minimist@https://registry.npmjs.org/minimist/-/minimist-1.2.8.tgz 0ms (cache hit)
1267 http cache mongodb-connection-string-url@https://registry.npmjs.org/mongodb-connection-string-url/-/mongodb-connection-string-url-3.0.2.tgz 0ms (cache hit)
1268 http cache mongodb@https://registry.npmjs.org/mongodb/-/mongodb-6.21.0.tgz 0ms (cache hit)
1269 http cache minimatch@https://registry.npmjs.org/minimatch/-/minimatch-3.1.5.tgz 0ms (cache hit)
1270 http cache micromatch@https://registry.npmjs.org/micromatch/-/micromatch-4.0.8.tgz 0ms (cache hit)
1271 http cache magic-string@https://registry.npmjs.org/magic-string/-/magic-string-0.30.21.tgz 0ms (cache hit)
1272 http cache lru-cache@https://registry.npmjs.org/lru-cache/-/lru-cache-5.1.1.tgz 0ms (cache hit)
1273 http cache memory-pager@https://registry.npmjs.org/memory-pager/-/memory-pager-1.5.0.tgz 0ms (cache hit)
1274 http cache node-releases@https://registry.npmjs.org/node-releases/-/node-releases-2.0.37.tgz 0ms (cache hit)
1275 http cache math-intrinsics@https://registry.npmjs.org/math-intrinsics/-/math-intrinsics-1.1.0.tgz 0ms (cache hit)
1276 http cache lodash.merge@https://registry.npmjs.org/lodash.merge/-/lodash.merge-4.6.2.tgz 0ms (cache hit)
1277 http cache loose-envify@https://registry.npmjs.org/loose-envify/-/loose-envify-1.4.0.tgz 0ms (cache hit)
1278 http cache levn@https://registry.npmjs.org/levn/-/levn-0.4.1.tgz 0ms (cache hit)
1279 http cache lightningcss@https://registry.npmjs.org/lightningcss/-/lightningcss-1.32.0.tgz 0ms (cache hit)
1280 http cache lightningcss-darwin-arm64@https://registry.npmjs.org/lightningcss-darwin-arm64/-/lightningcss-darwin-arm64-1.32.0.tgz 0ms (cache hit)
1281 http cache language-tags@https://registry.npmjs.org/language-tags/-/language-tags-1.0.9.tgz 0ms (cache hit)
1282 http cache locate-path@https://registry.npmjs.org/locate-path/-/locate-path-6.0.0.tgz 0ms (cache hit)
1283 http cache language-subtag-registry@https://registry.npmjs.org/language-subtag-registry/-/language-subtag-registry-0.3.23.tgz 0ms (cache hit)
1284 http cache jsx-ast-utils@https://registry.npmjs.org/jsx-ast-utils/-/jsx-ast-utils-3.3.5.tgz 0ms (cache hit)
1285 http cache json-schema-traverse@https://registry.npmjs.org/json-schema-traverse/-/json-schema-traverse-0.4.1.tgz 0ms (cache hit)
1286 http cache json-buffer@https://registry.npmjs.org/json-buffer/-/json-buffer-3.0.1.tgz 0ms (cache hit)
1287 http cache json5@https://registry.npmjs.org/json5/-/json5-2.2.3.tgz 0ms (cache hit)
1288 http cache jsesc@https://registry.npmjs.org/jsesc/-/jsesc-3.1.0.tgz 0ms (cache hit)
1289 http cache json-stable-stringify-without-jsonify@https://registry.npmjs.org/json-stable-stringify-without-jsonify/-/json-stable-stringify-without-jsonify-1.0.1.tgz 0ms (cache hit)
1290 http cache keyv@https://registry.npmjs.org/keyv/-/keyv-4.5.4.tgz 0ms (cache hit)
1291 http cache jiti@https://registry.npmjs.org/jiti/-/jiti-2.6.1.tgz 0ms (cache hit)
1292 http cache js-tokens@https://registry.npmjs.org/js-tokens/-/js-tokens-4.0.0.tgz 0ms (cache hit)
1293 http cache isexe@https://registry.npmjs.org/isexe/-/isexe-2.0.0.tgz 0ms (cache hit)
1294 http cache js-yaml@https://registry.npmjs.org/js-yaml/-/js-yaml-4.1.1.tgz 0ms (cache hit)
1295 http cache isarray@https://registry.npmjs.org/isarray/-/isarray-2.0.5.tgz 0ms (cache hit)
1296 http cache is-weakset@https://registry.npmjs.org/is-weakset/-/is-weakset-2.0.4.tgz 0ms (cache hit)
1297 http cache is-weakmap@https://registry.npmjs.org/is-weakmap/-/is-weakmap-2.0.2.tgz 0ms (cache hit)
1298 http cache iterator.prototype@https://registry.npmjs.org/iterator.prototype/-/iterator.prototype-1.1.5.tgz 0ms (cache hit)
1299 http cache is-typed-array@https://registry.npmjs.org/is-typed-array/-/is-typed-array-1.1.15.tgz 0ms (cache hit)
1300 http cache is-symbol@https://registry.npmjs.org/is-symbol/-/is-symbol-1.1.1.tgz 0ms (cache hit)
1301 http cache is-weakref@https://registry.npmjs.org/is-weakref/-/is-weakref-1.1.1.tgz 0ms (cache hit)
1302 http cache is-shared-array-buffer@https://registry.npmjs.org/is-shared-array-buffer/-/is-shared-array-buffer-1.0.4.tgz 0ms (cache hit)
1303 http cache is-set@https://registry.npmjs.org/is-set/-/is-set-2.0.3.tgz 0ms (cache hit)
1304 http cache is-string@https://registry.npmjs.org/is-string/-/is-string-1.1.1.tgz 0ms (cache hit)
1305 http cache is-number-object@https://registry.npmjs.org/is-number-object/-/is-number-object-1.1.1.tgz 0ms (cache hit)
1306 http cache is-number@https://registry.npmjs.org/is-number/-/is-number-7.0.0.tgz 0ms (cache hit)
1307 http cache is-regex@https://registry.npmjs.org/is-regex/-/is-regex-1.2.1.tgz 0ms (cache hit)
1308 http cache is-map@https://registry.npmjs.org/is-map/-/is-map-2.0.3.tgz 0ms (cache hit)
1309 http cache is-glob@https://registry.npmjs.org/is-glob/-/is-glob-4.0.3.tgz 0ms (cache hit)
1310 http cache is-negative-zero@https://registry.npmjs.org/is-negative-zero/-/is-negative-zero-2.0.3.tgz 0ms (cache hit)
1311 http cache is-extglob@https://registry.npmjs.org/is-extglob/-/is-extglob-2.1.1.tgz 0ms (cache hit)
1312 http cache is-generator-function@https://registry.npmjs.org/is-generator-function/-/is-generator-function-1.1.2.tgz 0ms (cache hit)
1313 http cache is-data-view@https://registry.npmjs.org/is-data-view/-/is-data-view-1.0.2.tgz 0ms (cache hit)
1314 http cache is-date-object@https://registry.npmjs.org/is-date-object/-/is-date-object-1.1.0.tgz 0ms (cache hit)
1315 http cache is-finalizationregistry@https://registry.npmjs.org/is-finalizationregistry/-/is-finalizationregistry-1.1.1.tgz 0ms (cache hit)
1316 http cache merge2@https://registry.npmjs.org/merge2/-/merge2-1.4.1.tgz 1ms (cache hit)
1317 http cache is-core-module@https://registry.npmjs.org/is-core-module/-/is-core-module-2.16.1.tgz 0ms (cache hit)
1318 http cache is-bun-module@https://registry.npmjs.org/is-bun-module/-/is-bun-module-2.0.0.tgz 0ms (cache hit)
1319 http cache is-array-buffer@https://registry.npmjs.org/is-array-buffer/-/is-array-buffer-3.0.5.tgz 0ms (cache hit)
1320 http cache is-async-function@https://registry.npmjs.org/is-async-function/-/is-async-function-2.1.1.tgz 0ms (cache hit)
1321 http cache is-bigint@https://registry.npmjs.org/is-bigint/-/is-bigint-1.1.0.tgz 0ms (cache hit)
1322 http cache is-boolean-object@https://registry.npmjs.org/is-boolean-object/-/is-boolean-object-1.2.2.tgz 0ms (cache hit)
1323 http cache internal-slot@https://registry.npmjs.org/internal-slot/-/internal-slot-1.1.0.tgz 0ms (cache hit)
1324 http cache imurmurhash@https://registry.npmjs.org/imurmurhash/-/imurmurhash-0.1.4.tgz 0ms (cache hit)
1325 http cache ignore@https://registry.npmjs.org/ignore/-/ignore-5.3.2.tgz 0ms (cache hit)
1326 http cache iceberg-js@https://registry.npmjs.org/iceberg-js/-/iceberg-js-0.8.1.tgz 0ms (cache hit)
1327 http cache import-fresh@https://registry.npmjs.org/import-fresh/-/import-fresh-3.3.1.tgz 0ms (cache hit)
1328 http cache hermes-estree@https://registry.npmjs.org/hermes-estree/-/hermes-estree-0.25.1.tgz 0ms (cache hit)
1329 http cache hermes-parser@https://registry.npmjs.org/hermes-parser/-/hermes-parser-0.25.1.tgz 0ms (cache hit)
1330 http cache has-proto@https://registry.npmjs.org/has-proto/-/has-proto-1.2.0.tgz 0ms (cache hit)
1331 http cache hasown@https://registry.npmjs.org/hasown/-/hasown-2.0.2.tgz 0ms (cache hit)
1332 http cache has-bigints@https://registry.npmjs.org/has-bigints/-/has-bigints-1.1.0.tgz 0ms (cache hit)
1333 http cache has-flag@https://registry.npmjs.org/has-flag/-/has-flag-4.0.0.tgz 0ms (cache hit)
1334 http cache has-property-descriptors@https://registry.npmjs.org/has-property-descriptors/-/has-property-descriptors-1.0.2.tgz 0ms (cache hit)
1335 http cache has-symbols@https://registry.npmjs.org/has-symbols/-/has-symbols-1.1.0.tgz 0ms (cache hit)
1336 http cache has-tostringtag@https://registry.npmjs.org/has-tostringtag/-/has-tostringtag-1.0.2.tgz 0ms (cache hit)
1337 http cache gopd@https://registry.npmjs.org/gopd/-/gopd-1.2.0.tgz 0ms (cache hit)
1338 http cache is-callable@https://registry.npmjs.org/is-callable/-/is-callable-1.2.7.tgz 0ms (cache hit)
1339 http cache graceful-fs@https://registry.npmjs.org/graceful-fs/-/graceful-fs-4.2.11.tgz 0ms (cache hit)
1340 http cache get-tsconfig@https://registry.npmjs.org/get-tsconfig/-/get-tsconfig-4.14.0.tgz 0ms (cache hit)
1341 http cache get-symbol-description@https://registry.npmjs.org/get-symbol-description/-/get-symbol-description-1.1.0.tgz 0ms (cache hit)
1342 http cache globalthis@https://registry.npmjs.org/globalthis/-/globalthis-1.0.4.tgz 0ms (cache hit)
1343 http cache get-proto@https://registry.npmjs.org/get-proto/-/get-proto-1.0.1.tgz 0ms (cache hit)
1344 http cache get-intrinsic@https://registry.npmjs.org/get-intrinsic/-/get-intrinsic-1.3.0.tgz 0ms (cache hit)
1345 http cache function.prototype.name@https://registry.npmjs.org/function.prototype.name/-/function.prototype.name-1.1.8.tgz 0ms (cache hit)
1346 http cache glob-parent@https://registry.npmjs.org/glob-parent/-/glob-parent-6.0.2.tgz 0ms (cache hit)
1347 http cache generator-function@https://registry.npmjs.org/generator-function/-/generator-function-2.0.1.tgz 0ms (cache hit)
1348 http cache for-each@https://registry.npmjs.org/for-each/-/for-each-0.3.5.tgz 0ms (cache hit)
1349 http cache gensync@https://registry.npmjs.org/gensync/-/gensync-1.0.0-beta.2.tgz 0ms (cache hit)
1350 http cache function-bind@https://registry.npmjs.org/function-bind/-/function-bind-1.1.2.tgz 0ms (cache hit)
1351 http cache functions-have-names@https://registry.npmjs.org/functions-have-names/-/functions-have-names-1.2.3.tgz 0ms (cache hit)
1352 http cache fill-range@https://registry.npmjs.org/fill-range/-/fill-range-7.1.1.tgz 0ms (cache hit)
1353 http cache flatted@https://registry.npmjs.org/flatted/-/flatted-3.4.2.tgz 0ms (cache hit)
1354 http cache flat-cache@https://registry.npmjs.org/flat-cache/-/flat-cache-4.0.1.tgz 0ms (cache hit)
1355 http cache fastq@https://registry.npmjs.org/fastq/-/fastq-1.20.1.tgz 0ms (cache hit)
1356 http cache file-entry-cache@https://registry.npmjs.org/file-entry-cache/-/file-entry-cache-8.0.0.tgz 0ms (cache hit)
1357 http cache fast-json-stable-stringify@https://registry.npmjs.org/fast-json-stable-stringify/-/fast-json-stable-stringify-2.1.0.tgz 0ms (cache hit)
1358 http cache fast-levenshtein@https://registry.npmjs.org/fast-levenshtein/-/fast-levenshtein-2.0.6.tgz 0ms (cache hit)
1359 http cache esutils@https://registry.npmjs.org/esutils/-/esutils-2.0.3.tgz 0ms (cache hit)
1360 http cache fast-deep-equal@https://registry.npmjs.org/fast-deep-equal/-/fast-deep-equal-3.1.3.tgz 0ms (cache hit)
1361 http cache fast-glob@https://registry.npmjs.org/fast-glob/-/fast-glob-3.3.1.tgz 0ms (cache hit)
1362 http cache estraverse@https://registry.npmjs.org/estraverse/-/estraverse-5.3.0.tgz 0ms (cache hit)
1363 http cache esrecurse@https://registry.npmjs.org/esrecurse/-/esrecurse-4.3.0.tgz 0ms (cache hit)
1364 http cache eslint-visitor-keys@https://registry.npmjs.org/eslint-visitor-keys/-/eslint-visitor-keys-4.2.1.tgz 0ms (cache hit)
1365 http cache eslint-scope@https://registry.npmjs.org/eslint-scope/-/eslint-scope-8.4.0.tgz 0ms (cache hit)
1366 http cache esquery@https://registry.npmjs.org/esquery/-/esquery-1.7.0.tgz 0ms (cache hit)
1367 http cache espree@https://registry.npmjs.org/espree/-/espree-10.4.0.tgz 0ms (cache hit)
1368 http cache find-up@https://registry.npmjs.org/find-up/-/find-up-5.0.0.tgz 0ms (cache hit)
1369 http cache eslint-plugin-react@https://registry.npmjs.org/eslint-plugin-react/-/eslint-plugin-react-7.37.5.tgz 0ms (cache hit)
1370 http cache eslint-module-utils@https://registry.npmjs.org/eslint-module-utils/-/eslint-module-utils-2.12.1.tgz 0ms (cache hit)
1371 http cache eslint-import-resolver-typescript@https://registry.npmjs.org/eslint-import-resolver-typescript/-/eslint-import-resolver-typescript-3.10.1.tgz 0ms (cache hit)
1372 http cache eslint-import-resolver-node@https://registry.npmjs.org/eslint-import-resolver-node/-/eslint-import-resolver-node-0.3.10.tgz 0ms (cache hit)
1373 http cache eslint-plugin-jsx-a11y@https://registry.npmjs.org/eslint-plugin-jsx-a11y/-/eslint-plugin-jsx-a11y-6.10.2.tgz 0ms (cache hit)
1374 http cache eslint-plugin-react-hooks@https://registry.npmjs.org/eslint-plugin-react-hooks/-/eslint-plugin-react-hooks-7.0.1.tgz 0ms (cache hit)
1375 http cache eslint-config-next@https://registry.npmjs.org/eslint-config-next/-/eslint-config-next-16.2.3.tgz 0ms (cache hit)
1376 http cache globals@https://registry.npmjs.org/globals/-/globals-14.0.0.tgz 0ms (cache hit)
1377 http cache eslint@https://registry.npmjs.org/eslint/-/eslint-9.39.4.tgz 0ms (cache hit)
1378 http cache es-to-primitive@https://registry.npmjs.org/es-to-primitive/-/es-to-primitive-1.3.0.tgz 0ms (cache hit)
1379 http cache escape-string-regexp@https://registry.npmjs.org/escape-string-regexp/-/escape-string-regexp-4.0.0.tgz 0ms (cache hit)
1380 http cache eslint-plugin-import@https://registry.npmjs.org/eslint-plugin-import/-/eslint-plugin-import-2.32.0.tgz 0ms (cache hit)
1381 http cache es-object-atoms@https://registry.npmjs.org/es-object-atoms/-/es-object-atoms-1.1.1.tgz 0ms (cache hit)
1382 http cache es-shim-unscopables@https://registry.npmjs.org/es-shim-unscopables/-/es-shim-unscopables-1.1.0.tgz 0ms (cache hit)
1383 http cache es-define-property@https://registry.npmjs.org/es-define-property/-/es-define-property-1.0.1.tgz 0ms (cache hit)
1384 http cache escalade@https://registry.npmjs.org/escalade/-/escalade-3.2.0.tgz 0ms (cache hit)
1385 http cache es-errors@https://registry.npmjs.org/es-errors/-/es-errors-1.3.0.tgz 0ms (cache hit)
1386 http cache es-set-tostringtag@https://registry.npmjs.org/es-set-tostringtag/-/es-set-tostringtag-2.1.0.tgz 0ms (cache hit)
1387 http cache electron-to-chromium@https://registry.npmjs.org/electron-to-chromium/-/electron-to-chromium-1.5.336.tgz 0ms (cache hit)
1388 http cache es-iterator-helpers@https://registry.npmjs.org/es-iterator-helpers/-/es-iterator-helpers-1.3.2.tgz 0ms (cache hit)
1389 http cache es-abstract@https://registry.npmjs.org/es-abstract/-/es-abstract-1.24.2.tgz 0ms (cache hit)
1390 http cache enhanced-resolve@https://registry.npmjs.org/enhanced-resolve/-/enhanced-resolve-5.20.1.tgz 0ms (cache hit)
1391 http cache emoji-regex@https://registry.npmjs.org/emoji-regex/-/emoji-regex-9.2.2.tgz 0ms (cache hit)
1392 http cache dunder-proto@https://registry.npmjs.org/dunder-proto/-/dunder-proto-1.0.1.tgz 0ms (cache hit)
1393 http cache doctrine@https://registry.npmjs.org/doctrine/-/doctrine-2.1.0.tgz 0ms (cache hit)
1394 http cache detect-libc@https://registry.npmjs.org/detect-libc/-/detect-libc-2.1.2.tgz 0ms (cache hit)
1395 http cache define-data-property@https://registry.npmjs.org/define-data-property/-/define-data-property-1.1.4.tgz 0ms (cache hit)
1396 http cache data-view-byte-offset@https://registry.npmjs.org/data-view-byte-offset/-/data-view-byte-offset-1.0.1.tgz 0ms (cache hit)
1397 http cache define-properties@https://registry.npmjs.org/define-properties/-/define-properties-1.2.1.tgz 0ms (cache hit)
1398 http cache deep-is@https://registry.npmjs.org/deep-is/-/deep-is-0.1.4.tgz 0ms (cache hit)
1399 http cache debug@https://registry.npmjs.org/debug/-/debug-4.4.3.tgz 0ms (cache hit)
1400 http cache data-view-byte-length@https://registry.npmjs.org/data-view-byte-length/-/data-view-byte-length-1.0.2.tgz 0ms (cache hit)
1401 http cache csstype@https://registry.npmjs.org/csstype/-/csstype-3.2.3.tgz 0ms (cache hit)
1402 http cache convert-source-map@https://registry.npmjs.org/convert-source-map/-/convert-source-map-2.0.0.tgz 0ms (cache hit)
1403 http cache damerau-levenshtein@https://registry.npmjs.org/damerau-levenshtein/-/damerau-levenshtein-1.0.8.tgz 0ms (cache hit)
1404 http cache cross-spawn@https://registry.npmjs.org/cross-spawn/-/cross-spawn-7.0.6.tgz 0ms (cache hit)
1405 http cache concat-map@https://registry.npmjs.org/concat-map/-/concat-map-0.0.1.tgz 0ms (cache hit)
1406 http cache data-view-buffer@https://registry.npmjs.org/data-view-buffer/-/data-view-buffer-1.0.2.tgz 0ms (cache hit)
1407 http cache chalk@https://registry.npmjs.org/chalk/-/chalk-4.1.2.tgz 0ms (cache hit)
1408 http cache call-bound@https://registry.npmjs.org/call-bound/-/call-bound-1.0.4.tgz 0ms (cache hit)
1409 http cache color-convert@https://registry.npmjs.org/color-convert/-/color-convert-2.0.1.tgz 0ms (cache hit)
1410 http cache caniuse-lite@https://registry.npmjs.org/caniuse-lite/-/caniuse-lite-1.0.30001788.tgz 0ms (cache hit)
1411 http cache callsites@https://registry.npmjs.org/callsites/-/callsites-3.1.0.tgz 0ms (cache hit)
1412 http cache client-only@https://registry.npmjs.org/client-only/-/client-only-0.0.1.tgz 0ms (cache hit)
1413 http cache color-name@https://registry.npmjs.org/color-name/-/color-name-1.1.4.tgz 0ms (cache hit)
1414 http cache bson@https://registry.npmjs.org/bson/-/bson-6.10.4.tgz 0ms (cache hit)
1415 http cache call-bind-apply-helpers@https://registry.npmjs.org/call-bind-apply-helpers/-/call-bind-apply-helpers-1.0.2.tgz 0ms (cache hit)
1416 http cache call-bind@https://registry.npmjs.org/call-bind/-/call-bind-1.0.9.tgz 0ms (cache hit)
1417 http cache brace-expansion@https://registry.npmjs.org/brace-expansion/-/brace-expansion-1.1.14.tgz 0ms (cache hit)
1418 http cache braces@https://registry.npmjs.org/braces/-/braces-3.0.3.tgz 0ms (cache hit)
1419 http cache balanced-match@https://registry.npmjs.org/balanced-match/-/balanced-match-1.0.2.tgz 0ms (cache hit)
1420 http cache baseline-browser-mapping@https://registry.npmjs.org/baseline-browser-mapping/-/baseline-browser-mapping-2.10.19.tgz 0ms (cache hit)
1421 http cache browserslist@https://registry.npmjs.org/browserslist/-/browserslist-4.28.2.tgz 0ms (cache hit)
1422 http cache axe-core@https://registry.npmjs.org/axe-core/-/axe-core-4.11.3.tgz 0ms (cache hit)
1423 http cache async-function@https://registry.npmjs.org/async-function/-/async-function-1.0.0.tgz 0ms (cache hit)
1424 http cache arraybuffer.prototype.slice@https://registry.npmjs.org/arraybuffer.prototype.slice/-/arraybuffer.prototype.slice-1.0.4.tgz 0ms (cache hit)
1425 http cache ast-types-flow@https://registry.npmjs.org/ast-types-flow/-/ast-types-flow-0.0.8.tgz 0ms (cache hit)
1426 http cache axobject-query@https://registry.npmjs.org/axobject-query/-/axobject-query-4.1.0.tgz 0ms (cache hit)
1427 http cache available-typed-arrays@https://registry.npmjs.org/available-typed-arrays/-/available-typed-arrays-1.0.7.tgz 0ms (cache hit)
1428 http cache array.prototype.tosorted@https://registry.npmjs.org/array.prototype.tosorted/-/array.prototype.tosorted-1.1.4.tgz 0ms (cache hit)
1429 http cache array.prototype.flat@https://registry.npmjs.org/array.prototype.flat/-/array.prototype.flat-1.3.3.tgz 0ms (cache hit)
1430 http cache array.prototype.findlast@https://registry.npmjs.org/array.prototype.findlast/-/array.prototype.findlast-1.2.5.tgz 0ms (cache hit)
1431 http cache array-buffer-byte-length@https://registry.npmjs.org/array-buffer-byte-length/-/array-buffer-byte-length-1.0.2.tgz 0ms (cache hit)
1432 http cache array-includes@https://registry.npmjs.org/array-includes/-/array-includes-3.1.9.tgz 0ms (cache hit)
1433 http cache aria-query@https://registry.npmjs.org/aria-query/-/aria-query-5.3.2.tgz 0ms (cache hit)
1434 http cache ansi-styles@https://registry.npmjs.org/ansi-styles/-/ansi-styles-4.3.0.tgz 0ms (cache hit)
1435 http cache argparse@https://registry.npmjs.org/argparse/-/argparse-2.0.1.tgz 0ms (cache hit)
1436 http cache ajv@https://registry.npmjs.org/ajv/-/ajv-6.14.0.tgz 0ms (cache hit)
1437 http cache acorn@https://registry.npmjs.org/acorn/-/acorn-8.16.0.tgz 0ms (cache hit)
1438 http cache array.prototype.findlastindex@https://registry.npmjs.org/array.prototype.findlastindex/-/array.prototype.findlastindex-1.2.6.tgz 0ms (cache hit)
1439 http cache @unrs/resolver-binding-darwin-arm64@https://registry.npmjs.org/@unrs/resolver-binding-darwin-arm64/-/resolver-binding-darwin-arm64-1.11.1.tgz 0ms (cache hit)
1440 http cache @typescript-eslint/visitor-keys@https://registry.npmjs.org/@typescript-eslint/visitor-keys/-/visitor-keys-8.58.2.tgz 0ms (cache hit)
1441 http cache @typescript-eslint/types@https://registry.npmjs.org/@typescript-eslint/types/-/types-8.58.2.tgz 0ms (cache hit)
1442 http cache array.prototype.flatmap@https://registry.npmjs.org/array.prototype.flatmap/-/array.prototype.flatmap-1.3.3.tgz 0ms (cache hit)
1443 http cache @typescript-eslint/typescript-estree@https://registry.npmjs.org/@typescript-eslint/typescript-estree/-/typescript-estree-8.58.2.tgz 0ms (cache hit)
1444 http cache @typescript-eslint/utils@https://registry.npmjs.org/@typescript-eslint/utils/-/utils-8.58.2.tgz 0ms (cache hit)
1445 http cache acorn-jsx@https://registry.npmjs.org/acorn-jsx/-/acorn-jsx-5.3.2.tgz 0ms (cache hit)
1446 http cache @typescript-eslint/tsconfig-utils@https://registry.npmjs.org/@typescript-eslint/tsconfig-utils/-/tsconfig-utils-8.58.2.tgz 0ms (cache hit)
1447 http cache @typescript-eslint/parser@https://registry.npmjs.org/@typescript-eslint/parser/-/parser-8.58.2.tgz 0ms (cache hit)
1448 http cache @types/ws@https://registry.npmjs.org/@types/ws/-/ws-8.18.1.tgz 0ms (cache hit)
1449 http cache @typescript-eslint/eslint-plugin@https://registry.npmjs.org/@typescript-eslint/eslint-plugin/-/eslint-plugin-8.58.2.tgz 0ms (cache hit)
1450 http cache @types/whatwg-url@https://registry.npmjs.org/@types/whatwg-url/-/whatwg-url-11.0.5.tgz 0ms (cache hit)
1451 http cache @types/webidl-conversions@https://registry.npmjs.org/@types/webidl-conversions/-/webidl-conversions-7.0.3.tgz 0ms (cache hit)
1452 http cache @typescript-eslint/project-service@https://registry.npmjs.org/@typescript-eslint/project-service/-/project-service-8.58.2.tgz 0ms (cache hit)
1453 http cache @types/react@https://registry.npmjs.org/@types/react/-/react-19.2.14.tgz 0ms (cache hit)
1454 http cache @typescript-eslint/type-utils@https://registry.npmjs.org/@typescript-eslint/type-utils/-/type-utils-8.58.2.tgz 0ms (cache hit)
1455 http cache @types/node@https://registry.npmjs.org/@types/node/-/node-20.19.39.tgz 0ms (cache hit)
1456 http cache @types/react-dom@https://registry.npmjs.org/@types/react-dom/-/react-dom-19.2.3.tgz 0ms (cache hit)
1457 http cache @types/json5@https://registry.npmjs.org/@types/json5/-/json5-0.0.29.tgz 0ms (cache hit)
1458 http cache @types/estree@https://registry.npmjs.org/@types/estree/-/estree-1.0.8.tgz 0ms (cache hit)
1459 http cache @types/json-schema@https://registry.npmjs.org/@types/json-schema/-/json-schema-7.0.15.tgz 0ms (cache hit)
1460 http cache @tybys/wasm-util@https://registry.npmjs.org/@tybys/wasm-util/-/wasm-util-0.10.1.tgz 0ms (cache hit)
1461 http cache @tailwindcss/postcss@https://registry.npmjs.org/@tailwindcss/postcss/-/postcss-4.2.2.tgz 0ms (cache hit)
1462 http cache @tailwindcss/oxide@https://registry.npmjs.org/@tailwindcss/oxide/-/oxide-4.2.2.tgz 0ms (cache hit)
1463 http cache @swc/helpers@https://registry.npmjs.org/@swc/helpers/-/helpers-0.5.21.tgz 0ms (cache hit)
1464 http cache @tailwindcss/oxide-darwin-arm64@https://registry.npmjs.org/@tailwindcss/oxide-darwin-arm64/-/oxide-darwin-arm64-4.2.2.tgz 0ms (cache hit)
1465 http cache @supabase/supabase-js@https://registry.npmjs.org/@supabase/supabase-js/-/supabase-js-2.103.3.tgz 0ms (cache hit)
1466 http cache @tailwindcss/node@https://registry.npmjs.org/@tailwindcss/node/-/node-4.2.2.tgz 0ms (cache hit)
1467 http cache @supabase/storage-js@https://registry.npmjs.org/@supabase/storage-js/-/storage-js-2.103.3.tgz 0ms (cache hit)
1468 http cache @supabase/postgrest-js@https://registry.npmjs.org/@supabase/postgrest-js/-/postgrest-js-2.103.3.tgz 0ms (cache hit)
1469 http cache @supabase/auth-js@https://registry.npmjs.org/@supabase/auth-js/-/auth-js-2.103.3.tgz 0ms (cache hit)
1470 http cache @supabase/functions-js@https://registry.npmjs.org/@supabase/functions-js/-/functions-js-2.103.3.tgz 0ms (cache hit)
1471 http cache @rtsao/scc@https://registry.npmjs.org/@rtsao/scc/-/scc-1.1.0.tgz 0ms (cache hit)
1472 http cache @nodelib/fs.walk@https://registry.npmjs.org/@nodelib/fs.walk/-/fs.walk-1.2.8.tgz 0ms (cache hit)
1473 http cache @supabase/realtime-js@https://registry.npmjs.org/@supabase/realtime-js/-/realtime-js-2.103.3.tgz 0ms (cache hit)
1474 http cache @nolyfill/is-core-module@https://registry.npmjs.org/@nolyfill/is-core-module/-/is-core-module-1.0.39.tgz 0ms (cache hit)
1475 http cache @supabase/phoenix@https://registry.npmjs.org/@supabase/phoenix/-/phoenix-0.4.0.tgz 0ms (cache hit)
1476 http cache @nodelib/fs.stat@https://registry.npmjs.org/@nodelib/fs.stat/-/fs.stat-2.0.5.tgz 0ms (cache hit)
1477 http cache @nodelib/fs.scandir@https://registry.npmjs.org/@nodelib/fs.scandir/-/fs.scandir-2.1.5.tgz 0ms (cache hit)
1478 http cache @next/swc-darwin-arm64@https://registry.npmjs.org/@next/swc-darwin-arm64/-/swc-darwin-arm64-16.2.3.tgz 0ms (cache hit)
1479 http cache @napi-rs/wasm-runtime@https://registry.npmjs.org/@napi-rs/wasm-runtime/-/wasm-runtime-0.2.12.tgz 0ms (cache hit)
1480 http cache @mongodb-js/saslprep@https://registry.npmjs.org/@mongodb-js/saslprep/-/saslprep-1.4.8.tgz 0ms (cache hit)
1481 http cache @next/env@https://registry.npmjs.org/@next/env/-/env-16.2.3.tgz 0ms (cache hit)
1482 http cache @jridgewell/trace-mapping@https://registry.npmjs.org/@jridgewell/trace-mapping/-/trace-mapping-0.3.31.tgz 0ms (cache hit)
1483 http cache @jridgewell/resolve-uri@https://registry.npmjs.org/@jridgewell/resolve-uri/-/resolve-uri-3.1.2.tgz 0ms (cache hit)
1484 http cache @jridgewell/sourcemap-codec@https://registry.npmjs.org/@jridgewell/sourcemap-codec/-/sourcemap-codec-1.5.5.tgz 0ms (cache hit)
1485 http cache @next/eslint-plugin-next@https://registry.npmjs.org/@next/eslint-plugin-next/-/eslint-plugin-next-16.2.3.tgz 0ms (cache hit)
1486 http cache @jridgewell/remapping@https://registry.npmjs.org/@jridgewell/remapping/-/remapping-2.3.5.tgz 0ms (cache hit)
1487 http cache @jridgewell/gen-mapping@https://registry.npmjs.org/@jridgewell/gen-mapping/-/gen-mapping-0.3.13.tgz 0ms (cache hit)
1488 http cache @img/sharp-libvips-darwin-arm64@https://registry.npmjs.org/@img/sharp-libvips-darwin-arm64/-/sharp-libvips-darwin-arm64-1.2.4.tgz 0ms (cache hit)
1489 http cache @img/sharp-darwin-arm64@https://registry.npmjs.org/@img/sharp-darwin-arm64/-/sharp-darwin-arm64-0.34.5.tgz 0ms (cache hit)
1490 http cache @img/colour@https://registry.npmjs.org/@img/colour/-/colour-1.1.0.tgz 0ms (cache hit)
1491 http cache @typescript-eslint/scope-manager@https://registry.npmjs.org/@typescript-eslint/scope-manager/-/scope-manager-8.58.2.tgz 0ms (cache hit)
1492 http cache @humanwhocodes/retry@https://registry.npmjs.org/@humanwhocodes/retry/-/retry-0.4.3.tgz 0ms (cache hit)
1493 http cache @humanwhocodes/module-importer@https://registry.npmjs.org/@humanwhocodes/module-importer/-/module-importer-1.0.1.tgz 0ms (cache hit)
1494 http cache @humanfs/core@https://registry.npmjs.org/@humanfs/core/-/core-0.19.1.tgz 0ms (cache hit)
1495 http cache @eslint/plugin-kit@https://registry.npmjs.org/@eslint/plugin-kit/-/plugin-kit-0.4.1.tgz 0ms (cache hit)
1496 http cache @eslint/object-schema@https://registry.npmjs.org/@eslint/object-schema/-/object-schema-2.1.7.tgz 0ms (cache hit)
1497 http cache @eslint/js@https://registry.npmjs.org/@eslint/js/-/js-9.39.4.tgz 0ms (cache hit)
1498 http cache @humanfs/node@https://registry.npmjs.org/@humanfs/node/-/node-0.16.7.tgz 0ms (cache hit)
1499 http cache @eslint/core@https://registry.npmjs.org/@eslint/core/-/core-0.17.0.tgz 0ms (cache hit)
1500 http cache @eslint/config-helpers@https://registry.npmjs.org/@eslint/config-helpers/-/config-helpers-0.4.2.tgz 0ms (cache hit)
1501 http cache @eslint/config-array@https://registry.npmjs.org/@eslint/config-array/-/config-array-0.21.2.tgz 0ms (cache hit)
1502 http cache @eslint-community/regexpp@https://registry.npmjs.org/@eslint-community/regexpp/-/regexpp-4.12.2.tgz 0ms (cache hit)
1503 http cache @eslint-community/eslint-utils@https://registry.npmjs.org/@eslint-community/eslint-utils/-/eslint-utils-4.9.1.tgz 0ms (cache hit)
1504 http cache @emnapi/runtime@https://registry.npmjs.org/@emnapi/runtime/-/runtime-1.9.2.tgz 0ms (cache hit)
1505 http cache @emnapi/core@https://registry.npmjs.org/@emnapi/core/-/core-1.9.2.tgz 0ms (cache hit)
1506 http cache @babel/types@https://registry.npmjs.org/@babel/types/-/types-7.29.0.tgz 0ms (cache hit)
1507 http cache @babel/traverse@https://registry.npmjs.org/@babel/traverse/-/traverse-7.29.0.tgz 0ms (cache hit)
1508 http cache @emnapi/wasi-threads@https://registry.npmjs.org/@emnapi/wasi-threads/-/wasi-threads-1.2.1.tgz 0ms (cache hit)
1509 http cache @babel/parser@https://registry.npmjs.org/@babel/parser/-/parser-7.29.2.tgz 0ms (cache hit)
1510 http cache @babel/helpers@https://registry.npmjs.org/@babel/helpers/-/helpers-7.29.2.tgz 0ms (cache hit)
1511 http cache @eslint/eslintrc@https://registry.npmjs.org/@eslint/eslintrc/-/eslintrc-3.3.5.tgz 0ms (cache hit)
1512 http cache @babel/helper-validator-option@https://registry.npmjs.org/@babel/helper-validator-option/-/helper-validator-option-7.27.1.tgz 0ms (cache hit)
1513 http cache @babel/template@https://registry.npmjs.org/@babel/template/-/template-7.28.6.tgz 0ms (cache hit)
1514 http cache @babel/helper-string-parser@https://registry.npmjs.org/@babel/helper-string-parser/-/helper-string-parser-7.27.1.tgz 0ms (cache hit)
1515 http cache @babel/helper-module-transforms@https://registry.npmjs.org/@babel/helper-module-transforms/-/helper-module-transforms-7.28.6.tgz 0ms (cache hit)
1516 http cache @babel/helper-module-imports@https://registry.npmjs.org/@babel/helper-module-imports/-/helper-module-imports-7.28.6.tgz 0ms (cache hit)
1517 http cache @babel/helper-validator-identifier@https://registry.npmjs.org/@babel/helper-validator-identifier/-/helper-validator-identifier-7.28.5.tgz 0ms (cache hit)
1518 http cache @babel/helper-globals@https://registry.npmjs.org/@babel/helper-globals/-/helper-globals-7.28.0.tgz 0ms (cache hit)
1519 http cache @babel/helper-compilation-targets@https://registry.npmjs.org/@babel/helper-compilation-targets/-/helper-compilation-targets-7.28.6.tgz 0ms (cache hit)
1520 http cache @babel/core@https://registry.npmjs.org/@babel/core/-/core-7.29.0.tgz 0ms (cache hit)
1521 http cache @babel/generator@https://registry.npmjs.org/@babel/generator/-/generator-7.29.1.tgz 0ms (cache hit)
1522 http cache @babel/compat-data@https://registry.npmjs.org/@babel/compat-data/-/compat-data-7.29.0.tgz 0ms (cache hit)
1523 http cache @alloc/quick-lru@https://registry.npmjs.org/@alloc/quick-lru/-/quick-lru-5.2.0.tgz 0ms (cache hit)
1524 http cache @babel/code-frame@https://registry.npmjs.org/@babel/code-frame/-/code-frame-7.29.0.tgz 0ms (cache hit)
1525 http cache pathe@https://registry.npmjs.org/pathe/-/pathe-2.0.3.tgz 0ms (cache hit)
1526 http cache path-key@https://registry.npmjs.org/path-key/-/path-key-4.0.0.tgz 0ms (cache hit)
1527 http cache react-is@https://registry.npmjs.org/react-is/-/react-is-18.3.1.tgz 0ms (cache hit)
1528 http cache ansi-styles@https://registry.npmjs.org/ansi-styles/-/ansi-styles-5.2.0.tgz 0ms (cache hit)
1529 http cache esbuild@https://registry.npmjs.org/esbuild/-/esbuild-0.21.5.tgz 0ms (cache hit)
1530 http cache @esbuild/darwin-arm64@https://registry.npmjs.org/@esbuild/darwin-arm64/-/darwin-arm64-0.21.5.tgz 0ms (cache hit)
1531 http cache pathe@https://registry.npmjs.org/pathe/-/pathe-2.0.3.tgz 0ms (cache hit)
1532 http cache vite@https://registry.npmjs.org/vite/-/vite-5.4.21.tgz 0ms (cache hit)
1533 http cache js-tokens@https://registry.npmjs.org/js-tokens/-/js-tokens-9.0.1.tgz 0ms (cache hit)
1534 http cache p-limit@https://registry.npmjs.org/p-limit/-/p-limit-5.0.0.tgz 0ms (cache hit)
1535 http cache rrweb-cssom@https://registry.npmjs.org/rrweb-cssom/-/rrweb-cssom-0.8.0.tgz 0ms (cache hit)
1536 http cache lru-cache@https://registry.npmjs.org/lru-cache/-/lru-cache-10.4.3.tgz 0ms (cache hit)
1537 http cache yocto-queue@https://registry.npmjs.org/yocto-queue/-/yocto-queue-1.2.2.tgz 0ms (cache hit)
1538 http cache @esbuild/darwin-arm64@https://registry.npmjs.org/@esbuild/darwin-arm64/-/darwin-arm64-0.21.5.tgz 0ms (cache hit)
1539 http cache esbuild@https://registry.npmjs.org/esbuild/-/esbuild-0.21.5.tgz 0ms (cache hit)
1540 http cache picomatch@https://registry.npmjs.org/picomatch/-/picomatch-4.0.4.tgz 0ms (cache hit)
1541 http cache fdir@https://registry.npmjs.org/fdir/-/fdir-6.5.0.tgz 0ms (cache hit)
1542 http cache json5@https://registry.npmjs.org/json5/-/json5-1.0.2.tgz 0ms (cache hit)
1543 http cache picomatch@https://registry.npmjs.org/picomatch/-/picomatch-4.0.4.tgz 0ms (cache hit)
1544 http cache fdir@https://registry.npmjs.org/fdir/-/fdir-6.5.0.tgz 0ms (cache hit)
1545 http cache semver@https://registry.npmjs.org/semver/-/semver-7.7.4.tgz 0ms (cache hit)
1546 http cache vite@https://registry.npmjs.org/vite/-/vite-5.4.21.tgz 0ms (cache hit)
1547 http cache glob-parent@https://registry.npmjs.org/glob-parent/-/glob-parent-5.1.2.tgz 0ms (cache hit)
1548 http cache @swc/helpers@https://registry.npmjs.org/@swc/helpers/-/helpers-0.5.15.tgz 0ms (cache hit)
1549 http cache debug@https://registry.npmjs.org/debug/-/debug-3.2.7.tgz 0ms (cache hit)
1550 http cache semver@https://registry.npmjs.org/semver/-/semver-7.7.4.tgz 0ms (cache hit)
1551 http cache debug@https://registry.npmjs.org/debug/-/debug-3.2.7.tgz 0ms (cache hit)
1552 http cache semver@https://registry.npmjs.org/semver/-/semver-7.7.4.tgz 0ms (cache hit)
1553 http cache globals@https://registry.npmjs.org/globals/-/globals-16.4.0.tgz 0ms (cache hit)
1554 http cache brace-expansion@https://registry.npmjs.org/brace-expansion/-/brace-expansion-5.0.5.tgz 0ms (cache hit)
1555 http cache minimatch@https://registry.npmjs.org/minimatch/-/minimatch-10.2.5.tgz 0ms (cache hit)
1556 http cache eslint-visitor-keys@https://registry.npmjs.org/eslint-visitor-keys/-/eslint-visitor-keys-5.0.1.tgz 0ms (cache hit)
1557 http cache debug@https://registry.npmjs.org/debug/-/debug-3.2.7.tgz 0ms (cache hit)
1558 http cache balanced-match@https://registry.npmjs.org/balanced-match/-/balanced-match-4.0.4.tgz 0ms (cache hit)
1559 http cache eslint-visitor-keys@https://registry.npmjs.org/eslint-visitor-keys/-/eslint-visitor-keys-3.4.3.tgz 0ms (cache hit)
1560 http cache postcss@https://registry.npmjs.org/postcss/-/postcss-8.4.31.tgz 0ms (cache hit)
1561 http cache ignore@https://registry.npmjs.org/ignore/-/ignore-7.0.5.tgz 0ms (cache hit)
1562 silly tarball no local data for siginfo@https://registry.npmjs.org/siginfo/-/siginfo-2.0.0.tgz. Extracting by manifest.
1563 silly tarball no local data for stackback@https://registry.npmjs.org/stackback/-/stackback-0.0.2.tgz. Extracting by manifest.
1564 silly tarball no local data for safer-buffer@https://registry.npmjs.org/safer-buffer/-/safer-buffer-2.1.2.tgz. Extracting by manifest.
1565 silly tarball no local data for iconv-lite@https://registry.npmjs.org/iconv-lite/-/iconv-lite-0.6.3.tgz. Extracting by manifest.
1566 silly tarball no local data for cac@https://registry.npmjs.org/cac/-/cac-6.7.14.tgz. Extracting by manifest.
1567 silly tarball no local data for @sinclair/typebox@https://registry.npmjs.org/@sinclair/typebox/-/typebox-0.27.10.tgz. Extracting by manifest.
1568 silly tarball no local data for @jest/schemas@https://registry.npmjs.org/@jest/schemas/-/schemas-29.6.3.tgz. Extracting by manifest.
1569 silly tarball no local data for ufo@https://registry.npmjs.org/ufo/-/ufo-1.6.3.tgz. Extracting by manifest.
1570 silly tarball no local data for mimic-fn@https://registry.npmjs.org/mimic-fn/-/mimic-fn-4.0.0.tgz. Extracting by manifest.
1571 silly tarball no local data for pkg-types@https://registry.npmjs.org/pkg-types/-/pkg-types-1.3.1.tgz. Extracting by manifest.
1572 silly tarball no local data for confbox@https://registry.npmjs.org/confbox/-/confbox-0.1.8.tgz. Extracting by manifest.
1573 silly tarball no local data for strip-final-newline@https://registry.npmjs.org/strip-final-newline/-/strip-final-newline-3.0.0.tgz. Extracting by manifest.
1574 silly tarball no local data for mlly@https://registry.npmjs.org/mlly/-/mlly-1.8.2.tgz. Extracting by manifest.
1575 silly tarball no local data for signal-exit@https://registry.npmjs.org/signal-exit/-/signal-exit-4.1.0.tgz. Extracting by manifest.
1576 silly tarball no local data for onetime@https://registry.npmjs.org/onetime/-/onetime-6.0.0.tgz. Extracting by manifest.
1577 silly tarball no local data for is-stream@https://registry.npmjs.org/is-stream/-/is-stream-3.0.0.tgz. Extracting by manifest.
1578 silly tarball no local data for human-signals@https://registry.npmjs.org/human-signals/-/human-signals-5.0.0.tgz. Extracting by manifest.
1579 silly tarball no local data for npm-run-path@https://registry.npmjs.org/npm-run-path/-/npm-run-path-5.3.0.tgz. Extracting by manifest.
1580 silly tarball no local data for merge-stream@https://registry.npmjs.org/merge-stream/-/merge-stream-2.0.0.tgz. Extracting by manifest.
1581 silly tarball no local data for get-stream@https://registry.npmjs.org/get-stream/-/get-stream-8.0.1.tgz. Extracting by manifest.
1582 silly tarball no local data for pathval@https://registry.npmjs.org/pathval/-/pathval-1.1.1.tgz. Extracting by manifest.
1583 silly tarball no local data for deep-eql@https://registry.npmjs.org/deep-eql/-/deep-eql-4.1.4.tgz. Extracting by manifest.
1584 silly tarball no local data for get-func-name@https://registry.npmjs.org/get-func-name/-/get-func-name-2.0.2.tgz. Extracting by manifest.
1585 silly tarball no local data for check-error@https://registry.npmjs.org/check-error/-/check-error-1.0.3.tgz. Extracting by manifest.
1586 silly tarball no local data for estree-walker@https://registry.npmjs.org/estree-walker/-/estree-walker-3.0.3.tgz. Extracting by manifest.
1587 silly tarball no local data for assertion-error@https://registry.npmjs.org/assertion-error/-/assertion-error-1.1.0.tgz. Extracting by manifest.
1588 silly tarball no local data for loupe@https://registry.npmjs.org/loupe/-/loupe-2.3.7.tgz. Extracting by manifest.
1589 silly tarball no local data for diff-sequences@https://registry.npmjs.org/diff-sequences/-/diff-sequences-29.6.3.tgz. Extracting by manifest.
1590 silly tarball no local data for pretty-format@https://registry.npmjs.org/pretty-format/-/pretty-format-29.7.0.tgz. Extracting by manifest.
1591 silly tarball no local data for tinyspy@https://registry.npmjs.org/tinyspy/-/tinyspy-2.2.1.tgz. Extracting by manifest.
1592 silly tarball no local data for tinybench@https://registry.npmjs.org/tinybench/-/tinybench-2.9.0.tgz. Extracting by manifest.
1593 silly tarball no local data for tinypool@https://registry.npmjs.org/tinypool/-/tinypool-0.8.4.tgz. Extracting by manifest.
1594 silly tarball no local data for why-is-node-running@https://registry.npmjs.org/why-is-node-running/-/why-is-node-running-2.3.0.tgz. Extracting by manifest.
1595 silly tarball no local data for vite-node@https://registry.npmjs.org/vite-node/-/vite-node-1.6.1.tgz. Extracting by manifest.
1596 silly tarball no local data for strip-literal@https://registry.npmjs.org/strip-literal/-/strip-literal-2.1.1.tgz. Extracting by manifest.
1597 silly tarball no local data for pathe@https://registry.npmjs.org/pathe/-/pathe-1.1.2.tgz. Extracting by manifest.
1598 silly tarball no local data for execa@https://registry.npmjs.org/execa/-/execa-8.0.1.tgz. Extracting by manifest.
1599 silly tarball no local data for local-pkg@https://registry.npmjs.org/local-pkg/-/local-pkg-0.5.1.tgz. Extracting by manifest.
1600 silly tarball no local data for chai@https://registry.npmjs.org/chai/-/chai-4.5.0.tgz. Extracting by manifest.
1601 silly tarball no local data for std-env@https://registry.npmjs.org/std-env/-/std-env-3.10.0.tgz. Extracting by manifest.
1602 silly tarball no local data for acorn-walk@https://registry.npmjs.org/acorn-walk/-/acorn-walk-8.3.5.tgz. Extracting by manifest.
1603 silly tarball no local data for @vitest/utils@https://registry.npmjs.org/@vitest/utils/-/utils-1.6.1.tgz. Extracting by manifest.
1604 silly tarball no local data for @vitest/snapshot@https://registry.npmjs.org/@vitest/snapshot/-/snapshot-1.6.1.tgz. Extracting by manifest.
1605 silly tarball no local data for @vitest/spy@https://registry.npmjs.org/@vitest/spy/-/spy-1.6.1.tgz. Extracting by manifest.
1606 silly tarball no local data for @vitest/expect@https://registry.npmjs.org/@vitest/expect/-/expect-1.6.1.tgz. Extracting by manifest.
1607 silly tarball no local data for @rollup/rollup-darwin-arm64@https://registry.npmjs.org/@rollup/rollup-darwin-arm64/-/rollup-darwin-arm64-4.60.2.tgz. Extracting by manifest.
1608 silly tarball no local data for requires-port@https://registry.npmjs.org/requires-port/-/requires-port-1.0.0.tgz. Extracting by manifest.
1609 silly tarball no local data for querystringify@https://registry.npmjs.org/querystringify/-/querystringify-2.2.0.tgz. Extracting by manifest.
1610 silly tarball no local data for @esbuild/darwin-arm64@https://registry.npmjs.org/@esbuild/darwin-arm64/-/darwin-arm64-0.27.7.tgz. Extracting by manifest.
1611 silly tarball no local data for fsevents@https://registry.npmjs.org/fsevents/-/fsevents-2.3.3.tgz. Extracting by manifest.
1612 silly tarball no local data for rollup@https://registry.npmjs.org/rollup/-/rollup-4.60.2.tgz. Extracting by manifest.
1613 silly tarball no local data for url-parse@https://registry.npmjs.org/url-parse/-/url-parse-1.5.10.tgz. Extracting by manifest.
1614 silly tarball no local data for @vitest/runner@https://registry.npmjs.org/@vitest/runner/-/runner-1.6.1.tgz. Extracting by manifest.
1615 silly tarball no local data for esbuild@https://registry.npmjs.org/esbuild/-/esbuild-0.27.7.tgz. Extracting by manifest.
1616 silly tarball no local data for universalify@https://registry.npmjs.org/universalify/-/universalify-0.2.0.tgz. Extracting by manifest.
1617 silly tarball no local data for psl@https://registry.npmjs.org/psl/-/psl-1.15.0.tgz. Extracting by manifest.
1618 silly tarball no local data for entities@https://registry.npmjs.org/entities/-/entities-6.0.1.tgz. Extracting by manifest.
1619 silly tarball no local data for mime-db@https://registry.npmjs.org/mime-db/-/mime-db-1.52.0.tgz. Extracting by manifest.
1620 silly tarball no local data for xmlchars@https://registry.npmjs.org/xmlchars/-/xmlchars-2.2.0.tgz. Extracting by manifest.
1621 silly tarball no local data for type-detect@https://registry.npmjs.org/type-detect/-/type-detect-4.1.0.tgz. Extracting by manifest.
1622 silly tarball no local data for agent-base@https://registry.npmjs.org/agent-base/-/agent-base-7.1.4.tgz. Extracting by manifest.
1623 silly tarball no local data for delayed-stream@https://registry.npmjs.org/delayed-stream/-/delayed-stream-1.0.0.tgz. Extracting by manifest.
1624 silly tarball no local data for asynckit@https://registry.npmjs.org/asynckit/-/asynckit-0.4.0.tgz. Extracting by manifest.
1625 silly tarball no local data for combined-stream@https://registry.npmjs.org/combined-stream/-/combined-stream-1.0.8.tgz. Extracting by manifest.
1626 silly tarball no local data for @csstools/color-helpers@https://registry.npmjs.org/@csstools/color-helpers/-/color-helpers-5.1.0.tgz. Extracting by manifest.
1627 silly tarball no local data for @csstools/css-parser-algorithms@https://registry.npmjs.org/@csstools/css-parser-algorithms/-/css-parser-algorithms-3.0.5.tgz. Extracting by manifest.
1628 silly tarball no local data for @csstools/css-color-parser@https://registry.npmjs.org/@csstools/css-color-parser/-/css-color-parser-3.1.0.tgz. Extracting by manifest.
1629 silly tarball no local data for @csstools/css-tokenizer@https://registry.npmjs.org/@csstools/css-tokenizer/-/css-tokenizer-3.0.4.tgz. Extracting by manifest.
1630 silly tarball no local data for @asamuzakjp/css-color@https://registry.npmjs.org/@asamuzakjp/css-color/-/css-color-3.2.0.tgz. Extracting by manifest.
1631 silly tarball no local data for mime-types@https://registry.npmjs.org/mime-types/-/mime-types-2.1.35.tgz. Extracting by manifest.
1632 silly tarball no local data for xml-name-validator@https://registry.npmjs.org/xml-name-validator/-/xml-name-validator-5.0.0.tgz. Extracting by manifest.
1633 silly tarball no local data for whatwg-encoding@https://registry.npmjs.org/whatwg-encoding/-/whatwg-encoding-3.1.1.tgz. Extracting by manifest.
1634 silly tarball no local data for w3c-xmlserializer@https://registry.npmjs.org/w3c-xmlserializer/-/w3c-xmlserializer-5.0.0.tgz. Extracting by manifest.
1635 silly tarball no local data for symbol-tree@https://registry.npmjs.org/symbol-tree/-/symbol-tree-3.2.4.tgz. Extracting by manifest.
1636 silly tarball no local data for @csstools/css-calc@https://registry.npmjs.org/@csstools/css-calc/-/css-calc-2.1.4.tgz. Extracting by manifest.
1637 silly tarball no local data for tough-cookie@https://registry.npmjs.org/tough-cookie/-/tough-cookie-4.1.4.tgz. Extracting by manifest.
1638 silly tarball no local data for whatwg-mimetype@https://registry.npmjs.org/whatwg-mimetype/-/whatwg-mimetype-4.0.0.tgz. Extracting by manifest.
1639 silly tarball no local data for saxes@https://registry.npmjs.org/saxes/-/saxes-6.0.0.tgz. Extracting by manifest.
1640 silly tarball no local data for nwsapi@https://registry.npmjs.org/nwsapi/-/nwsapi-2.2.23.tgz. Extracting by manifest.
1641 silly tarball no local data for rrweb-cssom@https://registry.npmjs.org/rrweb-cssom/-/rrweb-cssom-0.7.1.tgz. Extracting by manifest.
1642 silly tarball no local data for is-potential-custom-element-name@https://registry.npmjs.org/is-potential-custom-element-name/-/is-potential-custom-element-name-1.0.1.tgz. Extracting by manifest.
1643 silly tarball no local data for parse5@https://registry.npmjs.org/parse5/-/parse5-7.3.0.tgz. Extracting by manifest.
1644 silly tarball no local data for html-encoding-sniffer@https://registry.npmjs.org/html-encoding-sniffer/-/html-encoding-sniffer-4.0.0.tgz. Extracting by manifest.
1645 silly tarball no local data for https-proxy-agent@https://registry.npmjs.org/https-proxy-agent/-/https-proxy-agent-7.0.6.tgz. Extracting by manifest.
1646 silly tarball no local data for form-data@https://registry.npmjs.org/form-data/-/form-data-4.0.5.tgz. Extracting by manifest.
1647 silly tarball no local data for http-proxy-agent@https://registry.npmjs.org/http-proxy-agent/-/http-proxy-agent-7.0.2.tgz. Extracting by manifest.
1648 silly tarball no local data for cssstyle@https://registry.npmjs.org/cssstyle/-/cssstyle-4.6.0.tgz. Extracting by manifest.
1649 silly tarball no local data for @types/babel__template@https://registry.npmjs.org/@types/babel__template/-/babel__template-7.4.4.tgz. Extracting by manifest.
1650 silly tarball no local data for decimal.js@https://registry.npmjs.org/decimal.js/-/decimal.js-10.6.0.tgz. Extracting by manifest.
1651 silly tarball no local data for @types/babel__generator@https://registry.npmjs.org/@types/babel__generator/-/babel__generator-7.27.0.tgz. Extracting by manifest.
1652 silly tarball no local data for @babel/helper-plugin-utils@https://registry.npmjs.org/@babel/helper-plugin-utils/-/helper-plugin-utils-7.28.6.tgz. Extracting by manifest.
1653 silly tarball no local data for @types/babel__traverse@https://registry.npmjs.org/@types/babel__traverse/-/babel__traverse-7.28.0.tgz. Extracting by manifest.
1654 silly tarball no local data for data-urls@https://registry.npmjs.org/data-urls/-/data-urls-5.0.0.tgz. Extracting by manifest.
1655 silly tarball no local data for react-refresh@https://registry.npmjs.org/react-refresh/-/react-refresh-0.17.0.tgz. Extracting by manifest.
1656 silly tarball no local data for @babel/plugin-transform-react-jsx-self@https://registry.npmjs.org/@babel/plugin-transform-react-jsx-self/-/plugin-transform-react-jsx-self-7.27.1.tgz. Extracting by manifest.
1657 silly tarball no local data for @babel/plugin-transform-react-jsx-source@https://registry.npmjs.org/@babel/plugin-transform-react-jsx-source/-/plugin-transform-react-jsx-source-7.27.1.tgz. Extracting by manifest.
1658 silly tarball no local data for vitest@https://registry.npmjs.org/vitest/-/vitest-1.6.1.tgz. Extracting by manifest.
1659 silly tarball no local data for jsdom@https://registry.npmjs.org/jsdom/-/jsdom-24.1.3.tgz. Extracting by manifest.
1660 silly tarball no local data for vite@https://registry.npmjs.org/vite/-/vite-7.3.2.tgz. Extracting by manifest.
1661 silly tarball no local data for @rolldown/pluginutils@https://registry.npmjs.org/@rolldown/pluginutils/-/pluginutils-1.0.0-beta.27.tgz. Extracting by manifest.
1662 silly tarball no local data for @vitejs/plugin-react@https://registry.npmjs.org/@vitejs/plugin-react/-/plugin-react-4.7.0.tgz. Extracting by manifest.
1663 silly tarball no local data for tsx@https://registry.npmjs.org/tsx/-/tsx-4.21.0.tgz. Extracting by manifest.
1664 silly tarball no local data for zod-validation-error@https://registry.npmjs.org/zod-validation-error/-/zod-validation-error-4.0.2.tgz. Extracting by manifest.
1665 silly tarball no local data for zod@https://registry.npmjs.org/zod/-/zod-3.25.76.tgz. Extracting by manifest.
1666 silly tarball no local data for @types/babel__core@https://registry.npmjs.org/@types/babel__core/-/babel__core-7.20.5.tgz. Extracting by manifest.
1667 silly tarball no local data for yocto-queue@https://registry.npmjs.org/yocto-queue/-/yocto-queue-0.1.0.tgz. Extracting by manifest.
1668 silly tarball no local data for yallist@https://registry.npmjs.org/yallist/-/yallist-3.1.1.tgz. Extracting by manifest.
1669 silly tarball no local data for word-wrap@https://registry.npmjs.org/word-wrap/-/word-wrap-1.2.5.tgz. Extracting by manifest.
1670 silly tarball no local data for ws@https://registry.npmjs.org/ws/-/ws-8.20.0.tgz. Extracting by manifest.
1671 silly tarball no local data for which-builtin-type@https://registry.npmjs.org/which-builtin-type/-/which-builtin-type-1.2.1.tgz. Extracting by manifest.
1672 silly tarball no local data for which-typed-array@https://registry.npmjs.org/which-typed-array/-/which-typed-array-1.1.20.tgz. Extracting by manifest.
1673 silly tarball no local data for which-collection@https://registry.npmjs.org/which-collection/-/which-collection-1.0.2.tgz. Extracting by manifest.
1674 silly tarball no local data for which@https://registry.npmjs.org/which/-/which-2.0.2.tgz. Extracting by manifest.
1675 silly tarball no local data for which-boxed-primitive@https://registry.npmjs.org/which-boxed-primitive/-/which-boxed-primitive-1.1.1.tgz. Extracting by manifest.
1676 silly tarball no local data for whatwg-url@https://registry.npmjs.org/whatwg-url/-/whatwg-url-14.2.0.tgz. Extracting by manifest.
1677 silly tarball no local data for webidl-conversions@https://registry.npmjs.org/webidl-conversions/-/webidl-conversions-7.0.0.tgz. Extracting by manifest.
1678 silly tarball no local data for update-browserslist-db@https://registry.npmjs.org/update-browserslist-db/-/update-browserslist-db-1.2.3.tgz. Extracting by manifest.
1679 silly tarball no local data for uri-js@https://registry.npmjs.org/uri-js/-/uri-js-4.4.1.tgz. Extracting by manifest.
1680 silly tarball no local data for unrs-resolver@https://registry.npmjs.org/unrs-resolver/-/unrs-resolver-1.11.1.tgz. Extracting by manifest.
1681 silly tarball no local data for undici-types@https://registry.npmjs.org/undici-types/-/undici-types-6.21.0.tgz. Extracting by manifest.
1682 silly tarball no local data for typed-array-length@https://registry.npmjs.org/typed-array-length/-/typed-array-length-1.0.7.tgz. Extracting by manifest.
1683 silly tarball no local data for unbox-primitive@https://registry.npmjs.org/unbox-primitive/-/unbox-primitive-1.1.0.tgz. Extracting by manifest.
1684 silly tarball no local data for typescript@https://registry.npmjs.org/typescript/-/typescript-5.9.3.tgz. Extracting by manifest.
1685 silly tarball no local data for typescript-eslint@https://registry.npmjs.org/typescript-eslint/-/typescript-eslint-8.58.2.tgz. Extracting by manifest.
1686 silly tarball no local data for typed-array-byte-offset@https://registry.npmjs.org/typed-array-byte-offset/-/typed-array-byte-offset-1.0.4.tgz. Extracting by manifest.
1687 silly tarball no local data for tslib@https://registry.npmjs.org/tslib/-/tslib-2.8.1.tgz. Extracting by manifest.
1688 silly tarball no local data for type-check@https://registry.npmjs.org/type-check/-/type-check-0.4.0.tgz. Extracting by manifest.
1689 silly tarball no local data for typed-array-byte-length@https://registry.npmjs.org/typed-array-byte-length/-/typed-array-byte-length-1.0.3.tgz. Extracting by manifest.
1690 silly tarball no local data for tsconfig-paths@https://registry.npmjs.org/tsconfig-paths/-/tsconfig-paths-3.15.0.tgz. Extracting by manifest.
1691 silly tarball no local data for typed-array-buffer@https://registry.npmjs.org/typed-array-buffer/-/typed-array-buffer-1.0.3.tgz. Extracting by manifest.
1692 silly tarball no local data for ts-api-utils@https://registry.npmjs.org/ts-api-utils/-/ts-api-utils-2.5.0.tgz. Extracting by manifest.
1693 silly tarball no local data for tinyglobby@https://registry.npmjs.org/tinyglobby/-/tinyglobby-0.2.16.tgz. Extracting by manifest.
1694 silly tarball no local data for tapable@https://registry.npmjs.org/tapable/-/tapable-2.3.2.tgz. Extracting by manifest.
1695 silly tarball no local data for to-regex-range@https://registry.npmjs.org/to-regex-range/-/to-regex-range-5.0.1.tgz. Extracting by manifest.
1696 silly tarball no local data for tr46@https://registry.npmjs.org/tr46/-/tr46-5.1.1.tgz. Extracting by manifest.
1697 silly tarball no local data for tailwindcss@https://registry.npmjs.org/tailwindcss/-/tailwindcss-4.2.2.tgz. Extracting by manifest.
1698 silly tarball no local data for supports-preserve-symlinks-flag@https://registry.npmjs.org/supports-preserve-symlinks-flag/-/supports-preserve-symlinks-flag-1.0.0.tgz. Extracting by manifest.
1699 silly tarball no local data for styled-jsx@https://registry.npmjs.org/styled-jsx/-/styled-jsx-5.1.6.tgz. Extracting by manifest.
1700 silly tarball no local data for strip-bom@https://registry.npmjs.org/strip-bom/-/strip-bom-3.0.0.tgz. Extracting by manifest.
1701 silly tarball no local data for strip-json-comments@https://registry.npmjs.org/strip-json-comments/-/strip-json-comments-3.1.1.tgz. Extracting by manifest.
1702 silly tarball no local data for supports-color@https://registry.npmjs.org/supports-color/-/supports-color-7.2.0.tgz. Extracting by manifest.
1703 silly tarball no local data for string.prototype.trimend@https://registry.npmjs.org/string.prototype.trimend/-/string.prototype.trimend-1.0.9.tgz. Extracting by manifest.
1704 silly tarball no local data for string.prototype.trim@https://registry.npmjs.org/string.prototype.trim/-/string.prototype.trim-1.2.10.tgz. Extracting by manifest.
1705 silly tarball no local data for string.prototype.trimstart@https://registry.npmjs.org/string.prototype.trimstart/-/string.prototype.trimstart-1.0.8.tgz. Extracting by manifest.
1706 silly tarball no local data for stop-iteration-iterator@https://registry.npmjs.org/stop-iteration-iterator/-/stop-iteration-iterator-1.1.0.tgz. Extracting by manifest.
1707 silly tarball no local data for string.prototype.repeat@https://registry.npmjs.org/string.prototype.repeat/-/string.prototype.repeat-1.0.0.tgz. Extracting by manifest.
1708 silly tarball no local data for string.prototype.matchall@https://registry.npmjs.org/string.prototype.matchall/-/string.prototype.matchall-4.0.12.tgz. Extracting by manifest.
1709 silly tarball no local data for string.prototype.includes@https://registry.npmjs.org/string.prototype.includes/-/string.prototype.includes-2.0.1.tgz. Extracting by manifest.
1710 silly tarball no local data for sparse-bitfield@https://registry.npmjs.org/sparse-bitfield/-/sparse-bitfield-3.0.3.tgz. Extracting by manifest.
1711 silly tarball no local data for source-map-js@https://registry.npmjs.org/source-map-js/-/source-map-js-1.2.1.tgz. Extracting by manifest.
1712 silly tarball no local data for stable-hash@https://registry.npmjs.org/stable-hash/-/stable-hash-0.0.5.tgz. Extracting by manifest.
1713 silly tarball no local data for side-channel-weakmap@https://registry.npmjs.org/side-channel-weakmap/-/side-channel-weakmap-1.0.2.tgz. Extracting by manifest.
1714 silly tarball no local data for side-channel-list@https://registry.npmjs.org/side-channel-list/-/side-channel-list-1.0.1.tgz. Extracting by manifest.
1715 silly tarball no local data for side-channel-map@https://registry.npmjs.org/side-channel-map/-/side-channel-map-1.0.1.tgz. Extracting by manifest.
1716 silly tarball no local data for shebang-command@https://registry.npmjs.org/shebang-command/-/shebang-command-2.0.0.tgz. Extracting by manifest.
1717 silly tarball no local data for sharp@https://registry.npmjs.org/sharp/-/sharp-0.34.5.tgz. Extracting by manifest.
1718 silly tarball no local data for side-channel@https://registry.npmjs.org/side-channel/-/side-channel-1.1.0.tgz. Extracting by manifest.
1719 silly tarball no local data for shebang-regex@https://registry.npmjs.org/shebang-regex/-/shebang-regex-3.0.0.tgz. Extracting by manifest.
1720 silly tarball no local data for set-proto@https://registry.npmjs.org/set-proto/-/set-proto-1.0.0.tgz. Extracting by manifest.
1721 silly tarball no local data for set-function-name@https://registry.npmjs.org/set-function-name/-/set-function-name-2.0.2.tgz. Extracting by manifest.
1722 silly tarball no local data for semver@https://registry.npmjs.org/semver/-/semver-6.3.1.tgz. Extracting by manifest.
1723 silly tarball no local data for safe-regex-test@https://registry.npmjs.org/safe-regex-test/-/safe-regex-test-1.1.0.tgz. Extracting by manifest.
1724 silly tarball no local data for scheduler@https://registry.npmjs.org/scheduler/-/scheduler-0.27.0.tgz. Extracting by manifest.
1725 silly tarball no local data for set-function-length@https://registry.npmjs.org/set-function-length/-/set-function-length-1.2.2.tgz. Extracting by manifest.
1726 silly tarball no local data for safe-push-apply@https://registry.npmjs.org/safe-push-apply/-/safe-push-apply-1.0.0.tgz. Extracting by manifest.
1727 silly tarball no local data for safe-array-concat@https://registry.npmjs.org/safe-array-concat/-/safe-array-concat-1.1.3.tgz. Extracting by manifest.
1728 silly tarball no local data for run-parallel@https://registry.npmjs.org/run-parallel/-/run-parallel-1.2.0.tgz. Extracting by manifest.
1729 silly tarball no local data for resolve-pkg-maps@https://registry.npmjs.org/resolve-pkg-maps/-/resolve-pkg-maps-1.0.0.tgz. Extracting by manifest.
1730 silly tarball no local data for resolve-from@https://registry.npmjs.org/resolve-from/-/resolve-from-4.0.0.tgz. Extracting by manifest.
1731 silly tarball no local data for reusify@https://registry.npmjs.org/reusify/-/reusify-1.1.0.tgz. Extracting by manifest.
1732 silly tarball no local data for regexp.prototype.flags@https://registry.npmjs.org/regexp.prototype.flags/-/regexp.prototype.flags-1.5.4.tgz. Extracting by manifest.
1733 silly tarball no local data for reflect.getprototypeof@https://registry.npmjs.org/reflect.getprototypeof/-/reflect.getprototypeof-1.0.10.tgz. Extracting by manifest.
1734 silly tarball no local data for react-dom@https://registry.npmjs.org/react-dom/-/react-dom-19.2.4.tgz. Extracting by manifest.
1735 silly tarball no local data for resolve@https://registry.npmjs.org/resolve/-/resolve-2.0.0-next.6.tgz. Extracting by manifest.
1736 silly tarball no local data for queue-microtask@https://registry.npmjs.org/queue-microtask/-/queue-microtask-1.2.3.tgz. Extracting by manifest.
1737 silly tarball no local data for react-is@https://registry.npmjs.org/react-is/-/react-is-16.13.1.tgz. Extracting by manifest.
1738 silly tarball no local data for prop-types@https://registry.npmjs.org/prop-types/-/prop-types-15.8.1.tgz. Extracting by manifest.
1739 silly tarball no local data for punycode@https://registry.npmjs.org/punycode/-/punycode-2.3.1.tgz. Extracting by manifest.
1740 silly tarball no local data for possible-typed-array-names@https://registry.npmjs.org/possible-typed-array-names/-/possible-typed-array-names-1.1.0.tgz. Extracting by manifest.
1741 silly tarball no local data for picomatch@https://registry.npmjs.org/picomatch/-/picomatch-2.3.2.tgz. Extracting by manifest.
1742 silly tarball no local data for postcss@https://registry.npmjs.org/postcss/-/postcss-8.5.9.tgz. Extracting by manifest.
1743 silly tarball no local data for path-parse@https://registry.npmjs.org/path-parse/-/path-parse-1.0.7.tgz. Extracting by manifest.
1744 silly tarball no local data for prelude-ls@https://registry.npmjs.org/prelude-ls/-/prelude-ls-1.2.1.tgz. Extracting by manifest.
1745 silly tarball no local data for path-key@https://registry.npmjs.org/path-key/-/path-key-3.1.1.tgz. Extracting by manifest.
1746 silly tarball no local data for picocolors@https://registry.npmjs.org/picocolors/-/picocolors-1.1.1.tgz. Extracting by manifest.
1747 silly tarball no local data for parent-module@https://registry.npmjs.org/parent-module/-/parent-module-1.0.1.tgz. Extracting by manifest.
1748 silly tarball no local data for react@https://registry.npmjs.org/react/-/react-19.2.4.tgz. Extracting by manifest.
1749 silly tarball no local data for p-locate@https://registry.npmjs.org/p-locate/-/p-locate-5.0.0.tgz. Extracting by manifest.
1750 silly tarball no local data for optionator@https://registry.npmjs.org/optionator/-/optionator-0.9.4.tgz. Extracting by manifest.
1751 silly tarball no local data for object.values@https://registry.npmjs.org/object.values/-/object.values-1.2.1.tgz. Extracting by manifest.
1752 silly tarball no local data for p-limit@https://registry.npmjs.org/p-limit/-/p-limit-3.1.0.tgz. Extracting by manifest.
1753 silly tarball no local data for path-exists@https://registry.npmjs.org/path-exists/-/path-exists-4.0.0.tgz. Extracting by manifest.
1754 silly tarball no local data for object.groupby@https://registry.npmjs.org/object.groupby/-/object.groupby-1.0.3.tgz. Extracting by manifest.
1755 silly tarball no local data for own-keys@https://registry.npmjs.org/own-keys/-/own-keys-1.0.1.tgz. Extracting by manifest.
1756 silly tarball no local data for object.assign@https://registry.npmjs.org/object.assign/-/object.assign-4.1.7.tgz. Extracting by manifest.
1757 silly tarball no local data for object-inspect@https://registry.npmjs.org/object-inspect/-/object-inspect-1.13.4.tgz. Extracting by manifest.
1758 silly tarball no local data for object.entries@https://registry.npmjs.org/object.entries/-/object.entries-1.1.9.tgz. Extracting by manifest.
1759 silly tarball no local data for object-assign@https://registry.npmjs.org/object-assign/-/object-assign-4.1.1.tgz. Extracting by manifest.
1760 silly tarball no local data for object.fromentries@https://registry.npmjs.org/object.fromentries/-/object.fromentries-2.0.8.tgz. Extracting by manifest.
1761 silly tarball no local data for object-keys@https://registry.npmjs.org/object-keys/-/object-keys-1.1.1.tgz. Extracting by manifest.
1762 silly tarball no local data for next@https://registry.npmjs.org/next/-/next-16.2.3.tgz. Extracting by manifest.
1763 silly tarball no local data for natural-compare@https://registry.npmjs.org/natural-compare/-/natural-compare-1.4.0.tgz. Extracting by manifest.
1764 silly tarball no local data for nanoid@https://registry.npmjs.org/nanoid/-/nanoid-3.3.11.tgz. Extracting by manifest.
1765 silly tarball no local data for napi-postinstall@https://registry.npmjs.org/napi-postinstall/-/napi-postinstall-0.3.4.tgz. Extracting by manifest.
1766 silly tarball no local data for ms@https://registry.npmjs.org/ms/-/ms-2.1.3.tgz. Extracting by manifest.
1767 silly tarball no local data for node-exports-info@https://registry.npmjs.org/node-exports-info/-/node-exports-info-1.6.0.tgz. Extracting by manifest.
1768 silly tarball no local data for minimist@https://registry.npmjs.org/minimist/-/minimist-1.2.8.tgz. Extracting by manifest.
1769 silly tarball no local data for mongodb-connection-string-url@https://registry.npmjs.org/mongodb-connection-string-url/-/mongodb-connection-string-url-3.0.2.tgz. Extracting by manifest.
1770 silly tarball no local data for mongodb@https://registry.npmjs.org/mongodb/-/mongodb-6.21.0.tgz. Extracting by manifest.
1771 silly tarball no local data for minimatch@https://registry.npmjs.org/minimatch/-/minimatch-3.1.5.tgz. Extracting by manifest.
1772 silly tarball no local data for micromatch@https://registry.npmjs.org/micromatch/-/micromatch-4.0.8.tgz. Extracting by manifest.
1773 silly tarball no local data for magic-string@https://registry.npmjs.org/magic-string/-/magic-string-0.30.21.tgz. Extracting by manifest.
1774 silly tarball no local data for lru-cache@https://registry.npmjs.org/lru-cache/-/lru-cache-5.1.1.tgz. Extracting by manifest.
1775 silly tarball no local data for memory-pager@https://registry.npmjs.org/memory-pager/-/memory-pager-1.5.0.tgz. Extracting by manifest.
1776 silly tarball no local data for node-releases@https://registry.npmjs.org/node-releases/-/node-releases-2.0.37.tgz. Extracting by manifest.
1777 silly tarball no local data for math-intrinsics@https://registry.npmjs.org/math-intrinsics/-/math-intrinsics-1.1.0.tgz. Extracting by manifest.
1778 silly tarball no local data for lodash.merge@https://registry.npmjs.org/lodash.merge/-/lodash.merge-4.6.2.tgz. Extracting by manifest.
1779 silly tarball no local data for loose-envify@https://registry.npmjs.org/loose-envify/-/loose-envify-1.4.0.tgz. Extracting by manifest.
1780 silly tarball no local data for levn@https://registry.npmjs.org/levn/-/levn-0.4.1.tgz. Extracting by manifest.
1781 silly tarball no local data for lightningcss@https://registry.npmjs.org/lightningcss/-/lightningcss-1.32.0.tgz. Extracting by manifest.
1782 silly tarball no local data for lightningcss-darwin-arm64@https://registry.npmjs.org/lightningcss-darwin-arm64/-/lightningcss-darwin-arm64-1.32.0.tgz. Extracting by manifest.
1783 silly tarball no local data for language-tags@https://registry.npmjs.org/language-tags/-/language-tags-1.0.9.tgz. Extracting by manifest.
1784 silly tarball no local data for locate-path@https://registry.npmjs.org/locate-path/-/locate-path-6.0.0.tgz. Extracting by manifest.
1785 silly tarball no local data for language-subtag-registry@https://registry.npmjs.org/language-subtag-registry/-/language-subtag-registry-0.3.23.tgz. Extracting by manifest.
1786 silly tarball no local data for jsx-ast-utils@https://registry.npmjs.org/jsx-ast-utils/-/jsx-ast-utils-3.3.5.tgz. Extracting by manifest.
1787 silly tarball no local data for json-schema-traverse@https://registry.npmjs.org/json-schema-traverse/-/json-schema-traverse-0.4.1.tgz. Extracting by manifest.
1788 silly tarball no local data for json-buffer@https://registry.npmjs.org/json-buffer/-/json-buffer-3.0.1.tgz. Extracting by manifest.
1789 silly tarball no local data for json5@https://registry.npmjs.org/json5/-/json5-2.2.3.tgz. Extracting by manifest.
1790 silly tarball no local data for jsesc@https://registry.npmjs.org/jsesc/-/jsesc-3.1.0.tgz. Extracting by manifest.
1791 silly tarball no local data for json-stable-stringify-without-jsonify@https://registry.npmjs.org/json-stable-stringify-without-jsonify/-/json-stable-stringify-without-jsonify-1.0.1.tgz. Extracting by manifest.
1792 silly tarball no local data for keyv@https://registry.npmjs.org/keyv/-/keyv-4.5.4.tgz. Extracting by manifest.
1793 silly tarball no local data for jiti@https://registry.npmjs.org/jiti/-/jiti-2.6.1.tgz. Extracting by manifest.
1794 silly tarball no local data for js-tokens@https://registry.npmjs.org/js-tokens/-/js-tokens-4.0.0.tgz. Extracting by manifest.
1795 silly tarball no local data for isexe@https://registry.npmjs.org/isexe/-/isexe-2.0.0.tgz. Extracting by manifest.
1796 silly tarball no local data for js-yaml@https://registry.npmjs.org/js-yaml/-/js-yaml-4.1.1.tgz. Extracting by manifest.
1797 silly tarball no local data for isarray@https://registry.npmjs.org/isarray/-/isarray-2.0.5.tgz. Extracting by manifest.
1798 silly tarball no local data for is-weakset@https://registry.npmjs.org/is-weakset/-/is-weakset-2.0.4.tgz. Extracting by manifest.
1799 silly tarball no local data for is-weakmap@https://registry.npmjs.org/is-weakmap/-/is-weakmap-2.0.2.tgz. Extracting by manifest.
1800 silly tarball no local data for iterator.prototype@https://registry.npmjs.org/iterator.prototype/-/iterator.prototype-1.1.5.tgz. Extracting by manifest.
1801 silly tarball no local data for is-typed-array@https://registry.npmjs.org/is-typed-array/-/is-typed-array-1.1.15.tgz. Extracting by manifest.
1802 silly tarball no local data for is-symbol@https://registry.npmjs.org/is-symbol/-/is-symbol-1.1.1.tgz. Extracting by manifest.
1803 silly tarball no local data for is-weakref@https://registry.npmjs.org/is-weakref/-/is-weakref-1.1.1.tgz. Extracting by manifest.
1804 silly tarball no local data for is-shared-array-buffer@https://registry.npmjs.org/is-shared-array-buffer/-/is-shared-array-buffer-1.0.4.tgz. Extracting by manifest.
1805 silly tarball no local data for is-set@https://registry.npmjs.org/is-set/-/is-set-2.0.3.tgz. Extracting by manifest.
1806 silly tarball no local data for is-string@https://registry.npmjs.org/is-string/-/is-string-1.1.1.tgz. Extracting by manifest.
1807 silly tarball no local data for is-number-object@https://registry.npmjs.org/is-number-object/-/is-number-object-1.1.1.tgz. Extracting by manifest.
1808 silly tarball no local data for is-number@https://registry.npmjs.org/is-number/-/is-number-7.0.0.tgz. Extracting by manifest.
1809 silly tarball no local data for is-regex@https://registry.npmjs.org/is-regex/-/is-regex-1.2.1.tgz. Extracting by manifest.
1810 silly tarball no local data for is-map@https://registry.npmjs.org/is-map/-/is-map-2.0.3.tgz. Extracting by manifest.
1811 silly tarball no local data for is-glob@https://registry.npmjs.org/is-glob/-/is-glob-4.0.3.tgz. Extracting by manifest.
1812 silly tarball no local data for is-negative-zero@https://registry.npmjs.org/is-negative-zero/-/is-negative-zero-2.0.3.tgz. Extracting by manifest.
1813 silly tarball no local data for is-extglob@https://registry.npmjs.org/is-extglob/-/is-extglob-2.1.1.tgz. Extracting by manifest.
1814 silly tarball no local data for is-generator-function@https://registry.npmjs.org/is-generator-function/-/is-generator-function-1.1.2.tgz. Extracting by manifest.
1815 silly tarball no local data for is-data-view@https://registry.npmjs.org/is-data-view/-/is-data-view-1.0.2.tgz. Extracting by manifest.
1816 silly tarball no local data for is-date-object@https://registry.npmjs.org/is-date-object/-/is-date-object-1.1.0.tgz. Extracting by manifest.
1817 silly tarball no local data for is-finalizationregistry@https://registry.npmjs.org/is-finalizationregistry/-/is-finalizationregistry-1.1.1.tgz. Extracting by manifest.
1818 silly tarball no local data for merge2@https://registry.npmjs.org/merge2/-/merge2-1.4.1.tgz. Extracting by manifest.
1819 silly tarball no local data for is-core-module@https://registry.npmjs.org/is-core-module/-/is-core-module-2.16.1.tgz. Extracting by manifest.
1820 silly tarball no local data for is-bun-module@https://registry.npmjs.org/is-bun-module/-/is-bun-module-2.0.0.tgz. Extracting by manifest.
1821 silly tarball no local data for is-array-buffer@https://registry.npmjs.org/is-array-buffer/-/is-array-buffer-3.0.5.tgz. Extracting by manifest.
1822 silly tarball no local data for is-async-function@https://registry.npmjs.org/is-async-function/-/is-async-function-2.1.1.tgz. Extracting by manifest.
1823 silly tarball no local data for is-bigint@https://registry.npmjs.org/is-bigint/-/is-bigint-1.1.0.tgz. Extracting by manifest.
1824 silly tarball no local data for is-boolean-object@https://registry.npmjs.org/is-boolean-object/-/is-boolean-object-1.2.2.tgz. Extracting by manifest.
1825 silly tarball no local data for internal-slot@https://registry.npmjs.org/internal-slot/-/internal-slot-1.1.0.tgz. Extracting by manifest.
1826 silly tarball no local data for imurmurhash@https://registry.npmjs.org/imurmurhash/-/imurmurhash-0.1.4.tgz. Extracting by manifest.
1827 silly tarball no local data for ignore@https://registry.npmjs.org/ignore/-/ignore-5.3.2.tgz. Extracting by manifest.
1828 silly tarball no local data for iceberg-js@https://registry.npmjs.org/iceberg-js/-/iceberg-js-0.8.1.tgz. Extracting by manifest.
1829 silly tarball no local data for import-fresh@https://registry.npmjs.org/import-fresh/-/import-fresh-3.3.1.tgz. Extracting by manifest.
1830 silly tarball no local data for hermes-estree@https://registry.npmjs.org/hermes-estree/-/hermes-estree-0.25.1.tgz. Extracting by manifest.
1831 silly tarball no local data for hermes-parser@https://registry.npmjs.org/hermes-parser/-/hermes-parser-0.25.1.tgz. Extracting by manifest.
1832 silly tarball no local data for has-proto@https://registry.npmjs.org/has-proto/-/has-proto-1.2.0.tgz. Extracting by manifest.
1833 silly tarball no local data for hasown@https://registry.npmjs.org/hasown/-/hasown-2.0.2.tgz. Extracting by manifest.
1834 silly tarball no local data for has-bigints@https://registry.npmjs.org/has-bigints/-/has-bigints-1.1.0.tgz. Extracting by manifest.
1835 silly tarball no local data for has-flag@https://registry.npmjs.org/has-flag/-/has-flag-4.0.0.tgz. Extracting by manifest.
1836 silly tarball no local data for has-property-descriptors@https://registry.npmjs.org/has-property-descriptors/-/has-property-descriptors-1.0.2.tgz. Extracting by manifest.
1837 silly tarball no local data for has-symbols@https://registry.npmjs.org/has-symbols/-/has-symbols-1.1.0.tgz. Extracting by manifest.
1838 silly tarball no local data for has-tostringtag@https://registry.npmjs.org/has-tostringtag/-/has-tostringtag-1.0.2.tgz. Extracting by manifest.
1839 silly tarball no local data for gopd@https://registry.npmjs.org/gopd/-/gopd-1.2.0.tgz. Extracting by manifest.
1840 silly tarball no local data for is-callable@https://registry.npmjs.org/is-callable/-/is-callable-1.2.7.tgz. Extracting by manifest.
1841 silly tarball no local data for graceful-fs@https://registry.npmjs.org/graceful-fs/-/graceful-fs-4.2.11.tgz. Extracting by manifest.
1842 silly tarball no local data for get-tsconfig@https://registry.npmjs.org/get-tsconfig/-/get-tsconfig-4.14.0.tgz. Extracting by manifest.
1843 silly tarball no local data for get-symbol-description@https://registry.npmjs.org/get-symbol-description/-/get-symbol-description-1.1.0.tgz. Extracting by manifest.
1844 silly tarball no local data for globalthis@https://registry.npmjs.org/globalthis/-/globalthis-1.0.4.tgz. Extracting by manifest.
1845 silly tarball no local data for get-proto@https://registry.npmjs.org/get-proto/-/get-proto-1.0.1.tgz. Extracting by manifest.
1846 silly tarball no local data for get-intrinsic@https://registry.npmjs.org/get-intrinsic/-/get-intrinsic-1.3.0.tgz. Extracting by manifest.
1847 silly tarball no local data for function.prototype.name@https://registry.npmjs.org/function.prototype.name/-/function.prototype.name-1.1.8.tgz. Extracting by manifest.
1848 silly tarball no local data for glob-parent@https://registry.npmjs.org/glob-parent/-/glob-parent-6.0.2.tgz. Extracting by manifest.
1849 silly tarball no local data for generator-function@https://registry.npmjs.org/generator-function/-/generator-function-2.0.1.tgz. Extracting by manifest.
1850 silly tarball no local data for for-each@https://registry.npmjs.org/for-each/-/for-each-0.3.5.tgz. Extracting by manifest.
1851 silly tarball no local data for gensync@https://registry.npmjs.org/gensync/-/gensync-1.0.0-beta.2.tgz. Extracting by manifest.
1852 silly tarball no local data for function-bind@https://registry.npmjs.org/function-bind/-/function-bind-1.1.2.tgz. Extracting by manifest.
1853 silly tarball no local data for functions-have-names@https://registry.npmjs.org/functions-have-names/-/functions-have-names-1.2.3.tgz. Extracting by manifest.
1854 silly tarball no local data for fill-range@https://registry.npmjs.org/fill-range/-/fill-range-7.1.1.tgz. Extracting by manifest.
1855 silly tarball no local data for flatted@https://registry.npmjs.org/flatted/-/flatted-3.4.2.tgz. Extracting by manifest.
1856 silly tarball no local data for flat-cache@https://registry.npmjs.org/flat-cache/-/flat-cache-4.0.1.tgz. Extracting by manifest.
1857 silly tarball no local data for fastq@https://registry.npmjs.org/fastq/-/fastq-1.20.1.tgz. Extracting by manifest.
1858 silly tarball no local data for file-entry-cache@https://registry.npmjs.org/file-entry-cache/-/file-entry-cache-8.0.0.tgz. Extracting by manifest.
1859 silly tarball no local data for fast-json-stable-stringify@https://registry.npmjs.org/fast-json-stable-stringify/-/fast-json-stable-stringify-2.1.0.tgz. Extracting by manifest.
1860 silly tarball no local data for fast-levenshtein@https://registry.npmjs.org/fast-levenshtein/-/fast-levenshtein-2.0.6.tgz. Extracting by manifest.
1861 silly tarball no local data for esutils@https://registry.npmjs.org/esutils/-/esutils-2.0.3.tgz. Extracting by manifest.
1862 silly tarball no local data for fast-deep-equal@https://registry.npmjs.org/fast-deep-equal/-/fast-deep-equal-3.1.3.tgz. Extracting by manifest.
1863 silly tarball no local data for fast-glob@https://registry.npmjs.org/fast-glob/-/fast-glob-3.3.1.tgz. Extracting by manifest.
1864 silly tarball no local data for estraverse@https://registry.npmjs.org/estraverse/-/estraverse-5.3.0.tgz. Extracting by manifest.
1865 silly tarball no local data for esrecurse@https://registry.npmjs.org/esrecurse/-/esrecurse-4.3.0.tgz. Extracting by manifest.
1866 silly tarball no local data for eslint-visitor-keys@https://registry.npmjs.org/eslint-visitor-keys/-/eslint-visitor-keys-4.2.1.tgz. Extracting by manifest.
1867 silly tarball no local data for eslint-scope@https://registry.npmjs.org/eslint-scope/-/eslint-scope-8.4.0.tgz. Extracting by manifest.
1868 silly tarball no local data for esquery@https://registry.npmjs.org/esquery/-/esquery-1.7.0.tgz. Extracting by manifest.
1869 silly tarball no local data for espree@https://registry.npmjs.org/espree/-/espree-10.4.0.tgz. Extracting by manifest.
1870 silly tarball no local data for find-up@https://registry.npmjs.org/find-up/-/find-up-5.0.0.tgz. Extracting by manifest.
1871 silly tarball no local data for eslint-plugin-react@https://registry.npmjs.org/eslint-plugin-react/-/eslint-plugin-react-7.37.5.tgz. Extracting by manifest.
1872 silly tarball no local data for eslint-module-utils@https://registry.npmjs.org/eslint-module-utils/-/eslint-module-utils-2.12.1.tgz. Extracting by manifest.
1873 silly tarball no local data for eslint-import-resolver-typescript@https://registry.npmjs.org/eslint-import-resolver-typescript/-/eslint-import-resolver-typescript-3.10.1.tgz. Extracting by manifest.
1874 silly tarball no local data for eslint-import-resolver-node@https://registry.npmjs.org/eslint-import-resolver-node/-/eslint-import-resolver-node-0.3.10.tgz. Extracting by manifest.
1875 silly tarball no local data for eslint-plugin-jsx-a11y@https://registry.npmjs.org/eslint-plugin-jsx-a11y/-/eslint-plugin-jsx-a11y-6.10.2.tgz. Extracting by manifest.
1876 silly tarball no local data for eslint-plugin-react-hooks@https://registry.npmjs.org/eslint-plugin-react-hooks/-/eslint-plugin-react-hooks-7.0.1.tgz. Extracting by manifest.
1877 silly tarball no local data for eslint-config-next@https://registry.npmjs.org/eslint-config-next/-/eslint-config-next-16.2.3.tgz. Extracting by manifest.
1878 silly tarball no local data for globals@https://registry.npmjs.org/globals/-/globals-14.0.0.tgz. Extracting by manifest.
1879 silly tarball no local data for eslint@https://registry.npmjs.org/eslint/-/eslint-9.39.4.tgz. Extracting by manifest.
1880 silly tarball no local data for es-to-primitive@https://registry.npmjs.org/es-to-primitive/-/es-to-primitive-1.3.0.tgz. Extracting by manifest.
1881 silly tarball no local data for escape-string-regexp@https://registry.npmjs.org/escape-string-regexp/-/escape-string-regexp-4.0.0.tgz. Extracting by manifest.
1882 silly tarball no local data for eslint-plugin-import@https://registry.npmjs.org/eslint-plugin-import/-/eslint-plugin-import-2.32.0.tgz. Extracting by manifest.
1883 silly tarball no local data for es-object-atoms@https://registry.npmjs.org/es-object-atoms/-/es-object-atoms-1.1.1.tgz. Extracting by manifest.
1884 silly tarball no local data for es-shim-unscopables@https://registry.npmjs.org/es-shim-unscopables/-/es-shim-unscopables-1.1.0.tgz. Extracting by manifest.
1885 silly tarball no local data for es-define-property@https://registry.npmjs.org/es-define-property/-/es-define-property-1.0.1.tgz. Extracting by manifest.
1886 silly tarball no local data for escalade@https://registry.npmjs.org/escalade/-/escalade-3.2.0.tgz. Extracting by manifest.
1887 silly tarball no local data for es-errors@https://registry.npmjs.org/es-errors/-/es-errors-1.3.0.tgz. Extracting by manifest.
1888 silly tarball no local data for es-set-tostringtag@https://registry.npmjs.org/es-set-tostringtag/-/es-set-tostringtag-2.1.0.tgz. Extracting by manifest.
1889 silly tarball no local data for electron-to-chromium@https://registry.npmjs.org/electron-to-chromium/-/electron-to-chromium-1.5.336.tgz. Extracting by manifest.
1890 silly tarball no local data for es-iterator-helpers@https://registry.npmjs.org/es-iterator-helpers/-/es-iterator-helpers-1.3.2.tgz. Extracting by manifest.
1891 silly tarball no local data for es-abstract@https://registry.npmjs.org/es-abstract/-/es-abstract-1.24.2.tgz. Extracting by manifest.
1892 silly tarball no local data for enhanced-resolve@https://registry.npmjs.org/enhanced-resolve/-/enhanced-resolve-5.20.1.tgz. Extracting by manifest.
1893 silly tarball no local data for emoji-regex@https://registry.npmjs.org/emoji-regex/-/emoji-regex-9.2.2.tgz. Extracting by manifest.
1894 silly tarball no local data for dunder-proto@https://registry.npmjs.org/dunder-proto/-/dunder-proto-1.0.1.tgz. Extracting by manifest.
1895 silly tarball no local data for doctrine@https://registry.npmjs.org/doctrine/-/doctrine-2.1.0.tgz. Extracting by manifest.
1896 silly tarball no local data for detect-libc@https://registry.npmjs.org/detect-libc/-/detect-libc-2.1.2.tgz. Extracting by manifest.
1897 silly tarball no local data for define-data-property@https://registry.npmjs.org/define-data-property/-/define-data-property-1.1.4.tgz. Extracting by manifest.
1898 silly tarball no local data for data-view-byte-offset@https://registry.npmjs.org/data-view-byte-offset/-/data-view-byte-offset-1.0.1.tgz. Extracting by manifest.
1899 silly tarball no local data for define-properties@https://registry.npmjs.org/define-properties/-/define-properties-1.2.1.tgz. Extracting by manifest.
1900 silly tarball no local data for deep-is@https://registry.npmjs.org/deep-is/-/deep-is-0.1.4.tgz. Extracting by manifest.
1901 silly tarball no local data for debug@https://registry.npmjs.org/debug/-/debug-4.4.3.tgz. Extracting by manifest.
1902 silly tarball no local data for data-view-byte-length@https://registry.npmjs.org/data-view-byte-length/-/data-view-byte-length-1.0.2.tgz. Extracting by manifest.
1903 silly tarball no local data for csstype@https://registry.npmjs.org/csstype/-/csstype-3.2.3.tgz. Extracting by manifest.
1904 silly tarball no local data for convert-source-map@https://registry.npmjs.org/convert-source-map/-/convert-source-map-2.0.0.tgz. Extracting by manifest.
1905 silly tarball no local data for damerau-levenshtein@https://registry.npmjs.org/damerau-levenshtein/-/damerau-levenshtein-1.0.8.tgz. Extracting by manifest.
1906 silly tarball no local data for cross-spawn@https://registry.npmjs.org/cross-spawn/-/cross-spawn-7.0.6.tgz. Extracting by manifest.
1907 silly tarball no local data for concat-map@https://registry.npmjs.org/concat-map/-/concat-map-0.0.1.tgz. Extracting by manifest.
1908 silly tarball no local data for data-view-buffer@https://registry.npmjs.org/data-view-buffer/-/data-view-buffer-1.0.2.tgz. Extracting by manifest.
1909 silly tarball no local data for chalk@https://registry.npmjs.org/chalk/-/chalk-4.1.2.tgz. Extracting by manifest.
1910 silly tarball no local data for call-bound@https://registry.npmjs.org/call-bound/-/call-bound-1.0.4.tgz. Extracting by manifest.
1911 silly tarball no local data for color-convert@https://registry.npmjs.org/color-convert/-/color-convert-2.0.1.tgz. Extracting by manifest.
1912 silly tarball no local data for caniuse-lite@https://registry.npmjs.org/caniuse-lite/-/caniuse-lite-1.0.30001788.tgz. Extracting by manifest.
1913 silly tarball no local data for callsites@https://registry.npmjs.org/callsites/-/callsites-3.1.0.tgz. Extracting by manifest.
1914 silly tarball no local data for client-only@https://registry.npmjs.org/client-only/-/client-only-0.0.1.tgz. Extracting by manifest.
1915 silly tarball no local data for color-name@https://registry.npmjs.org/color-name/-/color-name-1.1.4.tgz. Extracting by manifest.
1916 silly tarball no local data for bson@https://registry.npmjs.org/bson/-/bson-6.10.4.tgz. Extracting by manifest.
1917 silly tarball no local data for call-bind-apply-helpers@https://registry.npmjs.org/call-bind-apply-helpers/-/call-bind-apply-helpers-1.0.2.tgz. Extracting by manifest.
1918 silly tarball no local data for call-bind@https://registry.npmjs.org/call-bind/-/call-bind-1.0.9.tgz. Extracting by manifest.
1919 silly tarball no local data for brace-expansion@https://registry.npmjs.org/brace-expansion/-/brace-expansion-1.1.14.tgz. Extracting by manifest.
1920 silly tarball no local data for braces@https://registry.npmjs.org/braces/-/braces-3.0.3.tgz. Extracting by manifest.
1921 silly tarball no local data for balanced-match@https://registry.npmjs.org/balanced-match/-/balanced-match-1.0.2.tgz. Extracting by manifest.
1922 silly tarball no local data for baseline-browser-mapping@https://registry.npmjs.org/baseline-browser-mapping/-/baseline-browser-mapping-2.10.19.tgz. Extracting by manifest.
1923 silly tarball no local data for browserslist@https://registry.npmjs.org/browserslist/-/browserslist-4.28.2.tgz. Extracting by manifest.
1924 silly tarball no local data for axe-core@https://registry.npmjs.org/axe-core/-/axe-core-4.11.3.tgz. Extracting by manifest.
1925 silly tarball no local data for async-function@https://registry.npmjs.org/async-function/-/async-function-1.0.0.tgz. Extracting by manifest.
1926 silly tarball no local data for arraybuffer.prototype.slice@https://registry.npmjs.org/arraybuffer.prototype.slice/-/arraybuffer.prototype.slice-1.0.4.tgz. Extracting by manifest.
1927 silly tarball no local data for ast-types-flow@https://registry.npmjs.org/ast-types-flow/-/ast-types-flow-0.0.8.tgz. Extracting by manifest.
1928 silly tarball no local data for axobject-query@https://registry.npmjs.org/axobject-query/-/axobject-query-4.1.0.tgz. Extracting by manifest.
1929 silly tarball no local data for available-typed-arrays@https://registry.npmjs.org/available-typed-arrays/-/available-typed-arrays-1.0.7.tgz. Extracting by manifest.
1930 silly tarball no local data for array.prototype.tosorted@https://registry.npmjs.org/array.prototype.tosorted/-/array.prototype.tosorted-1.1.4.tgz. Extracting by manifest.
1931 silly tarball no local data for array.prototype.flat@https://registry.npmjs.org/array.prototype.flat/-/array.prototype.flat-1.3.3.tgz. Extracting by manifest.
1932 silly tarball no local data for array.prototype.findlast@https://registry.npmjs.org/array.prototype.findlast/-/array.prototype.findlast-1.2.5.tgz. Extracting by manifest.
1933 silly tarball no local data for array-buffer-byte-length@https://registry.npmjs.org/array-buffer-byte-length/-/array-buffer-byte-length-1.0.2.tgz. Extracting by manifest.
1934 silly tarball no local data for array-includes@https://registry.npmjs.org/array-includes/-/array-includes-3.1.9.tgz. Extracting by manifest.
1935 silly tarball no local data for aria-query@https://registry.npmjs.org/aria-query/-/aria-query-5.3.2.tgz. Extracting by manifest.
1936 silly tarball no local data for ansi-styles@https://registry.npmjs.org/ansi-styles/-/ansi-styles-4.3.0.tgz. Extracting by manifest.
1937 silly tarball no local data for argparse@https://registry.npmjs.org/argparse/-/argparse-2.0.1.tgz. Extracting by manifest.
1938 silly tarball no local data for ajv@https://registry.npmjs.org/ajv/-/ajv-6.14.0.tgz. Extracting by manifest.
1939 silly tarball no local data for acorn@https://registry.npmjs.org/acorn/-/acorn-8.16.0.tgz. Extracting by manifest.
1940 silly tarball no local data for array.prototype.findlastindex@https://registry.npmjs.org/array.prototype.findlastindex/-/array.prototype.findlastindex-1.2.6.tgz. Extracting by manifest.
1941 silly tarball no local data for @unrs/resolver-binding-darwin-arm64@https://registry.npmjs.org/@unrs/resolver-binding-darwin-arm64/-/resolver-binding-darwin-arm64-1.11.1.tgz. Extracting by manifest.
1942 silly tarball no local data for @typescript-eslint/visitor-keys@https://registry.npmjs.org/@typescript-eslint/visitor-keys/-/visitor-keys-8.58.2.tgz. Extracting by manifest.
1943 silly tarball no local data for @typescript-eslint/types@https://registry.npmjs.org/@typescript-eslint/types/-/types-8.58.2.tgz. Extracting by manifest.
1944 silly tarball no local data for array.prototype.flatmap@https://registry.npmjs.org/array.prototype.flatmap/-/array.prototype.flatmap-1.3.3.tgz. Extracting by manifest.
1945 silly tarball no local data for @typescript-eslint/typescript-estree@https://registry.npmjs.org/@typescript-eslint/typescript-estree/-/typescript-estree-8.58.2.tgz. Extracting by manifest.
1946 silly tarball no local data for @typescript-eslint/utils@https://registry.npmjs.org/@typescript-eslint/utils/-/utils-8.58.2.tgz. Extracting by manifest.
1947 silly tarball no local data for acorn-jsx@https://registry.npmjs.org/acorn-jsx/-/acorn-jsx-5.3.2.tgz. Extracting by manifest.
1948 silly tarball no local data for @typescript-eslint/tsconfig-utils@https://registry.npmjs.org/@typescript-eslint/tsconfig-utils/-/tsconfig-utils-8.58.2.tgz. Extracting by manifest.
1949 silly tarball no local data for @typescript-eslint/parser@https://registry.npmjs.org/@typescript-eslint/parser/-/parser-8.58.2.tgz. Extracting by manifest.
1950 silly tarball no local data for @types/ws@https://registry.npmjs.org/@types/ws/-/ws-8.18.1.tgz. Extracting by manifest.
1951 silly tarball no local data for @typescript-eslint/eslint-plugin@https://registry.npmjs.org/@typescript-eslint/eslint-plugin/-/eslint-plugin-8.58.2.tgz. Extracting by manifest.
1952 silly tarball no local data for @types/whatwg-url@https://registry.npmjs.org/@types/whatwg-url/-/whatwg-url-11.0.5.tgz. Extracting by manifest.
1953 silly tarball no local data for @types/webidl-conversions@https://registry.npmjs.org/@types/webidl-conversions/-/webidl-conversions-7.0.3.tgz. Extracting by manifest.
1954 silly tarball no local data for @typescript-eslint/project-service@https://registry.npmjs.org/@typescript-eslint/project-service/-/project-service-8.58.2.tgz. Extracting by manifest.
1955 silly tarball no local data for @types/react@https://registry.npmjs.org/@types/react/-/react-19.2.14.tgz. Extracting by manifest.
1956 silly tarball no local data for @typescript-eslint/type-utils@https://registry.npmjs.org/@typescript-eslint/type-utils/-/type-utils-8.58.2.tgz. Extracting by manifest.
1957 silly tarball no local data for @types/node@https://registry.npmjs.org/@types/node/-/node-20.19.39.tgz. Extracting by manifest.
1958 silly tarball no local data for @types/react-dom@https://registry.npmjs.org/@types/react-dom/-/react-dom-19.2.3.tgz. Extracting by manifest.
1959 silly tarball no local data for @types/json5@https://registry.npmjs.org/@types/json5/-/json5-0.0.29.tgz. Extracting by manifest.
1960 silly tarball no local data for @types/estree@https://registry.npmjs.org/@types/estree/-/estree-1.0.8.tgz. Extracting by manifest.
1961 silly tarball no local data for @types/json-schema@https://registry.npmjs.org/@types/json-schema/-/json-schema-7.0.15.tgz. Extracting by manifest.
1962 silly tarball no local data for @tybys/wasm-util@https://registry.npmjs.org/@tybys/wasm-util/-/wasm-util-0.10.1.tgz. Extracting by manifest.
1963 silly tarball no local data for @tailwindcss/postcss@https://registry.npmjs.org/@tailwindcss/postcss/-/postcss-4.2.2.tgz. Extracting by manifest.
1964 silly tarball no local data for @tailwindcss/oxide@https://registry.npmjs.org/@tailwindcss/oxide/-/oxide-4.2.2.tgz. Extracting by manifest.
1965 silly tarball no local data for @swc/helpers@https://registry.npmjs.org/@swc/helpers/-/helpers-0.5.21.tgz. Extracting by manifest.
1966 silly tarball no local data for @tailwindcss/oxide-darwin-arm64@https://registry.npmjs.org/@tailwindcss/oxide-darwin-arm64/-/oxide-darwin-arm64-4.2.2.tgz. Extracting by manifest.
1967 silly tarball no local data for @supabase/supabase-js@https://registry.npmjs.org/@supabase/supabase-js/-/supabase-js-2.103.3.tgz. Extracting by manifest.
1968 silly tarball no local data for @tailwindcss/node@https://registry.npmjs.org/@tailwindcss/node/-/node-4.2.2.tgz. Extracting by manifest.
1969 silly tarball no local data for @supabase/storage-js@https://registry.npmjs.org/@supabase/storage-js/-/storage-js-2.103.3.tgz. Extracting by manifest.
1970 silly tarball no local data for @supabase/postgrest-js@https://registry.npmjs.org/@supabase/postgrest-js/-/postgrest-js-2.103.3.tgz. Extracting by manifest.
1971 silly tarball no local data for @supabase/auth-js@https://registry.npmjs.org/@supabase/auth-js/-/auth-js-2.103.3.tgz. Extracting by manifest.
1972 silly tarball no local data for @supabase/functions-js@https://registry.npmjs.org/@supabase/functions-js/-/functions-js-2.103.3.tgz. Extracting by manifest.
1973 silly tarball no local data for @rtsao/scc@https://registry.npmjs.org/@rtsao/scc/-/scc-1.1.0.tgz. Extracting by manifest.
1974 silly tarball no local data for @nodelib/fs.walk@https://registry.npmjs.org/@nodelib/fs.walk/-/fs.walk-1.2.8.tgz. Extracting by manifest.
1975 silly tarball no local data for @supabase/realtime-js@https://registry.npmjs.org/@supabase/realtime-js/-/realtime-js-2.103.3.tgz. Extracting by manifest.
1976 silly tarball no local data for @nolyfill/is-core-module@https://registry.npmjs.org/@nolyfill/is-core-module/-/is-core-module-1.0.39.tgz. Extracting by manifest.
1977 silly tarball no local data for @supabase/phoenix@https://registry.npmjs.org/@supabase/phoenix/-/phoenix-0.4.0.tgz. Extracting by manifest.
1978 silly tarball no local data for @nodelib/fs.stat@https://registry.npmjs.org/@nodelib/fs.stat/-/fs.stat-2.0.5.tgz. Extracting by manifest.
1979 silly tarball no local data for @nodelib/fs.scandir@https://registry.npmjs.org/@nodelib/fs.scandir/-/fs.scandir-2.1.5.tgz. Extracting by manifest.
1980 silly tarball no local data for @next/swc-darwin-arm64@https://registry.npmjs.org/@next/swc-darwin-arm64/-/swc-darwin-arm64-16.2.3.tgz. Extracting by manifest.
1981 silly tarball no local data for @napi-rs/wasm-runtime@https://registry.npmjs.org/@napi-rs/wasm-runtime/-/wasm-runtime-0.2.12.tgz. Extracting by manifest.
1982 silly tarball no local data for @mongodb-js/saslprep@https://registry.npmjs.org/@mongodb-js/saslprep/-/saslprep-1.4.8.tgz. Extracting by manifest.
1983 silly tarball no local data for @next/env@https://registry.npmjs.org/@next/env/-/env-16.2.3.tgz. Extracting by manifest.
1984 silly tarball no local data for @jridgewell/trace-mapping@https://registry.npmjs.org/@jridgewell/trace-mapping/-/trace-mapping-0.3.31.tgz. Extracting by manifest.
1985 silly tarball no local data for @jridgewell/resolve-uri@https://registry.npmjs.org/@jridgewell/resolve-uri/-/resolve-uri-3.1.2.tgz. Extracting by manifest.
1986 silly tarball no local data for @jridgewell/sourcemap-codec@https://registry.npmjs.org/@jridgewell/sourcemap-codec/-/sourcemap-codec-1.5.5.tgz. Extracting by manifest.
1987 silly tarball no local data for @next/eslint-plugin-next@https://registry.npmjs.org/@next/eslint-plugin-next/-/eslint-plugin-next-16.2.3.tgz. Extracting by manifest.
1988 silly tarball no local data for @jridgewell/remapping@https://registry.npmjs.org/@jridgewell/remapping/-/remapping-2.3.5.tgz. Extracting by manifest.
1989 silly tarball no local data for @jridgewell/gen-mapping@https://registry.npmjs.org/@jridgewell/gen-mapping/-/gen-mapping-0.3.13.tgz. Extracting by manifest.
1990 silly tarball no local data for @img/sharp-libvips-darwin-arm64@https://registry.npmjs.org/@img/sharp-libvips-darwin-arm64/-/sharp-libvips-darwin-arm64-1.2.4.tgz. Extracting by manifest.
1991 silly tarball no local data for @img/sharp-darwin-arm64@https://registry.npmjs.org/@img/sharp-darwin-arm64/-/sharp-darwin-arm64-0.34.5.tgz. Extracting by manifest.
1992 silly tarball no local data for @img/colour@https://registry.npmjs.org/@img/colour/-/colour-1.1.0.tgz. Extracting by manifest.
1993 silly tarball no local data for @typescript-eslint/scope-manager@https://registry.npmjs.org/@typescript-eslint/scope-manager/-/scope-manager-8.58.2.tgz. Extracting by manifest.
1994 silly tarball no local data for @humanwhocodes/retry@https://registry.npmjs.org/@humanwhocodes/retry/-/retry-0.4.3.tgz. Extracting by manifest.
1995 silly tarball no local data for @humanwhocodes/module-importer@https://registry.npmjs.org/@humanwhocodes/module-importer/-/module-importer-1.0.1.tgz. Extracting by manifest.
1996 silly tarball no local data for @humanfs/core@https://registry.npmjs.org/@humanfs/core/-/core-0.19.1.tgz. Extracting by manifest.
1997 silly tarball no local data for @eslint/plugin-kit@https://registry.npmjs.org/@eslint/plugin-kit/-/plugin-kit-0.4.1.tgz. Extracting by manifest.
1998 silly tarball no local data for @eslint/object-schema@https://registry.npmjs.org/@eslint/object-schema/-/object-schema-2.1.7.tgz. Extracting by manifest.
1999 silly tarball no local data for @eslint/js@https://registry.npmjs.org/@eslint/js/-/js-9.39.4.tgz. Extracting by manifest.
2000 silly tarball no local data for @humanfs/node@https://registry.npmjs.org/@humanfs/node/-/node-0.16.7.tgz. Extracting by manifest.
2001 silly tarball no local data for @eslint/core@https://registry.npmjs.org/@eslint/core/-/core-0.17.0.tgz. Extracting by manifest.
2002 silly tarball no local data for @eslint/config-helpers@https://registry.npmjs.org/@eslint/config-helpers/-/config-helpers-0.4.2.tgz. Extracting by manifest.
2003 silly tarball no local data for @eslint/config-array@https://registry.npmjs.org/@eslint/config-array/-/config-array-0.21.2.tgz. Extracting by manifest.
2004 silly tarball no local data for @eslint-community/regexpp@https://registry.npmjs.org/@eslint-community/regexpp/-/regexpp-4.12.2.tgz. Extracting by manifest.
2005 silly tarball no local data for @eslint-community/eslint-utils@https://registry.npmjs.org/@eslint-community/eslint-utils/-/eslint-utils-4.9.1.tgz. Extracting by manifest.
2006 silly tarball no local data for @emnapi/runtime@https://registry.npmjs.org/@emnapi/runtime/-/runtime-1.9.2.tgz. Extracting by manifest.
2007 silly tarball no local data for @emnapi/core@https://registry.npmjs.org/@emnapi/core/-/core-1.9.2.tgz. Extracting by manifest.
2008 silly tarball no local data for @babel/types@https://registry.npmjs.org/@babel/types/-/types-7.29.0.tgz. Extracting by manifest.
2009 silly tarball no local data for @babel/traverse@https://registry.npmjs.org/@babel/traverse/-/traverse-7.29.0.tgz. Extracting by manifest.
2010 silly tarball no local data for @emnapi/wasi-threads@https://registry.npmjs.org/@emnapi/wasi-threads/-/wasi-threads-1.2.1.tgz. Extracting by manifest.
2011 silly tarball no local data for @babel/parser@https://registry.npmjs.org/@babel/parser/-/parser-7.29.2.tgz. Extracting by manifest.
2012 silly tarball no local data for @babel/helpers@https://registry.npmjs.org/@babel/helpers/-/helpers-7.29.2.tgz. Extracting by manifest.
2013 silly tarball no local data for @eslint/eslintrc@https://registry.npmjs.org/@eslint/eslintrc/-/eslintrc-3.3.5.tgz. Extracting by manifest.
2014 silly tarball no local data for @babel/helper-validator-option@https://registry.npmjs.org/@babel/helper-validator-option/-/helper-validator-option-7.27.1.tgz. Extracting by manifest.
2015 silly tarball no local data for @babel/template@https://registry.npmjs.org/@babel/template/-/template-7.28.6.tgz. Extracting by manifest.
2016 silly tarball no local data for @babel/helper-string-parser@https://registry.npmjs.org/@babel/helper-string-parser/-/helper-string-parser-7.27.1.tgz. Extracting by manifest.
2017 silly tarball no local data for @babel/helper-module-transforms@https://registry.npmjs.org/@babel/helper-module-transforms/-/helper-module-transforms-7.28.6.tgz. Extracting by manifest.
2018 silly tarball no local data for @babel/helper-module-imports@https://registry.npmjs.org/@babel/helper-module-imports/-/helper-module-imports-7.28.6.tgz. Extracting by manifest.
2019 silly tarball no local data for @babel/helper-validator-identifier@https://registry.npmjs.org/@babel/helper-validator-identifier/-/helper-validator-identifier-7.28.5.tgz. Extracting by manifest.
2020 silly tarball no local data for @babel/helper-globals@https://registry.npmjs.org/@babel/helper-globals/-/helper-globals-7.28.0.tgz. Extracting by manifest.
2021 silly tarball no local data for @babel/helper-compilation-targets@https://registry.npmjs.org/@babel/helper-compilation-targets/-/helper-compilation-targets-7.28.6.tgz. Extracting by manifest.
2022 silly tarball no local data for @babel/core@https://registry.npmjs.org/@babel/core/-/core-7.29.0.tgz. Extracting by manifest.
2023 silly tarball no local data for @babel/generator@https://registry.npmjs.org/@babel/generator/-/generator-7.29.1.tgz. Extracting by manifest.
2024 silly tarball no local data for @babel/compat-data@https://registry.npmjs.org/@babel/compat-data/-/compat-data-7.29.0.tgz. Extracting by manifest.
2025 silly tarball no local data for @alloc/quick-lru@https://registry.npmjs.org/@alloc/quick-lru/-/quick-lru-5.2.0.tgz. Extracting by manifest.
2026 silly tarball no local data for @babel/code-frame@https://registry.npmjs.org/@babel/code-frame/-/code-frame-7.29.0.tgz. Extracting by manifest.
2027 silly tarball no local data for pathe@https://registry.npmjs.org/pathe/-/pathe-2.0.3.tgz. Extracting by manifest.
2028 silly tarball no local data for path-key@https://registry.npmjs.org/path-key/-/path-key-4.0.0.tgz. Extracting by manifest.
2029 silly tarball no local data for react-is@https://registry.npmjs.org/react-is/-/react-is-18.3.1.tgz. Extracting by manifest.
2030 silly tarball no local data for ansi-styles@https://registry.npmjs.org/ansi-styles/-/ansi-styles-5.2.0.tgz. Extracting by manifest.
2031 silly tarball no local data for esbuild@https://registry.npmjs.org/esbuild/-/esbuild-0.21.5.tgz. Extracting by manifest.
2032 silly tarball no local data for @esbuild/darwin-arm64@https://registry.npmjs.org/@esbuild/darwin-arm64/-/darwin-arm64-0.21.5.tgz. Extracting by manifest.
2033 silly tarball no local data for pathe@https://registry.npmjs.org/pathe/-/pathe-2.0.3.tgz. Extracting by manifest.
2034 silly tarball no local data for vite@https://registry.npmjs.org/vite/-/vite-5.4.21.tgz. Extracting by manifest.
2035 silly tarball no local data for js-tokens@https://registry.npmjs.org/js-tokens/-/js-tokens-9.0.1.tgz. Extracting by manifest.
2036 silly tarball no local data for p-limit@https://registry.npmjs.org/p-limit/-/p-limit-5.0.0.tgz. Extracting by manifest.
2037 silly tarball no local data for rrweb-cssom@https://registry.npmjs.org/rrweb-cssom/-/rrweb-cssom-0.8.0.tgz. Extracting by manifest.
2038 silly tarball no local data for lru-cache@https://registry.npmjs.org/lru-cache/-/lru-cache-10.4.3.tgz. Extracting by manifest.
2039 silly tarball no local data for yocto-queue@https://registry.npmjs.org/yocto-queue/-/yocto-queue-1.2.2.tgz. Extracting by manifest.
2040 silly tarball no local data for @esbuild/darwin-arm64@https://registry.npmjs.org/@esbuild/darwin-arm64/-/darwin-arm64-0.21.5.tgz. Extracting by manifest.
2041 silly tarball no local data for esbuild@https://registry.npmjs.org/esbuild/-/esbuild-0.21.5.tgz. Extracting by manifest.
2042 silly tarball no local data for picomatch@https://registry.npmjs.org/picomatch/-/picomatch-4.0.4.tgz. Extracting by manifest.
2043 silly tarball no local data for fdir@https://registry.npmjs.org/fdir/-/fdir-6.5.0.tgz. Extracting by manifest.
2044 silly tarball no local data for json5@https://registry.npmjs.org/json5/-/json5-1.0.2.tgz. Extracting by manifest.
2045 silly tarball no local data for picomatch@https://registry.npmjs.org/picomatch/-/picomatch-4.0.4.tgz. Extracting by manifest.
2046 silly tarball no local data for fdir@https://registry.npmjs.org/fdir/-/fdir-6.5.0.tgz. Extracting by manifest.
2047 silly tarball no local data for semver@https://registry.npmjs.org/semver/-/semver-7.7.4.tgz. Extracting by manifest.
2048 silly tarball no local data for vite@https://registry.npmjs.org/vite/-/vite-5.4.21.tgz. Extracting by manifest.
2049 silly tarball no local data for glob-parent@https://registry.npmjs.org/glob-parent/-/glob-parent-5.1.2.tgz. Extracting by manifest.
2050 silly tarball no local data for @swc/helpers@https://registry.npmjs.org/@swc/helpers/-/helpers-0.5.15.tgz. Extracting by manifest.
2051 silly tarball no local data for debug@https://registry.npmjs.org/debug/-/debug-3.2.7.tgz. Extracting by manifest.
2052 silly tarball no local data for semver@https://registry.npmjs.org/semver/-/semver-7.7.4.tgz. Extracting by manifest.
2053 silly tarball no local data for debug@https://registry.npmjs.org/debug/-/debug-3.2.7.tgz. Extracting by manifest.
2054 silly tarball no local data for semver@https://registry.npmjs.org/semver/-/semver-7.7.4.tgz. Extracting by manifest.
2055 silly tarball no local data for globals@https://registry.npmjs.org/globals/-/globals-16.4.0.tgz. Extracting by manifest.
2056 silly tarball no local data for brace-expansion@https://registry.npmjs.org/brace-expansion/-/brace-expansion-5.0.5.tgz. Extracting by manifest.
2057 silly tarball no local data for minimatch@https://registry.npmjs.org/minimatch/-/minimatch-10.2.5.tgz. Extracting by manifest.
2058 silly tarball no local data for eslint-visitor-keys@https://registry.npmjs.org/eslint-visitor-keys/-/eslint-visitor-keys-5.0.1.tgz. Extracting by manifest.
2059 silly tarball no local data for debug@https://registry.npmjs.org/debug/-/debug-3.2.7.tgz. Extracting by manifest.
2060 silly tarball no local data for balanced-match@https://registry.npmjs.org/balanced-match/-/balanced-match-4.0.4.tgz. Extracting by manifest.
2061 silly tarball no local data for eslint-visitor-keys@https://registry.npmjs.org/eslint-visitor-keys/-/eslint-visitor-keys-3.4.3.tgz. Extracting by manifest.
2062 silly tarball no local data for postcss@https://registry.npmjs.org/postcss/-/postcss-8.4.31.tgz. Extracting by manifest.
2063 silly tarball no local data for ignore@https://registry.npmjs.org/ignore/-/ignore-7.0.5.tgz. Extracting by manifest.
2064 http fetch GET 200 https://registry.npmjs.org/stackback/-/stackback-0.0.2.tgz 387ms (cache miss)
2065 http fetch GET 200 https://registry.npmjs.org/mimic-fn/-/mimic-fn-4.0.0.tgz 395ms (cache miss)
2066 http fetch GET 200 https://registry.npmjs.org/siginfo/-/siginfo-2.0.0.tgz 401ms (cache miss)
2067 http fetch GET 200 https://registry.npmjs.org/strip-final-newline/-/strip-final-newline-3.0.0.tgz 401ms (cache miss)
2068 http fetch GET 200 https://registry.npmjs.org/safer-buffer/-/safer-buffer-2.1.2.tgz 410ms (cache miss)
2069 http fetch GET 200 https://registry.npmjs.org/is-stream/-/is-stream-3.0.0.tgz 414ms (cache miss)
2070 http fetch GET 200 https://registry.npmjs.org/get-func-name/-/get-func-name-2.0.2.tgz 416ms (cache miss)
2071 http fetch GET 200 https://registry.npmjs.org/npm-run-path/-/npm-run-path-5.3.0.tgz 418ms (cache miss)
2072 http fetch GET 200 https://registry.npmjs.org/merge-stream/-/merge-stream-2.0.0.tgz 419ms (cache miss)
2073 http fetch GET 200 https://registry.npmjs.org/deep-eql/-/deep-eql-4.1.4.tgz 421ms (cache miss)
2074 http fetch GET 200 https://registry.npmjs.org/onetime/-/onetime-6.0.0.tgz 422ms (cache miss)
2075 http fetch GET 200 https://registry.npmjs.org/pathval/-/pathval-1.1.1.tgz 421ms (cache miss)
2076 http fetch GET 200 https://registry.npmjs.org/pkg-types/-/pkg-types-1.3.1.tgz 427ms (cache miss)
2077 http fetch GET 200 https://registry.npmjs.org/check-error/-/check-error-1.0.3.tgz 425ms (cache miss)
2078 http fetch GET 200 https://registry.npmjs.org/ufo/-/ufo-1.6.3.tgz 463ms (cache miss)
2079 http fetch GET 200 https://registry.npmjs.org/human-signals/-/human-signals-5.0.0.tgz 491ms (cache miss)
2080 http fetch GET 200 https://registry.npmjs.org/cac/-/cac-6.7.14.tgz 495ms (cache miss)
2081 http fetch POST 200 https://registry.npmjs.org/-/npm/v1/security/advisories/bulk 574ms
2082 silly audit report {
2082 silly audit report   vite: [
2082 silly audit report     {
2082 silly audit report       id: 1116229,
2082 silly audit report       url: 'https://github.com/advisories/GHSA-4w7w-66w2-5vf9',
2082 silly audit report       title: 'Vite Vulnerable to Path Traversal in Optimized Deps `.map` Handling',
2082 silly audit report       severity: 'moderate',
2082 silly audit report       vulnerable_versions: '<=6.4.1',
2082 silly audit report       cwe: [Array],
2082 silly audit report       cvss: [Object]
2082 silly audit report     }
2082 silly audit report   ],
2082 silly audit report   esbuild: [
2082 silly audit report     {
2082 silly audit report       id: 1102341,
2082 silly audit report       url: 'https://github.com/advisories/GHSA-67mh-4wv8-2f99',
2082 silly audit report       title: 'esbuild enables any website to send any requests to the development server and read the response',
2082 silly audit report       severity: 'moderate',
2082 silly audit report       vulnerable_versions: '<=0.24.2',
2082 silly audit report       cwe: [Array],
2082 silly audit report       cvss: [Object]
2082 silly audit report     }
2082 silly audit report   ]
2082 silly audit report }
2083 silly packumentCache corgi:https://registry.npmjs.org/vite cache-miss
2084 silly packumentCache corgi:https://registry.npmjs.org/esbuild cache-miss
2085 http fetch GET 200 https://registry.npmjs.org/get-stream/-/get-stream-8.0.1.tgz 607ms (cache miss)
2086 http fetch GET 200 https://registry.npmjs.org/why-is-node-running/-/why-is-node-running-2.3.0.tgz 631ms (cache miss)
2087 http fetch GET 200 https://registry.npmjs.org/assertion-error/-/assertion-error-1.1.0.tgz 651ms (cache miss)
2088 http fetch GET 200 https://registry.npmjs.org/diff-sequences/-/diff-sequences-29.6.3.tgz 663ms (cache miss)
2089 http fetch GET 200 https://registry.npmjs.org/tinybench/-/tinybench-2.9.0.tgz 663ms (cache miss)
2090 http fetch GET 200 https://registry.npmjs.org/querystringify/-/querystringify-2.2.0.tgz 671ms (cache miss)
2091 http fetch GET 200 https://registry.npmjs.org/strip-literal/-/strip-literal-2.1.1.tgz 672ms (cache miss)
2092 http fetch GET 200 https://registry.npmjs.org/requires-port/-/requires-port-1.0.0.tgz 672ms (cache miss)
2093 http fetch GET 200 https://registry.npmjs.org/mlly/-/mlly-1.8.2.tgz 678ms (cache miss)
2094 http fetch GET 200 https://registry.npmjs.org/local-pkg/-/local-pkg-0.5.1.tgz 675ms (cache miss)
2095 http fetch GET 200 https://registry.npmjs.org/estree-walker/-/estree-walker-3.0.3.tgz 677ms (cache miss)
2096 http fetch GET 200 https://registry.npmjs.org/tinyspy/-/tinyspy-2.2.1.tgz 677ms (cache miss)
2097 http fetch GET 200 https://registry.npmjs.org/acorn-walk/-/acorn-walk-8.3.5.tgz 675ms (cache miss)
2098 http fetch GET 200 https://registry.npmjs.org/std-env/-/std-env-3.10.0.tgz 680ms (cache miss)
2099 http fetch GET 200 https://registry.npmjs.org/esbuild/-/esbuild-0.27.7.tgz 689ms (cache miss)
2100 http fetch GET 200 https://registry.npmjs.org/pathe/-/pathe-1.1.2.tgz 694ms (cache miss)
2101 http fetch GET 200 https://registry.npmjs.org/url-parse/-/url-parse-1.5.10.tgz 696ms (cache miss)
2102 http fetch GET 200 https://registry.npmjs.org/fsevents/-/fsevents-2.3.3.tgz 697ms (cache miss)
2103 http fetch GET 200 https://registry.npmjs.org/execa/-/execa-8.0.1.tgz 705ms (cache miss)
2104 http fetch GET 200 https://registry.npmjs.org/tinypool/-/tinypool-0.8.4.tgz 716ms (cache miss)
2105 http fetch GET 200 https://registry.npmjs.org/loupe/-/loupe-2.3.7.tgz 719ms (cache miss)
2106 http fetch GET 200 https://registry.npmjs.org/pretty-format/-/pretty-format-29.7.0.tgz 719ms (cache miss)
2107 http fetch GET 200 https://registry.npmjs.org/universalify/-/universalify-0.2.0.tgz 719ms (cache miss)
2108 http fetch GET 200 https://registry.npmjs.org/signal-exit/-/signal-exit-4.1.0.tgz 730ms (cache miss)
2109 http fetch GET 200 https://registry.npmjs.org/mime-db/-/mime-db-1.52.0.tgz 730ms (cache miss)
2110 http fetch GET 200 https://registry.npmjs.org/confbox/-/confbox-0.1.8.tgz 752ms (cache miss)
2111 http fetch GET 200 https://registry.npmjs.org/vite-node/-/vite-node-1.6.1.tgz 751ms (cache miss)
2112 http fetch GET 200 https://registry.npmjs.org/iconv-lite/-/iconv-lite-0.6.3.tgz 757ms (cache miss)
2113 http fetch GET 200 https://registry.npmjs.org/xmlchars/-/xmlchars-2.2.0.tgz 759ms (cache miss)
2114 http fetch GET 200 https://registry.npmjs.org/type-detect/-/type-detect-4.1.0.tgz 762ms (cache miss)
2115 http fetch GET 200 https://registry.npmjs.org/@vitest/expect/-/expect-1.6.1.tgz 766ms (cache miss)
2116 http fetch GET 200 https://registry.npmjs.org/psl/-/psl-1.15.0.tgz 765ms (cache miss)
2117 http fetch GET 200 https://registry.npmjs.org/@vitest/snapshot/-/snapshot-1.6.1.tgz 780ms (cache miss)
2118 http fetch GET 200 https://registry.npmjs.org/@rollup/rollup-darwin-arm64/-/rollup-darwin-arm64-4.60.2.tgz 785ms (cache miss)
2119 http fetch GET 200 https://registry.npmjs.org/delayed-stream/-/delayed-stream-1.0.0.tgz 782ms (cache miss)
2120 http fetch GET 200 https://registry.npmjs.org/agent-base/-/agent-base-7.1.4.tgz 793ms (cache miss)
2121 http fetch GET 200 https://registry.npmjs.org/@vitest/runner/-/runner-1.6.1.tgz 797ms (cache miss)
2122 http fetch GET 200 https://registry.npmjs.org/combined-stream/-/combined-stream-1.0.8.tgz 802ms (cache miss)
2123 http fetch GET 200 https://registry.npmjs.org/asynckit/-/asynckit-0.4.0.tgz 803ms (cache miss)
2124 http fetch GET 200 https://registry.npmjs.org/@vitest/utils/-/utils-1.6.1.tgz 811ms (cache miss)
2125 http fetch GET 200 https://registry.npmjs.org/mime-types/-/mime-types-2.1.35.tgz 884ms (cache miss)
2126 http fetch GET 200 https://registry.npmjs.org/whatwg-encoding/-/whatwg-encoding-3.1.1.tgz 924ms (cache miss)
2127 warn deprecated whatwg-encoding@3.1.1: Use @exodus/bytes instead for a more spec-conformant and faster implementation
2128 http fetch GET 200 https://registry.npmjs.org/xml-name-validator/-/xml-name-validator-5.0.0.tgz 938ms (cache miss)
2129 http fetch GET 200 https://registry.npmjs.org/w3c-xmlserializer/-/w3c-xmlserializer-5.0.0.tgz 943ms (cache miss)
2130 http fetch GET 200 https://registry.npmjs.org/symbol-tree/-/symbol-tree-3.2.4.tgz 955ms (cache miss)
2131 http fetch GET 200 https://registry.npmjs.org/@csstools/css-tokenizer/-/css-tokenizer-3.0.4.tgz 1017ms (cache miss)
2132 http fetch GET 200 https://registry.npmjs.org/@csstools/css-calc/-/css-calc-2.1.4.tgz 1016ms (cache miss)
2133 http fetch GET 200 https://registry.npmjs.org/@jest/schemas/-/schemas-29.6.3.tgz 1168ms (cache miss)
2134 http fetch GET 200 https://registry.npmjs.org/html-encoding-sniffer/-/html-encoding-sniffer-4.0.0.tgz 1172ms (cache miss)
2135 http fetch GET 200 https://registry.npmjs.org/@csstools/css-color-parser/-/css-color-parser-3.1.0.tgz 1175ms (cache miss)
2136 http fetch GET 200 https://registry.npmjs.org/is-potential-custom-element-name/-/is-potential-custom-element-name-1.0.1.tgz 1175ms (cache miss)
2137 http fetch GET 200 https://registry.npmjs.org/@csstools/color-helpers/-/color-helpers-5.1.0.tgz 1181ms (cache miss)
2138 http fetch GET 200 https://registry.npmjs.org/whatwg-mimetype/-/whatwg-mimetype-4.0.0.tgz 1182ms (cache miss)
2139 http fetch GET 200 https://registry.npmjs.org/https-proxy-agent/-/https-proxy-agent-7.0.6.tgz 1214ms (cache miss)
2140 http fetch GET 200 https://registry.npmjs.org/@babel/helper-plugin-utils/-/helper-plugin-utils-7.28.6.tgz 1214ms (cache miss)
2141 http fetch GET 200 https://registry.npmjs.org/data-urls/-/data-urls-5.0.0.tgz 1221ms (cache miss)
2142 http fetch GET 200 https://registry.npmjs.org/tough-cookie/-/tough-cookie-4.1.4.tgz 1226ms (cache miss)
2143 http fetch GET 200 https://registry.npmjs.org/form-data/-/form-data-4.0.5.tgz 1225ms (cache miss)
2144 http fetch GET 200 https://registry.npmjs.org/@csstools/css-parser-algorithms/-/css-parser-algorithms-3.0.5.tgz 1228ms (cache miss)
2145 http fetch GET 200 https://registry.npmjs.org/@types/babel__template/-/babel__template-7.4.4.tgz 1232ms (cache miss)
2146 http fetch GET 200 https://registry.npmjs.org/react-refresh/-/react-refresh-0.17.0.tgz 1247ms (cache miss)
2147 http fetch GET 200 https://registry.npmjs.org/saxes/-/saxes-6.0.0.tgz 1253ms (cache miss)
2148 http fetch GET 200 https://registry.npmjs.org/@vitest/spy/-/spy-1.6.1.tgz 1266ms (cache miss)
2149 http fetch GET 200 https://registry.npmjs.org/@types/babel__traverse/-/babel__traverse-7.28.0.tgz 1264ms (cache miss)
2150 http fetch GET 200 https://registry.npmjs.org/chai/-/chai-4.5.0.tgz 1272ms (cache miss)
2151 http fetch GET 200 https://registry.npmjs.org/@types/babel__generator/-/babel__generator-7.27.0.tgz 1270ms (cache miss)
2152 http fetch GET 200 https://registry.npmjs.org/nwsapi/-/nwsapi-2.2.23.tgz 1273ms (cache miss)
2153 http fetch GET 200 https://registry.npmjs.org/yocto-queue/-/yocto-queue-0.1.0.tgz 1269ms (cache miss)
2154 http fetch GET 200 https://registry.npmjs.org/decimal.js/-/decimal.js-10.6.0.tgz 1275ms (cache miss)
2155 http fetch GET 200 https://registry.npmjs.org/http-proxy-agent/-/http-proxy-agent-7.0.2.tgz 1278ms (cache miss)
2156 http fetch GET 200 https://registry.npmjs.org/yallist/-/yallist-3.1.1.tgz 1278ms (cache miss)
2157 http fetch GET 200 https://registry.npmjs.org/@babel/plugin-transform-react-jsx-source/-/plugin-transform-react-jsx-source-7.27.1.tgz 1289ms (cache miss)
2158 http fetch GET 200 https://registry.npmjs.org/which-builtin-type/-/which-builtin-type-1.2.1.tgz 1305ms (cache miss)
2159 http fetch GET 200 https://registry.npmjs.org/@babel/plugin-transform-react-jsx-self/-/plugin-transform-react-jsx-self-7.27.1.tgz 1324ms (cache miss)
2160 http fetch GET 200 https://registry.npmjs.org/word-wrap/-/word-wrap-1.2.5.tgz 1339ms (cache miss)
2161 http fetch GET 200 https://registry.npmjs.org/which-typed-array/-/which-typed-array-1.1.20.tgz 1429ms (cache miss)
2162 http fetch GET 200 https://registry.npmjs.org/which/-/which-2.0.2.tgz 1459ms (cache miss)
2163 http fetch GET 200 https://registry.npmjs.org/@rolldown/pluginutils/-/pluginutils-1.0.0-beta.27.tgz 1462ms (cache miss)
2164 http fetch GET 200 https://registry.npmjs.org/which-collection/-/which-collection-1.0.2.tgz 1462ms (cache miss)
2165 http fetch GET 200 https://registry.npmjs.org/zod-validation-error/-/zod-validation-error-4.0.2.tgz 1476ms (cache miss)
2166 http fetch GET 200 https://registry.npmjs.org/which-boxed-primitive/-/which-boxed-primitive-1.1.1.tgz 1617ms (cache miss)
2167 http fetch GET 200 https://registry.npmjs.org/unrs-resolver/-/unrs-resolver-1.11.1.tgz 1627ms (cache miss)
2168 http fetch GET 200 https://registry.npmjs.org/unbox-primitive/-/unbox-primitive-1.1.0.tgz 1644ms (cache miss)
2169 http fetch GET 200 https://registry.npmjs.org/webidl-conversions/-/webidl-conversions-7.0.0.tgz 1645ms (cache miss)
2170 http fetch GET 200 https://registry.npmjs.org/typed-array-byte-offset/-/typed-array-byte-offset-1.0.4.tgz 1655ms (cache miss)
2171 http fetch GET 200 https://registry.npmjs.org/rollup/-/rollup-4.60.2.tgz 1665ms (cache miss)
2172 http fetch GET 200 https://registry.npmjs.org/@vitejs/plugin-react/-/plugin-react-4.7.0.tgz 1663ms (cache miss)
2173 http fetch GET 200 https://registry.npmjs.org/typed-array-length/-/typed-array-length-1.0.7.tgz 1670ms (cache miss)
2174 http fetch GET 200 https://registry.npmjs.org/update-browserslist-db/-/update-browserslist-db-1.2.3.tgz 1680ms (cache miss)
2175 http fetch GET 200 https://registry.npmjs.org/type-check/-/type-check-0.4.0.tgz 1681ms (cache miss)
2176 http fetch GET 200 https://registry.npmjs.org/supports-color/-/supports-color-7.2.0.tgz 1698ms (cache miss)
2177 http fetch GET 200 https://registry.npmjs.org/strip-bom/-/strip-bom-3.0.0.tgz 1699ms (cache miss)
2178 http fetch GET 200 https://registry.npmjs.org/typed-array-buffer/-/typed-array-buffer-1.0.3.tgz 1702ms (cache miss)
2179 http fetch GET 200 https://registry.npmjs.org/to-regex-range/-/to-regex-range-5.0.1.tgz 1702ms (cache miss)
2180 http fetch GET 200 https://registry.npmjs.org/string.prototype.trimend/-/string.prototype.trimend-1.0.9.tgz 1701ms (cache miss)
2181 http fetch GET 200 https://registry.npmjs.org/tinyglobby/-/tinyglobby-0.2.16.tgz 1705ms (cache miss)
2182 http fetch GET 200 https://registry.npmjs.org/supports-preserve-symlinks-flag/-/supports-preserve-symlinks-flag-1.0.0.tgz 1706ms (cache miss)
2183 http fetch GET 200 https://registry.npmjs.org/rrweb-cssom/-/rrweb-cssom-0.7.1.tgz 1712ms (cache miss)
2184 http fetch GET 200 https://registry.npmjs.org/typescript-eslint/-/typescript-eslint-8.58.2.tgz 1707ms (cache miss)
2185 http fetch GET 200 https://registry.npmjs.org/tslib/-/tslib-2.8.1.tgz 1708ms (cache miss)
2186 http fetch GET 200 https://registry.npmjs.org/typed-array-byte-length/-/typed-array-byte-length-1.0.3.tgz 1709ms (cache miss)
2187 http fetch GET 200 https://registry.npmjs.org/tapable/-/tapable-2.3.2.tgz 1711ms (cache miss)
2188 http fetch GET 200 https://registry.npmjs.org/ws/-/ws-8.20.0.tgz 1722ms (cache miss)
2189 http fetch GET 200 https://registry.npmjs.org/whatwg-url/-/whatwg-url-14.2.0.tgz 1730ms (cache miss)
2190 http fetch GET 200 https://registry.npmjs.org/undici-types/-/undici-types-6.21.0.tgz 1737ms (cache miss)
2191 http fetch GET 200 https://registry.npmjs.org/ts-api-utils/-/ts-api-utils-2.5.0.tgz 1743ms (cache miss)
2192 http fetch GET 200 https://registry.npmjs.org/tr46/-/tr46-5.1.1.tgz 1746ms (cache miss)
2193 http fetch GET 200 https://registry.npmjs.org/string.prototype.matchall/-/string.prototype.matchall-4.0.12.tgz 1773ms (cache miss)
2194 http fetch GET 200 https://registry.npmjs.org/string.prototype.trim/-/string.prototype.trim-1.2.10.tgz 1813ms (cache miss)
2195 http fetch GET 200 https://registry.npmjs.org/string.prototype.includes/-/string.prototype.includes-2.0.1.tgz 1825ms (cache miss)
2196 http fetch GET 200 https://registry.npmjs.org/string.prototype.repeat/-/string.prototype.repeat-1.0.0.tgz 1828ms (cache miss)
2197 http fetch GET 200 https://registry.npmjs.org/sparse-bitfield/-/sparse-bitfield-3.0.3.tgz 1838ms (cache miss)
2198 http fetch GET 200 https://registry.npmjs.org/side-channel-list/-/side-channel-list-1.0.1.tgz 1839ms (cache miss)
2199 http fetch GET 200 https://registry.npmjs.org/side-channel-weakmap/-/side-channel-weakmap-1.0.2.tgz 1839ms (cache miss)
2200 http fetch GET 200 https://registry.npmjs.org/string.prototype.trimstart/-/string.prototype.trimstart-1.0.8.tgz 1847ms (cache miss)
2201 http fetch GET 200 https://registry.npmjs.org/stable-hash/-/stable-hash-0.0.5.tgz 1849ms (cache miss)
2202 http fetch GET 200 https://registry.npmjs.org/stop-iteration-iterator/-/stop-iteration-iterator-1.1.0.tgz 1857ms (cache miss)
2203 http fetch GET 200 https://registry.npmjs.org/strip-json-comments/-/strip-json-comments-3.1.1.tgz 1861ms (cache miss)
2204 http fetch GET 200 https://registry.npmjs.org/@types/babel__core/-/babel__core-7.20.5.tgz 1870ms (cache miss)
2205 http fetch GET 200 https://registry.npmjs.org/side-channel-map/-/side-channel-map-1.0.1.tgz 1873ms (cache miss)
2206 http fetch GET 200 https://registry.npmjs.org/shebang-command/-/shebang-command-2.0.0.tgz 1875ms (cache miss)
2207 http fetch GET 200 https://registry.npmjs.org/shebang-regex/-/shebang-regex-3.0.0.tgz 1880ms (cache miss)
2208 http fetch GET 200 https://registry.npmjs.org/@sinclair/typebox/-/typebox-0.27.10.tgz 1909ms (cache miss)
2209 http fetch GET 200 https://registry.npmjs.org/source-map-js/-/source-map-js-1.2.1.tgz 1891ms (cache miss)
2210 http fetch GET 200 https://registry.npmjs.org/styled-jsx/-/styled-jsx-5.1.6.tgz 1899ms (cache miss)
2211 http fetch GET 200 https://registry.npmjs.org/safe-push-apply/-/safe-push-apply-1.0.0.tgz 1909ms (cache miss)
2212 http fetch GET 200 https://registry.npmjs.org/set-function-length/-/set-function-length-1.2.2.tgz 1924ms (cache miss)
2213 http fetch GET 200 https://registry.npmjs.org/tsx/-/tsx-4.21.0.tgz 1933ms (cache miss)
2214 http fetch GET 200 https://registry.npmjs.org/tailwindcss/-/tailwindcss-4.2.2.tgz 1935ms (cache miss)
2215 http fetch GET 200 https://registry.npmjs.org/run-parallel/-/run-parallel-1.2.0.tgz 1944ms (cache miss)
2216 http fetch GET 200 https://registry.npmjs.org/entities/-/entities-6.0.1.tgz 1968ms (cache miss)
2217 http fetch GET 200 https://registry.npmjs.org/safe-regex-test/-/safe-regex-test-1.1.0.tgz 1979ms (cache miss)
2218 http fetch GET 200 https://registry.npmjs.org/resolve-from/-/resolve-from-4.0.0.tgz 1978ms (cache miss)
2219 http fetch GET 200 https://registry.npmjs.org/scheduler/-/scheduler-0.27.0.tgz 1983ms (cache miss)
2220 http fetch GET 200 https://registry.npmjs.org/uri-js/-/uri-js-4.4.1.tgz 2010ms (cache miss)
2221 http fetch GET 200 https://registry.npmjs.org/vite/-/vite-7.3.2.tgz 2020ms (cache miss)
2222 http fetch GET 200 https://registry.npmjs.org/tsconfig-paths/-/tsconfig-paths-3.15.0.tgz 2022ms (cache miss)
2223 http fetch GET 200 https://registry.npmjs.org/parse5/-/parse5-7.3.0.tgz 2033ms (cache miss)
2224 http fetch GET 200 https://registry.npmjs.org/reusify/-/reusify-1.1.0.tgz 2032ms (cache miss)
2225 http fetch GET 200 https://registry.npmjs.org/cssstyle/-/cssstyle-4.6.0.tgz 2045ms (cache miss)
2226 http fetch GET 200 https://registry.npmjs.org/vitest/-/vitest-1.6.1.tgz 2047ms (cache miss)
2227 http fetch GET 200 https://registry.npmjs.org/regexp.prototype.flags/-/regexp.prototype.flags-1.5.4.tgz 2039ms (cache miss)
2228 http fetch GET 200 https://registry.npmjs.org/reflect.getprototypeof/-/reflect.getprototypeof-1.0.10.tgz 2044ms (cache miss)
2229 http fetch GET 200 https://registry.npmjs.org/queue-microtask/-/queue-microtask-1.2.3.tgz 2052ms (cache miss)
2230 http fetch GET 200 https://registry.npmjs.org/@asamuzakjp/css-color/-/css-color-3.2.0.tgz 2070ms (cache miss)
2231 http fetch GET 200 https://registry.npmjs.org/sharp/-/sharp-0.34.5.tgz 2063ms (cache miss)
2232 http fetch GET 200 https://registry.npmjs.org/semver/-/semver-6.3.1.tgz 2067ms (cache miss)
2233 http fetch GET 200 https://registry.npmjs.org/react-is/-/react-is-16.13.1.tgz 2089ms (cache miss)
2234 http fetch GET 200 https://registry.npmjs.org/prop-types/-/prop-types-15.8.1.tgz 2098ms (cache miss)
2235 http fetch GET 200 https://registry.npmjs.org/safe-array-concat/-/safe-array-concat-1.1.3.tgz 2101ms (cache miss)
2236 http fetch GET 200 https://registry.npmjs.org/punycode/-/punycode-2.3.1.tgz 2106ms (cache miss)
2237 http fetch GET 200 https://registry.npmjs.org/possible-typed-array-names/-/possible-typed-array-names-1.1.0.tgz 2111ms (cache miss)
2238 http fetch GET 200 https://registry.npmjs.org/path-parse/-/path-parse-1.0.7.tgz 2159ms (cache miss)
2239 http fetch GET 200 https://registry.npmjs.org/side-channel/-/side-channel-1.1.0.tgz 2179ms (cache miss)
2240 http fetch GET 200 https://registry.npmjs.org/picomatch/-/picomatch-2.3.2.tgz 2179ms (cache miss)
2241 http fetch GET 200 https://registry.npmjs.org/path-key/-/path-key-3.1.1.tgz 2192ms (cache miss)
2242 http fetch GET 200 https://registry.npmjs.org/picocolors/-/picocolors-1.1.1.tgz 2193ms (cache miss)
2243 http fetch GET 200 https://registry.npmjs.org/parent-module/-/parent-module-1.0.1.tgz 2195ms (cache miss)
2244 http fetch GET 200 https://registry.npmjs.org/set-function-name/-/set-function-name-2.0.2.tgz 2199ms (cache miss)
2245 http fetch GET 200 https://registry.npmjs.org/set-proto/-/set-proto-1.0.0.tgz 2204ms (cache miss)
2246 http fetch GET 200 https://registry.npmjs.org/prelude-ls/-/prelude-ls-1.2.1.tgz 2202ms (cache miss)
2247 http fetch GET 200 https://registry.npmjs.org/resolve-pkg-maps/-/resolve-pkg-maps-1.0.0.tgz 2239ms (cache miss)
2248 http fetch GET 200 https://registry.npmjs.org/p-locate/-/p-locate-5.0.0.tgz 2249ms (cache miss)
2249 http fetch GET 200 https://registry.npmjs.org/@esbuild/darwin-arm64/-/darwin-arm64-0.27.7.tgz 2268ms (cache miss)
2250 http fetch GET 200 https://registry.npmjs.org/path-exists/-/path-exists-4.0.0.tgz 2252ms (cache miss)
2251 http fetch GET 200 https://registry.npmjs.org/optionator/-/optionator-0.9.4.tgz 2258ms (cache miss)
2252 http fetch GET 200 https://registry.npmjs.org/object.values/-/object.values-1.2.1.tgz 2258ms (cache miss)
2253 http fetch GET 200 https://registry.npmjs.org/p-limit/-/p-limit-3.1.0.tgz 2264ms (cache miss)
2254 http fetch GET 200 https://registry.npmjs.org/react/-/react-19.2.4.tgz 2265ms (cache miss)
2255 http fetch GET 200 https://registry.npmjs.org/object.groupby/-/object.groupby-1.0.3.tgz 2273ms (cache miss)
2256 http fetch GET 200 https://registry.npmjs.org/own-keys/-/own-keys-1.0.1.tgz 2274ms (cache miss)
2257 http fetch GET 200 https://registry.npmjs.org/object-assign/-/object-assign-4.1.1.tgz 2288ms (cache miss)
2258 http fetch GET 200 https://registry.npmjs.org/object.fromentries/-/object.fromentries-2.0.8.tgz 2299ms (cache miss)
2259 http fetch GET 200 https://registry.npmjs.org/postcss/-/postcss-8.5.9.tgz 2302ms (cache miss)
2260 http fetch GET 200 https://registry.npmjs.org/object.entries/-/object.entries-1.1.9.tgz 2310ms (cache miss)
2261 http fetch GET 200 https://registry.npmjs.org/object-inspect/-/object-inspect-1.13.4.tgz 2322ms (cache miss)
2262 http fetch GET 200 https://registry.npmjs.org/object-keys/-/object-keys-1.1.1.tgz 2334ms (cache miss)
2263 http fetch GET 200 https://registry.npmjs.org/natural-compare/-/natural-compare-1.4.0.tgz 2336ms (cache miss)
2264 http fetch GET 200 https://registry.npmjs.org/object.assign/-/object.assign-4.1.7.tgz 2338ms (cache miss)
2265 http fetch GET 200 https://registry.npmjs.org/nanoid/-/nanoid-3.3.11.tgz 2349ms (cache miss)
2266 http fetch GET 200 https://registry.npmjs.org/resolve/-/resolve-2.0.0-next.6.tgz 2396ms (cache miss)
2267 http fetch GET 200 https://registry.npmjs.org/node-exports-info/-/node-exports-info-1.6.0.tgz 2394ms (cache miss)
2268 http fetch GET 200 https://registry.npmjs.org/mongodb-connection-string-url/-/mongodb-connection-string-url-3.0.2.tgz 2396ms (cache miss)
2269 http fetch GET 200 https://registry.npmjs.org/minimatch/-/minimatch-3.1.5.tgz 2401ms (cache miss)
2270 http fetch GET 200 https://registry.npmjs.org/minimist/-/minimist-1.2.8.tgz 2402ms (cache miss)
2271 http fetch GET 200 https://registry.npmjs.org/ms/-/ms-2.1.3.tgz 2403ms (cache miss)
2272 http fetch GET 200 https://registry.npmjs.org/micromatch/-/micromatch-4.0.8.tgz 2419ms (cache miss)
2273 http fetch GET 200 https://registry.npmjs.org/react-dom/-/react-dom-19.2.4.tgz 2434ms (cache miss)
2274 http fetch GET 200 https://registry.npmjs.org/lru-cache/-/lru-cache-5.1.1.tgz 2436ms (cache miss)
2275 http fetch GET 200 https://registry.npmjs.org/memory-pager/-/memory-pager-1.5.0.tgz 2451ms (cache miss)
2276 http fetch GET 200 https://registry.npmjs.org/magic-string/-/magic-string-0.30.21.tgz 2455ms (cache miss)
2277 http fetch GET 200 https://registry.npmjs.org/node-releases/-/node-releases-2.0.37.tgz 2459ms (cache miss)
2278 http fetch GET 200 https://registry.npmjs.org/math-intrinsics/-/math-intrinsics-1.1.0.tgz 2459ms (cache miss)
2279 http fetch GET 200 https://registry.npmjs.org/lodash.merge/-/lodash.merge-4.6.2.tgz 2479ms (cache miss)
2280 http fetch GET 200 https://registry.npmjs.org/loose-envify/-/loose-envify-1.4.0.tgz 2521ms (cache miss)
2281 http fetch GET 200 https://registry.npmjs.org/language-tags/-/language-tags-1.0.9.tgz 2534ms (cache miss)
2282 http fetch GET 200 https://registry.npmjs.org/locate-path/-/locate-path-6.0.0.tgz 2534ms (cache miss)
2283 http fetch GET 200 https://registry.npmjs.org/json-schema-traverse/-/json-schema-traverse-0.4.1.tgz 2563ms (cache miss)
2284 http fetch GET 200 https://registry.npmjs.org/levn/-/levn-0.4.1.tgz 2578ms (cache miss)
2285 http fetch GET 200 https://registry.npmjs.org/lightningcss/-/lightningcss-1.32.0.tgz 2592ms (cache miss)
2286 http fetch GET 200 https://registry.npmjs.org/json5/-/json5-2.2.3.tgz 2594ms (cache miss)
2287 http fetch GET 200 https://registry.npmjs.org/keyv/-/keyv-4.5.4.tgz 2614ms (cache miss)
2288 http fetch GET 200 https://registry.npmjs.org/json-stable-stringify-without-jsonify/-/json-stable-stringify-without-jsonify-1.0.1.tgz 2615ms (cache miss)
2289 http fetch GET 200 https://registry.npmjs.org/jsesc/-/jsesc-3.1.0.tgz 2631ms (cache miss)
2290 http fetch GET 200 https://registry.npmjs.org/napi-postinstall/-/napi-postinstall-0.3.4.tgz 2659ms (cache miss)
2291 http fetch GET 200 https://registry.npmjs.org/isarray/-/isarray-2.0.5.tgz 2684ms (cache miss)
2292 http fetch GET 200 https://registry.npmjs.org/isexe/-/isexe-2.0.0.tgz 2687ms (cache miss)
2293 http fetch GET 200 https://registry.npmjs.org/js-tokens/-/js-tokens-4.0.0.tgz 2688ms (cache miss)
2294 http fetch GET 200 https://registry.npmjs.org/language-subtag-registry/-/language-subtag-registry-0.3.23.tgz 2697ms (cache miss)
2295 http fetch GET 200 https://registry.npmjs.org/is-weakmap/-/is-weakmap-2.0.2.tgz 2699ms (cache miss)
2296 http fetch GET 200 https://registry.npmjs.org/is-weakset/-/is-weakset-2.0.4.tgz 2718ms (cache miss)
2297 http fetch GET 200 https://registry.npmjs.org/js-yaml/-/js-yaml-4.1.1.tgz 2730ms (cache miss)
2298 http fetch GET 200 https://registry.npmjs.org/is-symbol/-/is-symbol-1.1.1.tgz 2730ms (cache miss)
2299 http fetch GET 200 https://registry.npmjs.org/iterator.prototype/-/iterator.prototype-1.1.5.tgz 2740ms (cache miss)
2300 http fetch GET 200 https://registry.npmjs.org/is-weakref/-/is-weakref-1.1.1.tgz 2741ms (cache miss)
2301 http fetch GET 200 https://registry.npmjs.org/jiti/-/jiti-2.6.1.tgz 2766ms (cache miss)
2302 http fetch GET 200 https://registry.npmjs.org/is-set/-/is-set-2.0.3.tgz 2764ms (cache miss)
2303 http fetch GET 200 https://registry.npmjs.org/is-shared-array-buffer/-/is-shared-array-buffer-1.0.4.tgz 2765ms (cache miss)
2304 http fetch GET 200 https://registry.npmjs.org/is-string/-/is-string-1.1.1.tgz 2774ms (cache miss)
2305 http fetch GET 200 https://registry.npmjs.org/is-number/-/is-number-7.0.0.tgz 2777ms (cache miss)
2306 http fetch GET 200 https://registry.npmjs.org/is-number-object/-/is-number-object-1.1.1.tgz 2782ms (cache miss)
2307 http fetch GET 200 https://registry.npmjs.org/is-regex/-/is-regex-1.2.1.tgz 2787ms (cache miss)
2308 http fetch GET 200 https://registry.npmjs.org/is-typed-array/-/is-typed-array-1.1.15.tgz 2788ms (cache miss)
2309 http fetch GET 200 https://registry.npmjs.org/is-glob/-/is-glob-4.0.3.tgz 2793ms (cache miss)
2310 http fetch GET 200 https://registry.npmjs.org/is-negative-zero/-/is-negative-zero-2.0.3.tgz 2794ms (cache miss)
2311 http fetch GET 200 https://registry.npmjs.org/is-map/-/is-map-2.0.3.tgz 2801ms (cache miss)
2312 http fetch GET 200 https://registry.npmjs.org/is-extglob/-/is-extglob-2.1.1.tgz 2800ms (cache miss)
2313 http fetch GET 200 https://registry.npmjs.org/is-generator-function/-/is-generator-function-1.1.2.tgz 2810ms (cache miss)
2314 http fetch GET 200 https://registry.npmjs.org/is-data-view/-/is-data-view-1.0.2.tgz 2817ms (cache miss)
2315 http fetch GET 200 https://registry.npmjs.org/is-date-object/-/is-date-object-1.1.0.tgz 2821ms (cache miss)
2316 http fetch GET 200 https://registry.npmjs.org/merge2/-/merge2-1.4.1.tgz 2825ms (cache miss)
2317 http fetch GET 200 https://registry.npmjs.org/jsx-ast-utils/-/jsx-ast-utils-3.3.5.tgz 2831ms (cache miss)
2318 http fetch GET 200 https://registry.npmjs.org/is-finalizationregistry/-/is-finalizationregistry-1.1.1.tgz 2829ms (cache miss)
2319 http fetch GET 200 https://registry.npmjs.org/is-bun-module/-/is-bun-module-2.0.0.tgz 2846ms (cache miss)
2320 http fetch GET 200 https://registry.npmjs.org/imurmurhash/-/imurmurhash-0.1.4.tgz 2847ms (cache miss)
2321 http fetch GET 200 https://registry.npmjs.org/is-async-function/-/is-async-function-2.1.1.tgz 2849ms (cache miss)
2322 http fetch GET 200 https://registry.npmjs.org/internal-slot/-/internal-slot-1.1.0.tgz 2849ms (cache miss)
2323 http fetch GET 200 https://registry.npmjs.org/is-boolean-object/-/is-boolean-object-1.2.2.tgz 2859ms (cache miss)
2324 http fetch GET 200 https://registry.npmjs.org/is-bigint/-/is-bigint-1.1.0.tgz 2862ms (cache miss)
2325 http fetch GET 200 https://registry.npmjs.org/iceberg-js/-/iceberg-js-0.8.1.tgz 2866ms (cache miss)
2326 http fetch GET 200 https://registry.npmjs.org/ignore/-/ignore-5.3.2.tgz 2868ms (cache miss)
2327 http fetch GET 200 https://registry.npmjs.org/json-buffer/-/json-buffer-3.0.1.tgz 2879ms (cache miss)
2328 http fetch GET 200 https://registry.npmjs.org/import-fresh/-/import-fresh-3.3.1.tgz 2877ms (cache miss)
2329 http fetch GET 200 https://registry.npmjs.org/typescript/-/typescript-5.9.3.tgz 2901ms (cache miss)
2330 http fetch GET 200 https://registry.npmjs.org/hermes-estree/-/hermes-estree-0.25.1.tgz 2898ms (cache miss)
2331 http fetch GET 200 https://registry.npmjs.org/has-proto/-/has-proto-1.2.0.tgz 2903ms (cache miss)
2332 http fetch GET 200 https://registry.npmjs.org/hasown/-/hasown-2.0.2.tgz 2904ms (cache miss)
2333 http fetch GET 200 https://registry.npmjs.org/has-flag/-/has-flag-4.0.0.tgz 2905ms (cache miss)
2334 http fetch GET 200 https://registry.npmjs.org/is-core-module/-/is-core-module-2.16.1.tgz 2912ms (cache miss)
2335 http fetch GET 200 https://registry.npmjs.org/has-bigints/-/has-bigints-1.1.0.tgz 2913ms (cache miss)
2336 http fetch GET 200 https://registry.npmjs.org/is-array-buffer/-/is-array-buffer-3.0.5.tgz 2917ms (cache miss)
2337 http fetch GET 200 https://registry.npmjs.org/has-property-descriptors/-/has-property-descriptors-1.0.2.tgz 2915ms (cache miss)
2338 http fetch GET 200 https://registry.npmjs.org/has-tostringtag/-/has-tostringtag-1.0.2.tgz 2917ms (cache miss)
2339 http fetch GET 200 https://registry.npmjs.org/gopd/-/gopd-1.2.0.tgz 2932ms (cache miss)
2340 http fetch GET 200 https://registry.npmjs.org/is-callable/-/is-callable-1.2.7.tgz 2940ms (cache miss)
2341 http fetch GET 200 https://registry.npmjs.org/graceful-fs/-/graceful-fs-4.2.11.tgz 2941ms (cache miss)
2342 http fetch GET 200 https://registry.npmjs.org/has-symbols/-/has-symbols-1.1.0.tgz 2942ms (cache miss)
2343 http fetch GET 200 https://registry.npmjs.org/get-tsconfig/-/get-tsconfig-4.14.0.tgz 2960ms (cache miss)
2344 http fetch GET 200 https://registry.npmjs.org/get-symbol-description/-/get-symbol-description-1.1.0.tgz 2963ms (cache miss)
2345 http fetch GET 200 https://registry.npmjs.org/globalthis/-/globalthis-1.0.4.tgz 2963ms (cache miss)
2346 http fetch GET 200 https://registry.npmjs.org/get-intrinsic/-/get-intrinsic-1.3.0.tgz 2968ms (cache miss)
2347 http fetch GET 200 https://registry.npmjs.org/for-each/-/for-each-0.3.5.tgz 2983ms (cache miss)
2348 http fetch GET 200 https://registry.npmjs.org/generator-function/-/generator-function-2.0.1.tgz 2988ms (cache miss)
2349 http fetch GET 200 https://registry.npmjs.org/gensync/-/gensync-1.0.0-beta.2.tgz 2994ms (cache miss)
2350 http fetch GET 200 https://registry.npmjs.org/glob-parent/-/glob-parent-6.0.2.tgz 2995ms (cache miss)
2351 http fetch GET 200 https://registry.npmjs.org/fill-range/-/fill-range-7.1.1.tgz 3000ms (cache miss)
2352 http fetch GET 200 https://registry.npmjs.org/function-bind/-/function-bind-1.1.2.tgz 3002ms (cache miss)
2353 http fetch GET 200 https://registry.npmjs.org/flat-cache/-/flat-cache-4.0.1.tgz 3004ms (cache miss)
2354 http fetch GET 200 https://registry.npmjs.org/flatted/-/flatted-3.4.2.tgz 3016ms (cache miss)
2355 http fetch GET 200 https://registry.npmjs.org/fastq/-/fastq-1.20.1.tgz 3026ms (cache miss)
2356 http fetch GET 200 https://registry.npmjs.org/file-entry-cache/-/file-entry-cache-8.0.0.tgz 3031ms (cache miss)
2357 http fetch GET 200 https://registry.npmjs.org/fast-json-stable-stringify/-/fast-json-stable-stringify-2.1.0.tgz 3031ms (cache miss)
2358 http fetch GET 200 https://registry.npmjs.org/fast-levenshtein/-/fast-levenshtein-2.0.6.tgz 3037ms (cache miss)
2359 http fetch GET 200 https://registry.npmjs.org/esutils/-/esutils-2.0.3.tgz 3047ms (cache miss)
2360 http fetch GET 200 https://registry.npmjs.org/fast-deep-equal/-/fast-deep-equal-3.1.3.tgz 3058ms (cache miss)
2361 http fetch GET 200 https://registry.npmjs.org/esrecurse/-/esrecurse-4.3.0.tgz 3059ms (cache miss)
2362 http fetch GET 200 https://registry.npmjs.org/estraverse/-/estraverse-5.3.0.tgz 3059ms (cache miss)
2363 http fetch GET 200 https://registry.npmjs.org/eslint-scope/-/eslint-scope-8.4.0.tgz 3083ms (cache miss)
2364 http fetch GET 200 https://registry.npmjs.org/eslint-visitor-keys/-/eslint-visitor-keys-4.2.1.tgz 3084ms (cache miss)
2365 http fetch GET 200 https://registry.npmjs.org/espree/-/espree-10.4.0.tgz 3100ms (cache miss)
2366 http fetch GET 200 https://registry.npmjs.org/fast-glob/-/fast-glob-3.3.1.tgz 3115ms (cache miss)
2367 http fetch GET 200 https://registry.npmjs.org/eslint-import-resolver-node/-/eslint-import-resolver-node-0.3.10.tgz 3118ms (cache miss)
2368 http fetch GET 200 https://registry.npmjs.org/hermes-parser/-/hermes-parser-0.25.1.tgz 3132ms (cache miss)
2369 http fetch GET 200 https://registry.npmjs.org/find-up/-/find-up-5.0.0.tgz 3136ms (cache miss)
2370 http fetch GET 200 https://registry.npmjs.org/get-proto/-/get-proto-1.0.1.tgz 3175ms (cache miss)
2371 http fetch GET 200 https://registry.npmjs.org/eslint-module-utils/-/eslint-module-utils-2.12.1.tgz 3175ms (cache miss)
2372 http fetch GET 200 https://registry.npmjs.org/eslint-import-resolver-typescript/-/eslint-import-resolver-typescript-3.10.1.tgz 3180ms (cache miss)
2373 http fetch GET 200 https://registry.npmjs.org/esquery/-/esquery-1.7.0.tgz 3193ms (cache miss)
2374 http fetch GET 200 https://registry.npmjs.org/eslint-config-next/-/eslint-config-next-16.2.3.tgz 3229ms (cache miss)
2375 http fetch GET 200 https://registry.npmjs.org/function.prototype.name/-/function.prototype.name-1.1.8.tgz 3238ms (cache miss)
2376 http fetch GET 200 https://registry.npmjs.org/globals/-/globals-14.0.0.tgz 3236ms (cache miss)
2377 http fetch GET 200 https://registry.npmjs.org/functions-have-names/-/functions-have-names-1.2.3.tgz 3241ms (cache miss)
2378 http fetch GET 200 https://registry.npmjs.org/es-to-primitive/-/es-to-primitive-1.3.0.tgz 3250ms (cache miss)
2379 http fetch GET 200 https://registry.npmjs.org/escape-string-regexp/-/escape-string-regexp-4.0.0.tgz 3255ms (cache miss)
2380 http fetch GET 200 https://registry.npmjs.org/es-shim-unscopables/-/es-shim-unscopables-1.1.0.tgz 3274ms (cache miss)
2381 http fetch GET 200 https://registry.npmjs.org/es-errors/-/es-errors-1.3.0.tgz 3294ms (cache miss)
2382 http fetch GET 200 https://registry.npmjs.org/es-define-property/-/es-define-property-1.0.1.tgz 3304ms (cache miss)
2383 http fetch GET 200 https://registry.npmjs.org/escalade/-/escalade-3.2.0.tgz 3303ms (cache miss)
2384 http fetch GET 200 https://registry.npmjs.org/emoji-regex/-/emoji-regex-9.2.2.tgz 3377ms (cache miss)
2385 http fetch GET 200 https://registry.npmjs.org/dunder-proto/-/dunder-proto-1.0.1.tgz 3401ms (cache miss)
2386 http fetch GET 200 https://registry.npmjs.org/es-object-atoms/-/es-object-atoms-1.1.1.tgz 3415ms (cache miss)
2387 http fetch GET 200 https://registry.npmjs.org/detect-libc/-/detect-libc-2.1.2.tgz 3424ms (cache miss)
2388 http fetch GET 200 https://registry.npmjs.org/es-set-tostringtag/-/es-set-tostringtag-2.1.0.tgz 3433ms (cache miss)
2389 http fetch GET 200 https://registry.npmjs.org/electron-to-chromium/-/electron-to-chromium-1.5.336.tgz 3433ms (cache miss)
2390 http fetch GET 200 https://registry.npmjs.org/define-data-property/-/define-data-property-1.1.4.tgz 3487ms (cache miss)
2391 http fetch GET 200 https://registry.npmjs.org/eslint-plugin-react-hooks/-/eslint-plugin-react-hooks-7.0.1.tgz 3522ms (cache miss)
2392 http fetch GET 200 https://registry.npmjs.org/define-properties/-/define-properties-1.2.1.tgz 3540ms (cache miss)
2393 http fetch GET 200 https://registry.npmjs.org/deep-is/-/deep-is-0.1.4.tgz 3563ms (cache miss)
2394 http fetch GET 200 https://registry.npmjs.org/data-view-byte-offset/-/data-view-byte-offset-1.0.1.tgz 3564ms (cache miss)
2395 http fetch GET 200 https://registry.npmjs.org/debug/-/debug-4.4.3.tgz 3565ms (cache miss)
2396 http fetch GET 200 https://registry.npmjs.org/cross-spawn/-/cross-spawn-7.0.6.tgz 3564ms (cache miss)
2397 http fetch GET 200 https://registry.npmjs.org/concat-map/-/concat-map-0.0.1.tgz 3564ms (cache miss)
2398 http fetch GET 200 https://registry.npmjs.org/data-view-byte-length/-/data-view-byte-length-1.0.2.tgz 3569ms (cache miss)
2399 http fetch GET 200 https://registry.npmjs.org/convert-source-map/-/convert-source-map-2.0.0.tgz 3568ms (cache miss)
2400 http fetch GET 200 https://registry.npmjs.org/damerau-levenshtein/-/damerau-levenshtein-1.0.8.tgz 3577ms (cache miss)
2401 http fetch GET 200 https://registry.npmjs.org/doctrine/-/doctrine-2.1.0.tgz 3585ms (cache miss)
2402 http fetch GET 200 https://registry.npmjs.org/color-convert/-/color-convert-2.0.1.tgz 3587ms (cache miss)
2403 http fetch GET 200 https://registry.npmjs.org/callsites/-/callsites-3.1.0.tgz 3589ms (cache miss)
2404 http fetch GET 200 https://registry.npmjs.org/color-name/-/color-name-1.1.4.tgz 3590ms (cache miss)
2405 http fetch GET 200 https://registry.npmjs.org/call-bound/-/call-bound-1.0.4.tgz 3592ms (cache miss)
2406 http fetch GET 200 https://registry.npmjs.org/chalk/-/chalk-4.1.2.tgz 3596ms (cache miss)
2407 http fetch GET 200 https://registry.npmjs.org/client-only/-/client-only-0.0.1.tgz 3597ms (cache miss)
2408 http fetch GET 200 https://registry.npmjs.org/data-view-buffer/-/data-view-buffer-1.0.2.tgz 3606ms (cache miss)
2409 http fetch GET 200 https://registry.npmjs.org/call-bind-apply-helpers/-/call-bind-apply-helpers-1.0.2.tgz 3633ms (cache miss)
2410 http fetch GET 200 https://registry.npmjs.org/browserslist/-/browserslist-4.28.2.tgz 3682ms (cache miss)
2411 http fetch GET 200 https://registry.npmjs.org/brace-expansion/-/brace-expansion-1.1.14.tgz 3688ms (cache miss)
2412 http fetch GET 200 https://registry.npmjs.org/balanced-match/-/balanced-match-1.0.2.tgz 3688ms (cache miss)
2413 http fetch GET 200 https://registry.npmjs.org/braces/-/braces-3.0.3.tgz 3695ms (cache miss)
2414 http fetch GET 200 https://registry.npmjs.org/csstype/-/csstype-3.2.3.tgz 3704ms (cache miss)
2415 http fetch GET 200 https://registry.npmjs.org/async-function/-/async-function-1.0.0.tgz 3711ms (cache miss)
2416 http fetch GET 200 https://registry.npmjs.org/ast-types-flow/-/ast-types-flow-0.0.8.tgz 3729ms (cache miss)
2417 http fetch GET 200 https://registry.npmjs.org/baseline-browser-mapping/-/baseline-browser-mapping-2.10.19.tgz 3731ms (cache miss)
2418 http fetch GET 200 https://registry.npmjs.org/call-bind/-/call-bind-1.0.9.tgz 3736ms (cache miss)
2419 http fetch GET 200 https://registry.npmjs.org/enhanced-resolve/-/enhanced-resolve-5.20.1.tgz 3741ms (cache miss)
2420 http fetch GET 200 https://registry.npmjs.org/arraybuffer.prototype.slice/-/arraybuffer.prototype.slice-1.0.4.tgz 3737ms (cache miss)
2421 http fetch GET 200 https://registry.npmjs.org/available-typed-arrays/-/available-typed-arrays-1.0.7.tgz 3766ms (cache miss)
2422 http fetch GET 200 https://registry.npmjs.org/array.prototype.tosorted/-/array.prototype.tosorted-1.1.4.tgz 3785ms (cache miss)
2423 http fetch GET 200 https://registry.npmjs.org/mongodb/-/mongodb-6.21.0.tgz 3818ms (cache miss)
2424 http fetch GET 200 https://registry.npmjs.org/array.prototype.findlast/-/array.prototype.findlast-1.2.5.tgz 3798ms (cache miss)
2425 http fetch GET 200 https://registry.npmjs.org/array-buffer-byte-length/-/array-buffer-byte-length-1.0.2.tgz 3798ms (cache miss)
2426 http fetch GET 200 https://registry.npmjs.org/array.prototype.flat/-/array.prototype.flat-1.3.3.tgz 3802ms (cache miss)
2427 http fetch GET 200 https://registry.npmjs.org/ansi-styles/-/ansi-styles-4.3.0.tgz 3814ms (cache miss)
2428 http fetch GET 200 https://registry.npmjs.org/argparse/-/argparse-2.0.1.tgz 3828ms (cache miss)
2429 http fetch GET 200 https://registry.npmjs.org/array-includes/-/array-includes-3.1.9.tgz 3832ms (cache miss)
2430 http fetch GET 200 https://registry.npmjs.org/array.prototype.findlastindex/-/array.prototype.findlastindex-1.2.6.tgz 3856ms (cache miss)
2431 http fetch GET 200 https://registry.npmjs.org/acorn/-/acorn-8.16.0.tgz 3885ms (cache miss)
2432 http fetch GET 200 https://registry.npmjs.org/array.prototype.flatmap/-/array.prototype.flatmap-1.3.3.tgz 3887ms (cache miss)
2433 http fetch GET 200 https://registry.npmjs.org/@typescript-eslint/visitor-keys/-/visitor-keys-8.58.2.tgz 3902ms (cache miss)
2434 http fetch GET 200 https://registry.npmjs.org/@typescript-eslint/types/-/types-8.58.2.tgz 3929ms (cache miss)
2435 http fetch GET 200 https://registry.npmjs.org/acorn-jsx/-/acorn-jsx-5.3.2.tgz 3939ms (cache miss)
2436 http fetch GET 200 https://registry.npmjs.org/@types/ws/-/ws-8.18.1.tgz 3970ms (cache miss)
2437 http fetch GET 200 https://registry.npmjs.org/@typescript-eslint/tsconfig-utils/-/tsconfig-utils-8.58.2.tgz 3985ms (cache miss)
2438 http fetch GET 200 https://registry.npmjs.org/es-iterator-helpers/-/es-iterator-helpers-1.3.2.tgz 3998ms (cache miss)
2439 http fetch GET 200 https://registry.npmjs.org/@typescript-eslint/parser/-/parser-8.58.2.tgz 3999ms (cache miss)
2440 http fetch GET 200 https://registry.npmjs.org/zod/-/zod-3.25.76.tgz 4058ms (cache miss)
2441 http fetch GET 200 https://registry.npmjs.org/bson/-/bson-6.10.4.tgz 4025ms (cache miss)
2442 http fetch GET 200 https://registry.npmjs.org/eslint-plugin-import/-/eslint-plugin-import-2.32.0.tgz 4039ms (cache miss)
2443 http fetch GET 200 https://registry.npmjs.org/ajv/-/ajv-6.14.0.tgz 4136ms (cache miss)
2444 http fetch GET 200 https://registry.npmjs.org/@types/estree/-/estree-1.0.8.tgz 4140ms (cache miss)
2445 http fetch GET 200 https://registry.npmjs.org/@typescript-eslint/typescript-estree/-/typescript-estree-8.58.2.tgz 4142ms (cache miss)
2446 http fetch GET 200 https://registry.npmjs.org/@typescript-eslint/project-service/-/project-service-8.58.2.tgz 4185ms (cache miss)
2447 http fetch GET 200 https://registry.npmjs.org/@types/whatwg-url/-/whatwg-url-11.0.5.tgz 4186ms (cache miss)
2448 http fetch GET 200 https://registry.npmjs.org/@types/webidl-conversions/-/webidl-conversions-7.0.3.tgz 4236ms (cache miss)
2449 http fetch GET 200 https://registry.npmjs.org/@typescript-eslint/utils/-/utils-8.58.2.tgz 4242ms (cache miss)
2450 http fetch GET 200 https://registry.npmjs.org/@types/react/-/react-19.2.14.tgz 4253ms (cache miss)
2451 http fetch GET 200 https://registry.npmjs.org/@types/react-dom/-/react-dom-19.2.3.tgz 4307ms (cache miss)
2452 http fetch GET 200 https://registry.npmjs.org/@tailwindcss/oxide/-/oxide-4.2.2.tgz 4308ms (cache miss)
2453 http fetch GET 200 https://registry.npmjs.org/@types/json5/-/json5-0.0.29.tgz 4330ms (cache miss)
2454 http fetch GET 200 https://registry.npmjs.org/@typescript-eslint/type-utils/-/type-utils-8.58.2.tgz 4342ms (cache miss)
2455 http fetch GET 200 https://registry.npmjs.org/eslint-plugin-jsx-a11y/-/eslint-plugin-jsx-a11y-6.10.2.tgz 4371ms (cache miss)
2456 http fetch GET 200 https://registry.npmjs.org/axobject-query/-/axobject-query-4.1.0.tgz 4413ms (cache miss)
2457 http fetch GET 200 https://registry.npmjs.org/jsdom/-/jsdom-24.1.3.tgz 4487ms (cache miss)
2458 http fetch GET 200 https://registry.npmjs.org/@tailwindcss/node/-/node-4.2.2.tgz 4516ms (cache miss)
2459 http fetch GET 200 https://registry.npmjs.org/@tailwindcss/postcss/-/postcss-4.2.2.tgz 4547ms (cache miss)
2460 http fetch GET 200 https://registry.npmjs.org/@types/json-schema/-/json-schema-7.0.15.tgz 4549ms (cache miss)
2461 http fetch GET 200 https://registry.npmjs.org/eslint-plugin-react/-/eslint-plugin-react-7.37.5.tgz 4602ms (cache miss)
2462 http fetch GET 200 https://registry.npmjs.org/@unrs/resolver-binding-darwin-arm64/-/resolver-binding-darwin-arm64-1.11.1.tgz 4610ms (cache miss)
2463 http fetch GET 200 https://registry.npmjs.org/@supabase/supabase-js/-/supabase-js-2.103.3.tgz 4626ms (cache miss)
2464 http fetch GET 200 https://registry.npmjs.org/@types/node/-/node-20.19.39.tgz 4676ms (cache miss)
2465 http fetch GET 200 https://registry.npmjs.org/@tybys/wasm-util/-/wasm-util-0.10.1.tgz 4681ms (cache miss)
2466 http fetch GET 200 https://registry.npmjs.org/aria-query/-/aria-query-5.3.2.tgz 4689ms (cache miss)
2467 http fetch GET 200 https://registry.npmjs.org/@supabase/storage-js/-/storage-js-2.103.3.tgz 4689ms (cache miss)
2468 http fetch GET 200 https://registry.npmjs.org/@supabase/postgrest-js/-/postgrest-js-2.103.3.tgz 4695ms (cache miss)
2469 http fetch GET 200 https://registry.npmjs.org/@nodelib/fs.stat/-/fs.stat-2.0.5.tgz 4731ms (cache miss)
2470 http fetch GET 200 https://registry.npmjs.org/@nodelib/fs.scandir/-/fs.scandir-2.1.5.tgz 4769ms (cache miss)
2471 http fetch GET 200 https://registry.npmjs.org/axe-core/-/axe-core-4.11.3.tgz 4821ms (cache miss)
2472 http fetch GET 200 https://registry.npmjs.org/@supabase/phoenix/-/phoenix-0.4.0.tgz 4857ms (cache miss)
2473 http fetch GET 200 https://registry.npmjs.org/@rtsao/scc/-/scc-1.1.0.tgz 4863ms (cache miss)
2474 http fetch GET 200 https://registry.npmjs.org/@nolyfill/is-core-module/-/is-core-module-1.0.39.tgz 4883ms (cache miss)
2475 http fetch GET 200 https://registry.npmjs.org/eslint/-/eslint-9.39.4.tgz 4905ms (cache miss)
2476 http fetch GET 200 https://registry.npmjs.org/@jridgewell/resolve-uri/-/resolve-uri-3.1.2.tgz 4903ms (cache miss)
2477 http fetch GET 200 https://registry.npmjs.org/@nodelib/fs.walk/-/fs.walk-1.2.8.tgz 4921ms (cache miss)
2478 http fetch GET 200 https://registry.npmjs.org/@jridgewell/trace-mapping/-/trace-mapping-0.3.31.tgz 4968ms (cache miss)
2479 http fetch GET 200 https://registry.npmjs.org/@supabase/functions-js/-/functions-js-2.103.3.tgz 4984ms (cache miss)
2480 http fetch GET 200 https://registry.npmjs.org/@jridgewell/remapping/-/remapping-2.3.5.tgz 4984ms (cache miss)
2481 http fetch GET 200 https://registry.npmjs.org/@swc/helpers/-/helpers-0.5.21.tgz 5003ms (cache miss)
2482 http fetch GET 200 https://registry.npmjs.org/@img/colour/-/colour-1.1.0.tgz 5072ms (cache miss)
2483 http fetch GET 200 https://registry.npmjs.org/@tailwindcss/oxide-darwin-arm64/-/oxide-darwin-arm64-4.2.2.tgz 5107ms (cache miss)
2484 http fetch GET 200 https://registry.npmjs.org/@next/env/-/env-16.2.3.tgz 5111ms (cache miss)
2485 http fetch GET 200 https://registry.npmjs.org/@jridgewell/sourcemap-codec/-/sourcemap-codec-1.5.5.tgz 5141ms (cache miss)
2486 http fetch GET 200 https://registry.npmjs.org/@jridgewell/gen-mapping/-/gen-mapping-0.3.13.tgz 5141ms (cache miss)
2487 http fetch GET 200 https://registry.npmjs.org/@humanwhocodes/module-importer/-/module-importer-1.0.1.tgz 5192ms (cache miss)
2488 http fetch GET 200 https://registry.npmjs.org/@supabase/realtime-js/-/realtime-js-2.103.3.tgz 5241ms (cache miss)
2489 http fetch GET 200 https://registry.npmjs.org/@eslint/js/-/js-9.39.4.tgz 5248ms (cache miss)
2490 http fetch GET 200 https://registry.npmjs.org/@supabase/auth-js/-/auth-js-2.103.3.tgz 5254ms (cache miss)
2491 http fetch GET 200 https://registry.npmjs.org/@mongodb-js/saslprep/-/saslprep-1.4.8.tgz 5300ms (cache miss)
2492 http fetch GET 200 https://registry.npmjs.org/@humanwhocodes/retry/-/retry-0.4.3.tgz 5327ms (cache miss)
2493 http fetch GET 200 https://registry.npmjs.org/@img/sharp-darwin-arm64/-/sharp-darwin-arm64-0.34.5.tgz 5355ms (cache miss)
2494 http fetch GET 200 https://registry.npmjs.org/@typescript-eslint/eslint-plugin/-/eslint-plugin-8.58.2.tgz 5386ms (cache miss)
2495 http fetch GET 200 https://registry.npmjs.org/@humanfs/core/-/core-0.19.1.tgz 5436ms (cache miss)
2496 http fetch GET 200 https://registry.npmjs.org/@eslint/plugin-kit/-/plugin-kit-0.4.1.tgz 5436ms (cache miss)
2497 http fetch GET 200 https://registry.npmjs.org/@eslint/object-schema/-/object-schema-2.1.7.tgz 5439ms (cache miss)
2498 http fetch GET 200 https://registry.npmjs.org/@humanfs/node/-/node-0.16.7.tgz 5472ms (cache miss)
2499 http fetch GET 200 https://registry.npmjs.org/@eslint/core/-/core-0.17.0.tgz 5493ms (cache miss)
2500 http fetch GET 200 https://registry.npmjs.org/@eslint/config-helpers/-/config-helpers-0.4.2.tgz 5536ms (cache miss)
2501 http fetch GET 200 https://registry.npmjs.org/@eslint/config-array/-/config-array-0.21.2.tgz 5550ms (cache miss)
2502 http fetch GET 200 https://registry.npmjs.org/@typescript-eslint/scope-manager/-/scope-manager-8.58.2.tgz 5610ms (cache miss)
2503 http fetch GET 200 https://registry.npmjs.org/caniuse-lite/-/caniuse-lite-1.0.30001788.tgz 5624ms (cache miss)
2504 http fetch GET 200 https://registry.npmjs.org/@eslint-community/eslint-utils/-/eslint-utils-4.9.1.tgz 5775ms (cache miss)
2505 http fetch GET 200 https://registry.npmjs.org/@napi-rs/wasm-runtime/-/wasm-runtime-0.2.12.tgz 5794ms (cache miss)
2506 http fetch GET 200 https://registry.npmjs.org/@next/eslint-plugin-next/-/eslint-plugin-next-16.2.3.tgz 5831ms (cache miss)
2507 http fetch GET 200 https://registry.npmjs.org/@emnapi/wasi-threads/-/wasi-threads-1.2.1.tgz 5862ms (cache miss)
2508 http fetch GET 200 https://registry.npmjs.org/@babel/helper-validator-option/-/helper-validator-option-7.27.1.tgz 5876ms (cache miss)
2509 http fetch GET 200 https://registry.npmjs.org/@babel/traverse/-/traverse-7.29.0.tgz 5892ms (cache miss)
2510 http fetch GET 200 https://registry.npmjs.org/@emnapi/core/-/core-1.9.2.tgz 5933ms (cache miss)
2511 http fetch GET 200 https://registry.npmjs.org/@babel/helper-string-parser/-/helper-string-parser-7.27.1.tgz 5943ms (cache miss)
2512 http fetch GET 200 https://registry.npmjs.org/@babel/types/-/types-7.29.0.tgz 5965ms (cache miss)
2513 http fetch GET 200 https://registry.npmjs.org/@babel/helper-module-transforms/-/helper-module-transforms-7.28.6.tgz 5982ms (cache miss)
2514 http fetch GET 200 https://registry.npmjs.org/@babel/helper-validator-identifier/-/helper-validator-identifier-7.28.5.tgz 5984ms (cache miss)
2515 http fetch GET 200 https://registry.npmjs.org/@eslint/eslintrc/-/eslintrc-3.3.5.tgz 6004ms (cache miss)
2516 http fetch GET 200 https://registry.npmjs.org/@eslint-community/regexpp/-/regexpp-4.12.2.tgz 6009ms (cache miss)
2517 http fetch GET 200 https://registry.npmjs.org/@babel/template/-/template-7.28.6.tgz 6024ms (cache miss)
2518 http fetch GET 200 https://registry.npmjs.org/@babel/helper-globals/-/helper-globals-7.28.0.tgz 6024ms (cache miss)
2519 http fetch GET 200 https://registry.npmjs.org/@emnapi/runtime/-/runtime-1.9.2.tgz 6034ms (cache miss)
2520 http fetch GET 200 https://registry.npmjs.org/@babel/compat-data/-/compat-data-7.29.0.tgz 6054ms (cache miss)
2521 http fetch GET 200 https://registry.npmjs.org/@babel/generator/-/generator-7.29.1.tgz 6100ms (cache miss)
2522 http fetch GET 200 https://registry.npmjs.org/pathe/-/pathe-2.0.3.tgz 6103ms (cache miss)
2523 http fetch GET 200 https://registry.npmjs.org/react-is/-/react-is-18.3.1.tgz 6114ms (cache miss)
2524 http fetch GET 200 https://registry.npmjs.org/path-key/-/path-key-4.0.0.tgz 6123ms (cache miss)
2525 http fetch GET 200 https://registry.npmjs.org/@babel/code-frame/-/code-frame-7.29.0.tgz 6126ms (cache miss)
2526 http fetch GET 200 https://registry.npmjs.org/@babel/helper-module-imports/-/helper-module-imports-7.28.6.tgz 6141ms (cache miss)
2527 http fetch GET 200 https://registry.npmjs.org/ansi-styles/-/ansi-styles-5.2.0.tgz 6141ms (cache miss)
2528 http fetch GET 200 https://registry.npmjs.org/@babel/parser/-/parser-7.29.2.tgz 6168ms (cache miss)
2529 http fetch GET 200 https://registry.npmjs.org/esbuild/-/esbuild-0.21.5.tgz 6184ms (cache miss)
2530 http fetch GET 200 https://registry.npmjs.org/@babel/helper-compilation-targets/-/helper-compilation-targets-7.28.6.tgz 6201ms (cache miss)
2531 http fetch GET 200 https://registry.npmjs.org/pathe/-/pathe-2.0.3.tgz 6203ms (cache miss)
2532 http fetch GET 200 https://registry.npmjs.org/js-tokens/-/js-tokens-9.0.1.tgz 6212ms (cache miss)
2533 http fetch GET 200 https://registry.npmjs.org/p-limit/-/p-limit-5.0.0.tgz 6226ms (cache miss)
2534 http fetch GET 200 https://registry.npmjs.org/@babel/helpers/-/helpers-7.29.2.tgz 6248ms (cache miss)
2535 http fetch GET 200 https://registry.npmjs.org/rrweb-cssom/-/rrweb-cssom-0.8.0.tgz 6251ms (cache miss)
2536 http fetch GET 200 https://registry.npmjs.org/@babel/core/-/core-7.29.0.tgz 6267ms (cache miss)
2537 http fetch GET 200 https://registry.npmjs.org/yocto-queue/-/yocto-queue-1.2.2.tgz 6287ms (cache miss)
2538 http fetch GET 200 https://registry.npmjs.org/picomatch/-/picomatch-4.0.4.tgz 6294ms (cache miss)
2539 http fetch GET 200 https://registry.npmjs.org/@alloc/quick-lru/-/quick-lru-5.2.0.tgz 6319ms (cache miss)
2540 http fetch GET 200 https://registry.npmjs.org/fdir/-/fdir-6.5.0.tgz 6314ms (cache miss)
2541 http fetch GET 200 https://registry.npmjs.org/esbuild/-/esbuild-0.21.5.tgz 6321ms (cache miss)
2542 http fetch GET 200 https://registry.npmjs.org/picomatch/-/picomatch-4.0.4.tgz 6337ms (cache miss)
2543 http fetch GET 200 https://registry.npmjs.org/json5/-/json5-1.0.2.tgz 6352ms (cache miss)
2544 http fetch GET 200 https://registry.npmjs.org/fdir/-/fdir-6.5.0.tgz 6383ms (cache miss)
2545 http fetch GET 200 https://registry.npmjs.org/glob-parent/-/glob-parent-5.1.2.tgz 6403ms (cache miss)
2546 http fetch GET 200 https://registry.npmjs.org/semver/-/semver-7.7.4.tgz 6427ms (cache miss)
2547 http fetch GET 200 https://registry.npmjs.org/debug/-/debug-3.2.7.tgz 6430ms (cache miss)
2548 http fetch GET 200 https://registry.npmjs.org/lru-cache/-/lru-cache-10.4.3.tgz 6440ms (cache miss)
2549 http fetch GET 200 https://registry.npmjs.org/es-abstract/-/es-abstract-1.24.2.tgz 6501ms (cache miss)
2550 http fetch GET 200 https://registry.npmjs.org/debug/-/debug-3.2.7.tgz 6490ms (cache miss)
2551 http fetch GET 200 https://registry.npmjs.org/semver/-/semver-7.7.4.tgz 6500ms (cache miss)
2552 http fetch GET 200 https://registry.npmjs.org/brace-expansion/-/brace-expansion-5.0.5.tgz 6590ms (cache miss)
2553 http fetch GET 200 https://registry.npmjs.org/eslint-visitor-keys/-/eslint-visitor-keys-5.0.1.tgz 6592ms (cache miss)
2554 http fetch GET 200 https://registry.npmjs.org/debug/-/debug-3.2.7.tgz 6604ms (cache miss)
2555 http fetch GET 200 https://registry.npmjs.org/semver/-/semver-7.7.4.tgz 6640ms (cache miss)
2556 http fetch GET 200 https://registry.npmjs.org/globals/-/globals-16.4.0.tgz 6656ms (cache miss)
2557 http fetch GET 200 https://registry.npmjs.org/balanced-match/-/balanced-match-4.0.4.tgz 6682ms (cache miss)
2558 http fetch GET 200 https://registry.npmjs.org/eslint-visitor-keys/-/eslint-visitor-keys-3.4.3.tgz 6714ms (cache miss)
2559 http fetch GET 200 https://registry.npmjs.org/minimatch/-/minimatch-10.2.5.tgz 6769ms (cache miss)
2560 http fetch GET 200 https://registry.npmjs.org/ignore/-/ignore-7.0.5.tgz 6793ms (cache miss)
2561 http fetch GET 200 https://registry.npmjs.org/postcss/-/postcss-8.4.31.tgz 6819ms (cache miss)
2562 http fetch GET 200 https://registry.npmjs.org/vite/-/vite-5.4.21.tgz 6900ms (cache miss)
2563 http fetch GET 200 https://registry.npmjs.org/@swc/helpers/-/helpers-0.5.15.tgz 6918ms (cache miss)
2564 http fetch GET 200 https://registry.npmjs.org/vite 6641ms (cache miss)
2565 silly packumentCache corgi:https://registry.npmjs.org/vite set size:undefined disposed:false
2566 http fetch GET 200 https://registry.npmjs.org/esbuild 6671ms (cache miss)
2567 silly packumentCache corgi:https://registry.npmjs.org/esbuild set size:undefined disposed:false
2568 silly packumentCache corgi:https://registry.npmjs.org/vitest cache-miss
2569 silly packumentCache corgi:https://registry.npmjs.org/vite-node cache-miss
2570 http fetch GET 200 https://registry.npmjs.org/vite/-/vite-5.4.21.tgz 7300ms (cache miss)
2571 http fetch GET 200 https://registry.npmjs.org/vite-node 304ms (cache miss)
2572 silly packumentCache corgi:https://registry.npmjs.org/vite-node set size:undefined disposed:false
2573 http fetch GET 200 https://registry.npmjs.org/vitest 449ms (cache miss)
2574 silly packumentCache corgi:https://registry.npmjs.org/vitest set size:undefined disposed:false
2575 http fetch GET 200 https://registry.npmjs.org/@esbuild/darwin-arm64/-/darwin-arm64-0.21.5.tgz 9075ms (cache miss)
2576 http fetch GET 200 https://registry.npmjs.org/lightningcss-darwin-arm64/-/lightningcss-darwin-arm64-1.32.0.tgz 9123ms (cache miss)
2577 http fetch GET 200 https://registry.npmjs.org/@esbuild/darwin-arm64/-/darwin-arm64-0.21.5.tgz 10144ms (cache miss)
2578 http fetch GET 200 https://registry.npmjs.org/@img/sharp-libvips-darwin-arm64/-/sharp-libvips-darwin-arm64-1.2.4.tgz 13312ms (cache miss)
2579 http fetch GET 200 https://registry.npmjs.org/@next/swc-darwin-arm64/-/swc-darwin-arm64-16.2.3.tgz 13996ms (cache miss)
2580 http fetch GET 200 https://registry.npmjs.org/next/-/next-16.2.3.tgz 15692ms (cache miss)
2581 info run fsevents@2.3.3 install node_modules/fsevents node-gyp rebuild
2582 info run sharp@0.34.5 install node_modules/sharp node install/check.js || npm run build
2583 info run sharp@0.34.5 install { code: 0, signal: null }
2584 info run fsevents@2.3.3 install { code: 1, signal: null }
2585 verbose reify failed optional dependency /Users/filipkeser/Documents/Antigravity/node_modules/fsevents
2586 silly reify mark deleted [ '/Users/filipkeser/Documents/Antigravity/node_modules/fsevents' ]
2587 info run esbuild@0.27.7 postinstall node_modules/esbuild node install.js
2588 info run unrs-resolver@1.11.1 postinstall node_modules/unrs-resolver napi-postinstall unrs-resolver 1.11.1 check
2589 info run esbuild@0.21.5 postinstall node_modules/vite-node/node_modules/esbuild node install.js
2590 info run esbuild@0.21.5 postinstall node_modules/vitest/node_modules/esbuild node install.js
2591 info run unrs-resolver@1.11.1 postinstall { code: 0, signal: null }
2592 info run esbuild@0.21.5 postinstall { code: 0, signal: null }
2593 info run esbuild@0.21.5 postinstall { code: 0, signal: null }
2594 info run esbuild@0.27.7 postinstall { code: 0, signal: null }
2595 silly ADD node_modules/stackback
2596 silly ADD node_modules/siginfo
2597 silly ADD node_modules/safer-buffer
2598 silly ADD node_modules/iconv-lite
2599 silly ADD node_modules/cac
2600 silly ADD node_modules/@sinclair/typebox
2601 silly ADD node_modules/@jest/schemas
2602 silly ADD node_modules/confbox
2603 silly ADD node_modules/mimic-fn
2604 silly ADD node_modules/ufo
2605 silly ADD node_modules/pkg-types
2606 silly ADD node_modules/pkg-types/node_modules/pathe
2607 silly ADD node_modules/mlly
2608 silly ADD node_modules/mlly/node_modules/pathe
2609 silly ADD node_modules/strip-final-newline
2610 silly ADD node_modules/signal-exit
2611 silly ADD node_modules/onetime
2612 silly ADD node_modules/npm-run-path
2613 silly ADD node_modules/npm-run-path/node_modules/path-key
2614 silly ADD node_modules/merge-stream
2615 silly ADD node_modules/is-stream
2616 silly ADD node_modules/human-signals
2617 silly ADD node_modules/get-stream
2618 silly ADD node_modules/type-detect
2619 silly ADD node_modules/pathval
2620 silly ADD node_modules/get-func-name
2621 silly ADD node_modules/deep-eql
2622 silly ADD node_modules/check-error
2623 silly ADD node_modules/assertion-error
2624 silly ADD node_modules/loupe
2625 silly ADD node_modules/estree-walker
2626 silly ADD node_modules/diff-sequences
2627 silly ADD node_modules/tinyspy
2628 silly ADD node_modules/pretty-format
2629 silly ADD node_modules/pretty-format/node_modules/react-is
2630 silly ADD node_modules/pretty-format/node_modules/ansi-styles
2631 silly ADD node_modules/why-is-node-running
2632 silly ADD node_modules/vite-node
2633 silly ADD node_modules/vite-node/node_modules/@esbuild/darwin-arm64
2634 silly ADD node_modules/vite-node/node_modules/esbuild
2635 silly ADD node_modules/vite-node/node_modules/vite
2636 silly ADD node_modules/tinypool
2637 silly ADD node_modules/tinybench
2638 silly ADD node_modules/strip-literal
2639 silly ADD node_modules/strip-literal/node_modules/js-tokens
2640 silly ADD node_modules/std-env
2641 silly ADD node_modules/pathe
2642 silly ADD node_modules/local-pkg
2643 silly ADD node_modules/execa
2644 silly ADD node_modules/chai
2645 silly ADD node_modules/acorn-walk
2646 silly ADD node_modules/@vitest/utils
2647 silly ADD node_modules/@vitest/spy
2648 silly ADD node_modules/@vitest/snapshot
2649 silly ADD node_modules/@vitest/runner
2650 silly ADD node_modules/@vitest/runner/node_modules/yocto-queue
2651 silly ADD node_modules/@vitest/runner/node_modules/p-limit
2652 silly ADD node_modules/@vitest/expect
2653 silly ADD node_modules/@rollup/rollup-darwin-arm64
2654 silly ADD node_modules/rollup
2655 silly ADD node_modules/requires-port
2656 silly ADD node_modules/querystringify
2657 silly ADD node_modules/@esbuild/darwin-arm64
2658 silly ADD
2659 silly ADD node_modules/esbuild
2660 silly ADD node_modules/url-parse
2661 silly ADD node_modules/universalify
2662 silly ADD node_modules/psl
2663 silly ADD node_modules/xmlchars
2664 silly ADD node_modules/entities
2665 silly ADD node_modules/mime-db
2666 silly ADD node_modules/agent-base
2667 silly ADD node_modules/delayed-stream
2668 silly ADD node_modules/mime-types
2669 silly ADD node_modules/combined-stream
2670 silly ADD node_modules/asynckit
2671 silly ADD node_modules/@csstools/color-helpers
2672 silly ADD node_modules/@csstools/css-color-parser
2673 silly ADD node_modules/@csstools/css-parser-algorithms
2674 silly ADD node_modules/@csstools/css-tokenizer
2675 silly ADD node_modules/@csstools/css-calc
2676 silly ADD node_modules/@asamuzakjp/css-color
2677 silly ADD node_modules/@asamuzakjp/css-color/node_modules/lru-cache
2678 silly ADD node_modules/xml-name-validator
2679 silly ADD node_modules/whatwg-mimetype
2680 silly ADD node_modules/whatwg-encoding
2681 silly ADD node_modules/w3c-xmlserializer
2682 silly ADD node_modules/tough-cookie
2683 silly ADD node_modules/symbol-tree
2684 silly ADD node_modules/saxes
2685 silly ADD node_modules/rrweb-cssom
2686 silly ADD node_modules/parse5
2687 silly ADD node_modules/nwsapi
2688 silly ADD node_modules/is-potential-custom-element-name
2689 silly ADD node_modules/https-proxy-agent
2690 silly ADD node_modules/http-proxy-agent
2691 silly ADD node_modules/html-encoding-sniffer
2692 silly ADD node_modules/form-data
2693 silly ADD node_modules/decimal.js
2694 silly ADD node_modules/data-urls
2695 silly ADD node_modules/cssstyle
2696 silly ADD node_modules/cssstyle/node_modules/rrweb-cssom
2697 silly ADD node_modules/@types/babel__traverse
2698 silly ADD node_modules/@types/babel__template
2699 silly ADD node_modules/@types/babel__generator
2700 silly ADD node_modules/@babel/helper-plugin-utils
2701 silly ADD node_modules/react-refresh
2702 silly ADD node_modules/@types/babel__core
2703 silly ADD node_modules/@rolldown/pluginutils
2704 silly ADD node_modules/@babel/plugin-transform-react-jsx-source
2705 silly ADD node_modules/@babel/plugin-transform-react-jsx-self
2706 silly ADD node_modules/vitest
2707 silly ADD node_modules/vitest/node_modules/@esbuild/darwin-arm64
2708 silly ADD node_modules/vitest/node_modules/esbuild
2709 silly ADD node_modules/vitest/node_modules/vite
2710 silly ADD node_modules/tsx
2711 silly ADD node_modules/jsdom
2712 silly ADD node_modules/vite
2713 silly ADD node_modules/vite/node_modules/picomatch
2714 silly ADD node_modules/vite/node_modules/fdir
2715 silly ADD node_modules/@vitejs/plugin-react
2716 silly ADD node_modules/zod-validation-error
2717 silly ADD node_modules/zod
2718 silly ADD node_modules/yocto-queue
2719 silly ADD node_modules/yallist
2720 silly ADD node_modules/ws
2721 silly ADD node_modules/word-wrap
2722 silly ADD node_modules/which-typed-array
2723 silly ADD node_modules/which-collection
2724 silly ADD node_modules/which-builtin-type
2725 silly ADD node_modules/which-boxed-primitive
2726 silly ADD node_modules/which
2727 silly ADD node_modules/whatwg-url
2728 silly ADD node_modules/webidl-conversions
2729 silly ADD node_modules/uri-js
2730 silly ADD node_modules/update-browserslist-db
2731 silly ADD node_modules/unrs-resolver
2732 silly ADD node_modules/undici-types
2733 silly ADD node_modules/unbox-primitive
2734 silly ADD node_modules/typescript-eslint
2735 silly ADD node_modules/typescript
2736 silly ADD node_modules/typed-array-length
2737 silly ADD node_modules/typed-array-byte-offset
2738 silly ADD node_modules/typed-array-byte-length
2739 silly ADD node_modules/typed-array-buffer
2740 silly ADD node_modules/type-check
2741 silly ADD node_modules/tslib
2742 silly ADD node_modules/tsconfig-paths
2743 silly ADD node_modules/tsconfig-paths/node_modules/json5
2744 silly ADD node_modules/ts-api-utils
2745 silly ADD node_modules/tr46
2746 silly ADD node_modules/to-regex-range
2747 silly ADD node_modules/tinyglobby
2748 silly ADD node_modules/tinyglobby/node_modules/picomatch
2749 silly ADD node_modules/tinyglobby/node_modules/fdir
2750 silly ADD node_modules/tapable
2751 silly ADD node_modules/tailwindcss
2752 silly ADD node_modules/supports-preserve-symlinks-flag
2753 silly ADD node_modules/supports-color
2754 silly ADD node_modules/styled-jsx
2755 silly ADD node_modules/strip-json-comments
2756 silly ADD node_modules/strip-bom
2757 silly ADD node_modules/string.prototype.trimstart
2758 silly ADD node_modules/string.prototype.trimend
2759 silly ADD node_modules/string.prototype.trim
2760 silly ADD node_modules/string.prototype.repeat
2761 silly ADD node_modules/string.prototype.matchall
2762 silly ADD node_modules/string.prototype.includes
2763 silly ADD node_modules/stop-iteration-iterator
2764 silly ADD node_modules/stable-hash
2765 silly ADD node_modules/sparse-bitfield
2766 silly ADD node_modules/source-map-js
2767 silly ADD node_modules/side-channel-weakmap
2768 silly ADD node_modules/side-channel-map
2769 silly ADD node_modules/side-channel-list
2770 silly ADD node_modules/side-channel
2771 silly ADD node_modules/shebang-regex
2772 silly ADD node_modules/shebang-command
2773 silly ADD node_modules/sharp
2774 silly ADD node_modules/sharp/node_modules/semver
2775 silly ADD node_modules/set-proto
2776 silly ADD node_modules/set-function-name
2777 silly ADD node_modules/set-function-length
2778 silly ADD node_modules/semver
2779 silly ADD node_modules/scheduler
2780 silly ADD node_modules/safe-regex-test
2781 silly ADD node_modules/safe-push-apply
2782 silly ADD node_modules/safe-array-concat
2783 silly ADD node_modules/run-parallel
2784 silly ADD node_modules/reusify
2785 silly ADD node_modules/resolve-pkg-maps
2786 silly ADD node_modules/resolve-from
2787 silly ADD node_modules/resolve
2788 silly ADD node_modules/regexp.prototype.flags
2789 silly ADD node_modules/reflect.getprototypeof
2790 silly ADD node_modules/react-is
2791 silly ADD node_modules/react-dom
2792 silly ADD node_modules/react
2793 silly ADD node_modules/queue-microtask
2794 silly ADD node_modules/punycode
2795 silly ADD node_modules/prop-types
2796 silly ADD node_modules/prelude-ls
2797 silly ADD node_modules/postcss
2798 silly ADD node_modules/possible-typed-array-names
2799 silly ADD node_modules/picomatch
2800 silly ADD node_modules/picocolors
2801 silly ADD node_modules/path-parse
2802 silly ADD node_modules/path-key
2803 silly ADD node_modules/path-exists
2804 silly ADD node_modules/parent-module
2805 silly ADD node_modules/p-locate
2806 silly ADD node_modules/p-limit
2807 silly ADD node_modules/own-keys
2808 silly ADD node_modules/optionator
2809 silly ADD node_modules/object.values
2810 silly ADD node_modules/object.groupby
2811 silly ADD node_modules/object.fromentries
2812 silly ADD node_modules/object.entries
2813 silly ADD node_modules/object.assign
2814 silly ADD node_modules/object-keys
2815 silly ADD node_modules/object-inspect
2816 silly ADD node_modules/object-assign
2817 silly ADD node_modules/node-releases
2818 silly ADD node_modules/node-exports-info
2819 silly ADD node_modules/next
2820 silly ADD node_modules/next/node_modules/postcss
2821 silly ADD node_modules/next/node_modules/@swc/helpers
2822 silly ADD node_modules/natural-compare
2823 silly ADD node_modules/napi-postinstall
2824 silly ADD node_modules/nanoid
2825 silly ADD node_modules/ms
2826 silly ADD node_modules/mongodb-connection-string-url
2827 silly ADD node_modules/mongodb
2828 silly ADD node_modules/minimist
2829 silly ADD node_modules/minimatch
2830 silly ADD node_modules/micromatch
2831 silly ADD node_modules/merge2
2832 silly ADD node_modules/memory-pager
2833 silly ADD node_modules/math-intrinsics
2834 silly ADD node_modules/magic-string
2835 silly ADD node_modules/lru-cache
2836 silly ADD node_modules/loose-envify
2837 silly ADD node_modules/lodash.merge
2838 silly ADD node_modules/locate-path
2839 silly ADD node_modules/lightningcss-darwin-arm64
2840 silly ADD node_modules/lightningcss
2841 silly ADD node_modules/levn
2842 silly ADD node_modules/language-tags
2843 silly ADD node_modules/language-subtag-registry
2844 silly ADD node_modules/keyv
2845 silly ADD node_modules/jsx-ast-utils
2846 silly ADD node_modules/json5
2847 silly ADD node_modules/json-stable-stringify-without-jsonify
2848 silly ADD node_modules/json-schema-traverse
2849 silly ADD node_modules/json-buffer
2850 silly ADD node_modules/jsesc
2851 silly ADD node_modules/js-yaml
2852 silly ADD node_modules/js-tokens
2853 silly ADD node_modules/jiti
2854 silly ADD node_modules/iterator.prototype
2855 silly ADD node_modules/isexe
2856 silly ADD node_modules/isarray
2857 silly ADD node_modules/is-weakset
2858 silly ADD node_modules/is-weakref
2859 silly ADD node_modules/is-weakmap
2860 silly ADD node_modules/is-typed-array
2861 silly ADD node_modules/is-symbol
2862 silly ADD node_modules/is-string
2863 silly ADD node_modules/is-shared-array-buffer
2864 silly ADD node_modules/is-set
2865 silly ADD node_modules/is-regex
2866 silly ADD node_modules/is-number-object
2867 silly ADD node_modules/is-number
2868 silly ADD node_modules/is-negative-zero
2869 silly ADD node_modules/is-map
2870 silly ADD node_modules/is-glob
2871 silly ADD node_modules/is-generator-function
2872 silly ADD node_modules/is-finalizationregistry
2873 silly ADD node_modules/is-extglob
2874 silly ADD node_modules/is-date-object
2875 silly ADD node_modules/is-data-view
2876 silly ADD node_modules/is-core-module
2877 silly ADD node_modules/is-callable
2878 silly ADD node_modules/is-bun-module
2879 silly ADD node_modules/is-bun-module/node_modules/semver
2880 silly ADD node_modules/is-boolean-object
2881 silly ADD node_modules/is-bigint
2882 silly ADD node_modules/is-async-function
2883 silly ADD node_modules/is-array-buffer
2884 silly ADD node_modules/internal-slot
2885 silly ADD node_modules/imurmurhash
2886 silly ADD node_modules/import-fresh
2887 silly ADD node_modules/ignore
2888 silly ADD node_modules/iceberg-js
2889 silly ADD node_modules/hermes-parser
2890 silly ADD node_modules/hermes-estree
2891 silly ADD node_modules/hasown
2892 silly ADD node_modules/has-tostringtag
2893 silly ADD node_modules/has-symbols
2894 silly ADD node_modules/has-proto
2895 silly ADD node_modules/has-property-descriptors
2896 silly ADD node_modules/has-flag
2897 silly ADD node_modules/has-bigints
2898 silly ADD node_modules/graceful-fs
2899 silly ADD node_modules/gopd
2900 silly ADD node_modules/globalthis
2901 silly ADD node_modules/globals
2902 silly ADD node_modules/glob-parent
2903 silly ADD node_modules/get-tsconfig
2904 silly ADD node_modules/get-symbol-description
2905 silly ADD node_modules/get-proto
2906 silly ADD node_modules/get-intrinsic
2907 silly ADD node_modules/gensync
2908 silly ADD node_modules/generator-function
2909 silly ADD node_modules/functions-have-names
2910 silly ADD node_modules/function.prototype.name
2911 silly ADD node_modules/function-bind
2912 silly ADD node_modules/for-each
2913 silly ADD node_modules/flatted
2914 silly ADD node_modules/flat-cache
2915 silly ADD node_modules/find-up
2916 silly ADD node_modules/fill-range
2917 silly ADD node_modules/file-entry-cache
2918 silly ADD node_modules/fastq
2919 silly ADD node_modules/fast-levenshtein
2920 silly ADD node_modules/fast-json-stable-stringify
2921 silly ADD node_modules/fast-glob
2922 silly ADD node_modules/fast-glob/node_modules/glob-parent
2923 silly ADD node_modules/fast-deep-equal
2924 silly ADD node_modules/esutils
2925 silly ADD node_modules/estraverse
2926 silly ADD node_modules/esrecurse
2927 silly ADD node_modules/esquery
2928 silly ADD node_modules/espree
2929 silly ADD node_modules/eslint-visitor-keys
2930 silly ADD node_modules/eslint-scope
2931 silly ADD node_modules/eslint-plugin-react-hooks
2932 silly ADD node_modules/eslint-plugin-react
2933 silly ADD node_modules/eslint-plugin-jsx-a11y
2934 silly ADD node_modules/eslint-plugin-import
2935 silly ADD node_modules/eslint-plugin-import/node_modules/debug
2936 silly ADD node_modules/eslint-module-utils
2937 silly ADD node_modules/eslint-module-utils/node_modules/debug
2938 silly ADD node_modules/eslint-import-resolver-typescript
2939 silly ADD node_modules/eslint-import-resolver-node
2940 silly ADD node_modules/eslint-import-resolver-node/node_modules/debug
2941 silly ADD node_modules/eslint-config-next
2942 silly ADD node_modules/eslint-config-next/node_modules/globals
2943 silly ADD node_modules/eslint
2944 silly ADD node_modules/escape-string-regexp
2945 silly ADD node_modules/escalade
2946 silly ADD node_modules/es-to-primitive
2947 silly ADD node_modules/es-shim-unscopables
2948 silly ADD node_modules/es-set-tostringtag
2949 silly ADD node_modules/es-object-atoms
2950 silly ADD node_modules/es-iterator-helpers
2951 silly ADD node_modules/es-errors
2952 silly ADD node_modules/es-define-property
2953 silly ADD node_modules/es-abstract
2954 silly ADD node_modules/enhanced-resolve
2955 silly ADD node_modules/emoji-regex
2956 silly ADD node_modules/electron-to-chromium
2957 silly ADD node_modules/dunder-proto
2958 silly ADD node_modules/doctrine
2959 silly ADD node_modules/detect-libc
2960 silly ADD node_modules/define-properties
2961 silly ADD node_modules/define-data-property
2962 silly ADD node_modules/deep-is
2963 silly ADD node_modules/debug
2964 silly ADD node_modules/data-view-byte-offset
2965 silly ADD node_modules/data-view-byte-length
2966 silly ADD node_modules/data-view-buffer
2967 silly ADD node_modules/damerau-levenshtein
2968 silly ADD node_modules/csstype
2969 silly ADD node_modules/cross-spawn
2970 silly ADD node_modules/convert-source-map
2971 silly ADD node_modules/concat-map
2972 silly ADD node_modules/color-name
2973 silly ADD node_modules/color-convert
2974 silly ADD node_modules/client-only
2975 silly ADD node_modules/chalk
2976 silly ADD node_modules/caniuse-lite
2977 silly ADD node_modules/callsites
2978 silly ADD node_modules/call-bound
2979 silly ADD node_modules/call-bind-apply-helpers
2980 silly ADD node_modules/call-bind
2981 silly ADD node_modules/bson
2982 silly ADD node_modules/browserslist
2983 silly ADD node_modules/braces
2984 silly ADD node_modules/brace-expansion
2985 silly ADD node_modules/baseline-browser-mapping
2986 silly ADD node_modules/balanced-match
2987 silly ADD node_modules/axobject-query
2988 silly ADD node_modules/axe-core
2989 silly ADD node_modules/available-typed-arrays
2990 silly ADD node_modules/async-function
2991 silly ADD node_modules/ast-types-flow
2992 silly ADD node_modules/arraybuffer.prototype.slice
2993 silly ADD node_modules/array.prototype.tosorted
2994 silly ADD node_modules/array.prototype.flatmap
2995 silly ADD node_modules/array.prototype.flat
2996 silly ADD node_modules/array.prototype.findlastindex
2997 silly ADD node_modules/array.prototype.findlast
2998 silly ADD node_modules/array-includes
2999 silly ADD node_modules/array-buffer-byte-length
3000 silly ADD node_modules/aria-query
3001 silly ADD node_modules/argparse
3002 silly ADD node_modules/ansi-styles
3003 silly ADD node_modules/ajv
3004 silly ADD node_modules/acorn-jsx
3005 silly ADD node_modules/acorn
3006 silly ADD node_modules/@unrs/resolver-binding-darwin-arm64
3007 silly ADD node_modules/@typescript-eslint/visitor-keys
3008 silly ADD node_modules/@typescript-eslint/visitor-keys/node_modules/eslint-visitor-keys
3009 silly ADD node_modules/@typescript-eslint/utils
3010 silly ADD node_modules/@typescript-eslint/typescript-estree
3011 silly ADD node_modules/@typescript-eslint/typescript-estree/node_modules/semver
3012 silly ADD node_modules/@typescript-eslint/typescript-estree/node_modules/minimatch
3013 silly ADD node_modules/@typescript-eslint/typescript-estree/node_modules/brace-expansion
3014 silly ADD node_modules/@typescript-eslint/typescript-estree/node_modules/balanced-match
3015 silly ADD node_modules/@typescript-eslint/types
3016 silly ADD node_modules/@typescript-eslint/type-utils
3017 silly ADD node_modules/@typescript-eslint/tsconfig-utils
3018 silly ADD node_modules/@typescript-eslint/scope-manager
3019 silly ADD node_modules/@typescript-eslint/project-service
3020 silly ADD node_modules/@typescript-eslint/parser
3021 silly ADD node_modules/@typescript-eslint/eslint-plugin
3022 silly ADD node_modules/@typescript-eslint/eslint-plugin/node_modules/ignore
3023 silly ADD node_modules/@types/ws
3024 silly ADD node_modules/@types/whatwg-url
3025 silly ADD node_modules/@types/webidl-conversions
3026 silly ADD node_modules/@types/react-dom
3027 silly ADD node_modules/@types/react
3028 silly ADD node_modules/@types/node
3029 silly ADD node_modules/@types/json5
3030 silly ADD node_modules/@types/json-schema
3031 silly ADD node_modules/@types/estree
3032 silly ADD node_modules/@tybys/wasm-util
3033 silly ADD node_modules/@tailwindcss/postcss
3034 silly ADD node_modules/@tailwindcss/oxide-darwin-arm64
3035 silly ADD node_modules/@tailwindcss/oxide
3036 silly ADD node_modules/@tailwindcss/node
3037 silly ADD node_modules/@swc/helpers
3038 silly ADD node_modules/@supabase/supabase-js
3039 silly ADD node_modules/@supabase/storage-js
3040 silly ADD node_modules/@supabase/realtime-js
3041 silly ADD node_modules/@supabase/postgrest-js
3042 silly ADD node_modules/@supabase/phoenix
3043 silly ADD node_modules/@supabase/functions-js
3044 silly ADD node_modules/@supabase/auth-js
3045 silly ADD node_modules/@rtsao/scc
3046 silly ADD node_modules/@nolyfill/is-core-module
3047 silly ADD node_modules/@nodelib/fs.walk
3048 silly ADD node_modules/@nodelib/fs.stat
3049 silly ADD node_modules/@nodelib/fs.scandir
3050 silly ADD node_modules/@next/swc-darwin-arm64
3051 silly ADD node_modules/@next/eslint-plugin-next
3052 silly ADD node_modules/@next/env
3053 silly ADD node_modules/@napi-rs/wasm-runtime
3054 silly ADD node_modules/@mongodb-js/saslprep
3055 silly ADD node_modules/@jridgewell/trace-mapping
3056 silly ADD node_modules/@jridgewell/sourcemap-codec
3057 silly ADD node_modules/@jridgewell/resolve-uri
3058 silly ADD node_modules/@jridgewell/remapping
3059 silly ADD node_modules/@jridgewell/gen-mapping
3060 silly ADD node_modules/@img/sharp-libvips-darwin-arm64
3061 silly ADD node_modules/@img/sharp-darwin-arm64
3062 silly ADD node_modules/@img/colour
3063 silly ADD node_modules/@humanwhocodes/retry
3064 silly ADD node_modules/@humanwhocodes/module-importer
3065 silly ADD node_modules/@humanfs/node
3066 silly ADD node_modules/@humanfs/core
3067 silly ADD node_modules/@eslint/plugin-kit
3068 silly ADD node_modules/@eslint/object-schema
3069 silly ADD node_modules/@eslint/js
3070 silly ADD node_modules/@eslint/eslintrc
3071 silly ADD node_modules/@eslint/core
3072 silly ADD node_modules/@eslint/config-helpers
3073 silly ADD node_modules/@eslint/config-array
3074 silly ADD node_modules/@eslint-community/regexpp
3075 silly ADD node_modules/@eslint-community/eslint-utils
3076 silly ADD node_modules/@eslint-community/eslint-utils/node_modules/eslint-visitor-keys
3077 silly ADD node_modules/@emnapi/wasi-threads
3078 silly ADD node_modules/@emnapi/runtime
3079 silly ADD node_modules/@emnapi/core
3080 silly ADD node_modules/@babel/types
3081 silly ADD node_modules/@babel/traverse
3082 silly ADD node_modules/@babel/template
3083 silly ADD node_modules/@babel/parser
3084 silly ADD node_modules/@babel/helpers
3085 silly ADD node_modules/@babel/helper-validator-option
3086 silly ADD node_modules/@babel/helper-validator-identifier
3087 silly ADD node_modules/@babel/helper-string-parser
3088 silly ADD node_modules/@babel/helper-module-transforms
3089 silly ADD node_modules/@babel/helper-module-imports
3090 silly ADD node_modules/@babel/helper-globals
3091 silly ADD node_modules/@babel/helper-compilation-targets
3092 silly ADD node_modules/@babel/generator
3093 silly ADD node_modules/@babel/core
3094 silly ADD node_modules/@babel/compat-data
3095 silly ADD node_modules/@babel/code-frame
3096 silly ADD node_modules/@alloc/quick-lru
3097 verbose cwd /Users/filipkeser/Documents/Antigravity
3098 verbose os Darwin 25.4.0
3099 verbose node v24.12.0
3100 verbose npm  v11.6.2
3101 verbose exit 0
3102 info ok
