0 verbose cli /usr/local/bin/node /usr/local/bin/npm
1 info using npm@11.6.2
2 info using node@v24.12.0
3 silly config load:file:/usr/local/lib/node_modules/npm/npmrc
4 silly config load:file:/Users/filipkeser/Documents/Antigravity/.npmrc
5 silly config load:file:/Users/filipkeser/.npmrc
6 silly config load:file:/usr/local/etc/npmrc
7 verbose title npm ci
8 verbose argv "ci" "--cache" "./.npm_cache_new"
9 verbose logfile logs-max:10 dir:/Users/filipkeser/Documents/Antigravity/.npm_cache_new/_logs/2026-04-18T15_10_38_350Z-
10 verbose logfile /Users/filipkeser/Documents/Antigravity/.npm_cache_new/_logs/2026-04-18T15_10_38_350Z-debug-0.log
11 silly logfile done cleaning log files
12 silly packumentCache heap:4496293888 maxSize:1124073472 maxEntrySize:562036736
13 silly idealTree buildDeps
14 silly fetch manifest tsx@^4
15 silly packumentCache full:https://registry.npmjs.org/tsx cache-miss
16 http fetch GET 200 https://registry.npmjs.org/npm 379ms
17 http fetch GET 200 https://registry.npmjs.org/tsx 175ms (cache miss)
18 silly packumentCache full:https://registry.npmjs.org/tsx set size:undefined disposed:false
19 silly fetch manifest @vitejs/plugin-react@^4
20 silly packumentCache full:https://registry.npmjs.org/@vitejs%2fplugin-react cache-miss
21 http fetch GET 200 https://registry.npmjs.org/@vitejs%2fplugin-react 75ms (cache miss)
22 silly packumentCache full:https://registry.npmjs.org/@vitejs%2fplugin-react set size:undefined disposed:false
23 silly fetch manifest vite@^4.2.0 || ^5.0.0 || ^6.0.0 || ^7.0.0
24 silly packumentCache full:https://registry.npmjs.org/vite cache-miss
25 http fetch GET 200 https://registry.npmjs.org/vite 1125ms (cache miss)
26 silly packumentCache full:https://registry.npmjs.org/vite set size:undefined disposed:false
27 silly fetch manifest @types/node@^20
28 silly packumentCache full:https://registry.npmjs.org/@types%2fnode cache-miss
29 http fetch GET 200 https://registry.npmjs.org/@types%2fnode 691ms (cache miss)
30 silly packumentCache full:https://registry.npmjs.org/@types%2fnode set size:undefined disposed:false
31 silly fetch manifest jiti@>=1.21.0
32 silly packumentCache full:https://registry.npmjs.org/jiti cache-miss
33 http fetch GET 200 https://registry.npmjs.org/jiti 88ms (cache miss)
34 silly packumentCache full:https://registry.npmjs.org/jiti set size:undefined disposed:false
35 silly fetch manifest less@^4.0.0
36 silly packumentCache full:https://registry.npmjs.org/less cache-miss
37 http fetch GET 200 https://registry.npmjs.org/less 70ms (cache miss)
38 silly packumentCache full:https://registry.npmjs.org/less set size:undefined disposed:false
39 silly fetch manifest lightningcss@^1.21.0
40 silly packumentCache full:https://registry.npmjs.org/lightningcss cache-miss
41 http fetch GET 200 https://registry.npmjs.org/lightningcss 53ms (cache miss)
42 silly packumentCache full:https://registry.npmjs.org/lightningcss set size:undefined disposed:false
43 silly fetch manifest sass@^1.70.0
44 silly packumentCache full:https://registry.npmjs.org/sass cache-miss
45 http fetch GET 200 https://registry.npmjs.org/sass 70ms (cache miss)
46 silly packumentCache full:https://registry.npmjs.org/sass set size:undefined disposed:false
47 silly fetch manifest sass-embedded@^1.70.0
48 silly packumentCache full:https://registry.npmjs.org/sass-embedded cache-miss
49 http fetch GET 200 https://registry.npmjs.org/sass-embedded 62ms (cache miss)
50 silly packumentCache full:https://registry.npmjs.org/sass-embedded set size:undefined disposed:false
51 silly fetch manifest stylus@>=0.54.8
52 silly packumentCache full:https://registry.npmjs.org/stylus cache-miss
53 http fetch GET 200 https://registry.npmjs.org/stylus 61ms (cache miss)
54 silly packumentCache full:https://registry.npmjs.org/stylus set size:undefined disposed:false
55 silly fetch manifest sugarss@^5.0.0
56 silly packumentCache full:https://registry.npmjs.org/sugarss cache-miss
57 http fetch GET 200 https://registry.npmjs.org/sugarss 63ms (cache miss)
58 silly packumentCache full:https://registry.npmjs.org/sugarss set size:undefined disposed:false
59 silly fetch manifest postcss@^8.3.3
60 silly packumentCache full:https://registry.npmjs.org/postcss cache-miss
61 http fetch GET 200 https://registry.npmjs.org/postcss 72ms (cache miss)
62 silly packumentCache full:https://registry.npmjs.org/postcss set size:undefined disposed:false
63 silly fetch manifest terser@^5.16.0
64 silly packumentCache full:https://registry.npmjs.org/terser cache-miss
65 http fetch GET 200 https://registry.npmjs.org/terser 80ms (cache miss)
66 silly packumentCache full:https://registry.npmjs.org/terser set size:undefined disposed:false
67 silly fetch manifest yaml@^2.4.2
68 silly packumentCache full:https://registry.npmjs.org/yaml cache-miss
69 http fetch GET 200 https://registry.npmjs.org/yaml 74ms (cache miss)
70 silly packumentCache full:https://registry.npmjs.org/yaml set size:undefined disposed:false
71 silly fetch manifest jsdom@^24
72 silly packumentCache full:https://registry.npmjs.org/jsdom cache-miss
73 http fetch GET 200 https://registry.npmjs.org/jsdom 64ms (cache miss)
74 silly packumentCache full:https://registry.npmjs.org/jsdom set size:undefined disposed:false
75 silly fetch manifest canvas@^2.11.2
76 silly packumentCache full:https://registry.npmjs.org/canvas cache-miss
77 http fetch GET 200 https://registry.npmjs.org/canvas 212ms (cache miss)
78 silly packumentCache full:https://registry.npmjs.org/canvas set size:undefined disposed:false
79 silly fetch manifest vitest@^1
80 silly packumentCache full:https://registry.npmjs.org/vitest cache-miss
81 http fetch GET 200 https://registry.npmjs.org/vitest 126ms (cache miss)
82 silly packumentCache full:https://registry.npmjs.org/vitest set size:undefined disposed:false
83 silly fetch manifest @edge-runtime/vm@*
84 silly packumentCache full:https://registry.npmjs.org/@edge-runtime%2fvm cache-miss
85 http fetch GET 200 https://registry.npmjs.org/@edge-runtime%2fvm 924ms (cache miss)
86 silly packumentCache full:https://registry.npmjs.org/@edge-runtime%2fvm set size:undefined disposed:false
87 silly fetch manifest @vitest/browser@1.6.1
88 silly packumentCache full:https://registry.npmjs.org/@vitest%2fbrowser cache-miss
89 http fetch GET 200 https://registry.npmjs.org/@vitest%2fbrowser 544ms (cache miss)
90 silly packumentCache full:https://registry.npmjs.org/@vitest%2fbrowser set size:undefined disposed:false
91 silly fetch manifest playwright@*
92 silly packumentCache full:https://registry.npmjs.org/playwright cache-miss
93 http fetch GET 200 https://registry.npmjs.org/playwright 852ms (cache miss)
94 silly packumentCache full:https://registry.npmjs.org/playwright set size:undefined disposed:false
95 silly fetch manifest webdriverio@*
96 silly packumentCache full:https://registry.npmjs.org/webdriverio cache-miss
97 http fetch GET 200 https://registry.npmjs.org/webdriverio 127ms (cache miss)
98 silly packumentCache full:https://registry.npmjs.org/webdriverio set size:undefined disposed:false
99 silly fetch manifest puppeteer-core@>=22.x || <=24.x
100 silly packumentCache full:https://registry.npmjs.org/puppeteer-core cache-miss
101 http fetch GET 200 https://registry.npmjs.org/puppeteer-core 261ms (cache miss)
102 silly packumentCache full:https://registry.npmjs.org/puppeteer-core set size:undefined disposed:false
103 silly fetch manifest @vitest/ui@1.6.1
104 silly packumentCache full:https://registry.npmjs.org/@vitest%2fui cache-miss
105 http fetch GET 200 https://registry.npmjs.org/@vitest%2fui 484ms (cache miss)
106 silly packumentCache full:https://registry.npmjs.org/@vitest%2fui set size:undefined disposed:false
107 silly fetch manifest happy-dom@*
108 silly packumentCache full:https://registry.npmjs.org/happy-dom cache-miss
109 http fetch GET 200 https://registry.npmjs.org/happy-dom 386ms (cache miss)
110 silly packumentCache full:https://registry.npmjs.org/happy-dom set size:undefined disposed:false
111 silly placeDep ROOT @vitejs/plugin-react@4.7.0 OK for: my-app@0.1.0 want: ^4
112 silly placeDep ROOT vite@7.3.2 OK for: @vitejs/plugin-react@4.7.0 want: ^4.2.0 || ^5.0.0 || ^6.0.0 || ^7.0.0
113 silly placeDep ROOT jsdom@24.1.3 OK for: my-app@0.1.0 want: ^24
114 silly placeDep ROOT tsx@4.21.0 OK for: my-app@0.1.0 want: ^4
115 silly placeDep ROOT vitest@1.6.1 OK for: my-app@0.1.0 want: ^1
116 silly fetch manifest react-refresh@^0.17.0
117 silly packumentCache full:https://registry.npmjs.org/react-refresh cache-miss
118 silly fetch manifest @types/babel__core@^7.20.5
119 silly packumentCache full:https://registry.npmjs.org/@types%2fbabel__core cache-miss
120 silly fetch manifest @rolldown/pluginutils@1.0.0-beta.27
121 silly packumentCache full:https://registry.npmjs.org/@rolldown%2fpluginutils cache-miss
122 silly fetch manifest @babel/plugin-transform-react-jsx-self@^7.27.1
123 silly packumentCache full:https://registry.npmjs.org/@babel%2fplugin-transform-react-jsx-self cache-miss
124 silly fetch manifest @babel/plugin-transform-react-jsx-source@^7.27.1
125 silly packumentCache full:https://registry.npmjs.org/@babel%2fplugin-transform-react-jsx-source cache-miss
126 silly fetch manifest fdir@^6.5.0
127 silly packumentCache full:https://registry.npmjs.org/fdir cache-miss
128 silly fetch manifest rollup@^4.43.0
129 silly packumentCache full:https://registry.npmjs.org/rollup cache-miss
130 http fetch GET 200 https://registry.npmjs.org/@types%2fbabel__core 85ms (cache miss)
131 silly packumentCache full:https://registry.npmjs.org/@types%2fbabel__core set size:undefined disposed:false
132 silly fetch manifest esbuild@^0.27.0
133 silly packumentCache full:https://registry.npmjs.org/esbuild cache-miss
134 http fetch GET 200 https://registry.npmjs.org/fdir 226ms (cache miss)
135 silly packumentCache full:https://registry.npmjs.org/fdir set size:undefined disposed:false
136 silly fetch manifest picomatch@^4.0.3
137 silly packumentCache full:https://registry.npmjs.org/picomatch cache-miss
138 http fetch GET 200 https://registry.npmjs.org/@babel%2fplugin-transform-react-jsx-self 253ms (cache miss)
139 silly packumentCache full:https://registry.npmjs.org/@babel%2fplugin-transform-react-jsx-self set size:undefined disposed:false
140 silly fetch manifest fsevents@~2.3.3
141 silly packumentCache full:https://registry.npmjs.org/fsevents cache-miss
142 http fetch GET 200 https://registry.npmjs.org/esbuild 178ms (cache miss)
143 silly packumentCache full:https://registry.npmjs.org/esbuild set size:undefined disposed:false
144 silly fetch manifest saxes@^6.0.0
145 silly packumentCache full:https://registry.npmjs.org/saxes cache-miss
146 http fetch GET 200 https://registry.npmjs.org/@rolldown%2fpluginutils 288ms (cache miss)
147 silly packumentCache full:https://registry.npmjs.org/@rolldown%2fpluginutils set size:undefined disposed:false
148 silly fetch manifest nwsapi@^2.2.12
149 silly packumentCache full:https://registry.npmjs.org/nwsapi cache-miss
150 http fetch GET 200 https://registry.npmjs.org/picomatch 99ms (cache miss)
151 silly packumentCache full:https://registry.npmjs.org/picomatch set size:undefined disposed:false
152 silly fetch manifest parse5@^7.1.2
153 silly packumentCache full:https://registry.npmjs.org/parse5 cache-miss
154 http fetch GET 200 https://registry.npmjs.org/fsevents 89ms (cache miss)
155 silly packumentCache full:https://registry.npmjs.org/fsevents set size:undefined disposed:false
156 silly fetch manifest cssstyle@^4.0.1
157 silly packumentCache full:https://registry.npmjs.org/cssstyle cache-miss
158 http fetch GET 200 https://registry.npmjs.org/react-refresh 375ms (cache miss)
159 silly packumentCache full:https://registry.npmjs.org/react-refresh set size:undefined disposed:false
160 silly fetch manifest data-urls@^5.0.0
161 silly packumentCache full:https://registry.npmjs.org/data-urls cache-miss
162 http fetch GET 200 https://registry.npmjs.org/@babel%2fplugin-transform-react-jsx-source 474ms (cache miss)
163 silly packumentCache full:https://registry.npmjs.org/@babel%2fplugin-transform-react-jsx-source set size:undefined disposed:false
164 silly fetch manifest form-data@^4.0.0
165 silly packumentCache full:https://registry.npmjs.org/form-data cache-miss
166 http fetch GET 200 https://registry.npmjs.org/parse5 160ms (cache miss)
167 silly packumentCache full:https://registry.npmjs.org/parse5 set size:undefined disposed:false
168 silly fetch manifest decimal.js@^10.4.3
169 silly packumentCache full:https://registry.npmjs.org/decimal.js cache-miss
170 http fetch GET 200 https://registry.npmjs.org/rollup 495ms (cache miss)
171 silly packumentCache full:https://registry.npmjs.org/rollup set size:undefined disposed:false
172 silly fetch manifest rrweb-cssom@^0.7.1
173 silly packumentCache full:https://registry.npmjs.org/rrweb-cssom cache-miss
174 http fetch GET 200 https://registry.npmjs.org/nwsapi 301ms (cache miss)
175 silly packumentCache full:https://registry.npmjs.org/nwsapi set size:undefined disposed:false
176 silly fetch manifest symbol-tree@^3.2.4
177 silly packumentCache full:https://registry.npmjs.org/symbol-tree cache-miss
178 http fetch GET 200 https://registry.npmjs.org/saxes 319ms (cache miss)
179 silly packumentCache full:https://registry.npmjs.org/saxes set size:undefined disposed:false
180 silly fetch manifest tough-cookie@^4.1.4
181 silly packumentCache full:https://registry.npmjs.org/tough-cookie cache-miss
182 http fetch GET 200 https://registry.npmjs.org/cssstyle 250ms (cache miss)
183 silly packumentCache full:https://registry.npmjs.org/cssstyle set size:undefined disposed:false
184 silly fetch manifest whatwg-encoding@^3.1.1
185 silly packumentCache full:https://registry.npmjs.org/whatwg-encoding cache-miss
186 http fetch GET 200 https://registry.npmjs.org/tough-cookie 61ms (cache miss)
187 silly packumentCache full:https://registry.npmjs.org/tough-cookie set size:undefined disposed:false
188 silly fetch manifest whatwg-mimetype@^4.0.0
189 silly packumentCache full:https://registry.npmjs.org/whatwg-mimetype cache-miss
190 http fetch GET 200 https://registry.npmjs.org/data-urls 237ms (cache miss)
191 silly packumentCache full:https://registry.npmjs.org/data-urls set size:undefined disposed:false
192 silly fetch manifest http-proxy-agent@^7.0.2
193 silly packumentCache full:https://registry.npmjs.org/http-proxy-agent cache-miss
194 http fetch GET 200 https://registry.npmjs.org/whatwg-mimetype 61ms (cache miss)
195 silly packumentCache full:https://registry.npmjs.org/whatwg-mimetype set size:undefined disposed:false
196 silly fetch manifest https-proxy-agent@^7.0.5
197 silly packumentCache full:https://registry.npmjs.org/https-proxy-agent cache-miss
198 http fetch GET 200 https://registry.npmjs.org/form-data 249ms (cache miss)
199 silly packumentCache full:https://registry.npmjs.org/form-data set size:undefined disposed:false
200 silly fetch manifest w3c-xmlserializer@^5.0.0
201 silly packumentCache full:https://registry.npmjs.org/w3c-xmlserializer cache-miss
202 http fetch GET 200 https://registry.npmjs.org/decimal.js 241ms (cache miss)
203 silly packumentCache full:https://registry.npmjs.org/decimal.js set size:undefined disposed:false
204 silly fetch manifest xml-name-validator@^5.0.0
205 silly packumentCache full:https://registry.npmjs.org/xml-name-validator cache-miss
206 http fetch GET 200 https://registry.npmjs.org/https-proxy-agent 47ms (cache miss)
207 silly packumentCache full:https://registry.npmjs.org/https-proxy-agent set size:undefined disposed:false
208 silly fetch manifest html-encoding-sniffer@^4.0.0
209 silly packumentCache full:https://registry.npmjs.org/html-encoding-sniffer cache-miss
210 http fetch GET 200 https://registry.npmjs.org/xml-name-validator 54ms (cache miss)
211 silly packumentCache full:https://registry.npmjs.org/xml-name-validator set size:undefined disposed:false
212 silly fetch manifest is-potential-custom-element-name@^1.0.1
213 silly packumentCache full:https://registry.npmjs.org/is-potential-custom-element-name cache-miss
214 http fetch GET 200 https://registry.npmjs.org/rrweb-cssom 230ms (cache miss)
215 silly packumentCache full:https://registry.npmjs.org/rrweb-cssom set size:undefined disposed:false
216 silly fetch manifest esbuild@~0.27.0
217 silly packumentCache full:https://registry.npmjs.org/esbuild cache-miss
218 http cache https://registry.npmjs.org/esbuild 6ms (cache hit)
219 silly packumentCache full:https://registry.npmjs.org/esbuild set size:1254708 disposed:false
220 silly fetch manifest chai@^4.3.10
221 silly packumentCache full:https://registry.npmjs.org/chai cache-miss
222 http fetch GET 200 https://registry.npmjs.org/symbol-tree 227ms (cache miss)
223 silly packumentCache full:https://registry.npmjs.org/symbol-tree set size:undefined disposed:false
224 silly fetch manifest vite@^5.0.0
225 silly packumentCache full:https://registry.npmjs.org/vite cache-miss
226 http cache https://registry.npmjs.org/vite 202ms (cache hit)
227 silly packumentCache full:https://registry.npmjs.org/vite set size:38805901 disposed:false
228 silly fetch manifest execa@^8.0.1
229 silly packumentCache full:https://registry.npmjs.org/execa cache-miss
230 http fetch GET 200 https://registry.npmjs.org/whatwg-encoding 831ms (cache miss)
231 silly packumentCache full:https://registry.npmjs.org/whatwg-encoding set size:undefined disposed:false
232 silly fetch manifest pathe@^1.1.1
233 silly packumentCache full:https://registry.npmjs.org/pathe cache-miss
234 http fetch GET 200 https://registry.npmjs.org/html-encoding-sniffer 676ms (cache miss)
235 silly packumentCache full:https://registry.npmjs.org/html-encoding-sniffer set size:undefined disposed:false
236 silly fetch manifest std-env@^3.5.0
237 silly packumentCache full:https://registry.npmjs.org/std-env cache-miss
238 http fetch GET 200 https://registry.npmjs.org/is-potential-custom-element-name 661ms (cache miss)
239 silly packumentCache full:https://registry.npmjs.org/is-potential-custom-element-name set size:undefined disposed:false
240 silly fetch manifest tinypool@^0.8.3
241 silly packumentCache full:https://registry.npmjs.org/tinypool cache-miss
242 http fetch GET 200 https://registry.npmjs.org/http-proxy-agent 751ms (cache miss)
243 silly packumentCache full:https://registry.npmjs.org/http-proxy-agent set size:undefined disposed:false
244 silly fetch manifest local-pkg@^0.5.0
245 silly packumentCache full:https://registry.npmjs.org/local-pkg cache-miss
246 http fetch GET 200 https://registry.npmjs.org/w3c-xmlserializer 721ms (cache miss)
247 silly packumentCache full:https://registry.npmjs.org/w3c-xmlserializer set size:undefined disposed:false
248 silly fetch manifest tinybench@^2.5.1
249 silly packumentCache full:https://registry.npmjs.org/tinybench cache-miss
250 http fetch GET 200 https://registry.npmjs.org/chai 648ms (cache miss)
251 silly packumentCache full:https://registry.npmjs.org/chai set size:undefined disposed:false
252 silly fetch manifest vite-node@1.6.1
253 silly packumentCache full:https://registry.npmjs.org/vite-node cache-miss
254 http fetch GET 200 https://registry.npmjs.org/execa 70ms (cache miss)
255 silly packumentCache full:https://registry.npmjs.org/execa set size:undefined disposed:false
256 silly fetch manifest acorn-walk@^8.3.2
257 silly packumentCache full:https://registry.npmjs.org/acorn-walk cache-miss
258 http fetch GET 200 https://registry.npmjs.org/pathe 58ms (cache miss)
259 silly packumentCache full:https://registry.npmjs.org/pathe set size:undefined disposed:false
260 silly fetch manifest @vitest/spy@1.6.1
261 silly packumentCache full:https://registry.npmjs.org/@vitest%2fspy cache-miss
262 http fetch GET 200 https://registry.npmjs.org/local-pkg 243ms (cache miss)
263 silly packumentCache full:https://registry.npmjs.org/local-pkg set size:undefined disposed:false
264 silly fetch manifest @vitest/utils@1.6.1
265 silly packumentCache full:https://registry.npmjs.org/@vitest%2futils cache-miss
266 http fetch GET 200 https://registry.npmjs.org/std-env 251ms (cache miss)
267 silly packumentCache full:https://registry.npmjs.org/std-env set size:undefined disposed:false
268 silly fetch manifest strip-literal@^2.0.0
269 silly packumentCache full:https://registry.npmjs.org/strip-literal cache-miss
270 http fetch GET 200 https://registry.npmjs.org/tinypool 273ms (cache miss)
271 silly packumentCache full:https://registry.npmjs.org/tinypool set size:undefined disposed:false
272 silly fetch manifest @vitest/expect@1.6.1
273 silly packumentCache full:https://registry.npmjs.org/@vitest%2fexpect cache-miss
274 http fetch GET 200 https://registry.npmjs.org/acorn-walk 240ms (cache miss)
275 silly packumentCache full:https://registry.npmjs.org/acorn-walk set size:undefined disposed:false
276 silly fetch manifest @vitest/runner@1.6.1
277 silly packumentCache full:https://registry.npmjs.org/@vitest%2frunner cache-miss
278 http fetch GET 200 https://registry.npmjs.org/tinybench 277ms (cache miss)
279 silly packumentCache full:https://registry.npmjs.org/tinybench set size:undefined disposed:false
280 silly fetch manifest @vitest/snapshot@1.6.1
281 silly packumentCache full:https://registry.npmjs.org/@vitest%2fsnapshot cache-miss
282 http fetch GET 200 https://registry.npmjs.org/vite-node 299ms (cache miss)
283 silly packumentCache full:https://registry.npmjs.org/vite-node set size:undefined disposed:false
284 silly fetch manifest why-is-node-running@^2.2.2
285 silly packumentCache full:https://registry.npmjs.org/why-is-node-running cache-miss
286 http fetch GET 200 https://registry.npmjs.org/strip-literal 239ms (cache miss)
287 silly packumentCache full:https://registry.npmjs.org/strip-literal set size:undefined disposed:false
288 http fetch GET 200 https://registry.npmjs.org/@vitest%2fexpect 277ms (cache miss)
289 silly packumentCache full:https://registry.npmjs.org/@vitest%2fexpect set size:undefined disposed:false
290 http fetch GET 200 https://registry.npmjs.org/@vitest%2fspy 507ms (cache miss)
291 silly packumentCache full:https://registry.npmjs.org/@vitest%2fspy set size:undefined disposed:false
292 http fetch GET 200 https://registry.npmjs.org/why-is-node-running 242ms (cache miss)
293 silly packumentCache full:https://registry.npmjs.org/why-is-node-running set size:undefined disposed:false
294 http fetch GET 200 https://registry.npmjs.org/@vitest%2fsnapshot 541ms (cache miss)
295 silly packumentCache full:https://registry.npmjs.org/@vitest%2fsnapshot set size:undefined disposed:false
296 http fetch GET 200 https://registry.npmjs.org/@vitest%2frunner 550ms (cache miss)
297 silly packumentCache full:https://registry.npmjs.org/@vitest%2frunner set size:undefined disposed:false
298 http fetch GET 200 https://registry.npmjs.org/@vitest%2futils 584ms (cache miss)
299 silly packumentCache full:https://registry.npmjs.org/@vitest%2futils set size:undefined disposed:false
300 silly fetch manifest @babel/core@^7.28.0
301 silly packumentCache full:https://registry.npmjs.org/@babel%2fcore cache-miss
302 http fetch GET 200 https://registry.npmjs.org/@babel%2fcore 298ms (cache miss)
303 silly packumentCache full:https://registry.npmjs.org/@babel%2fcore set size:undefined disposed:false
304 silly placeDep ROOT @babel/plugin-transform-react-jsx-self@7.27.1 OK for: @vitejs/plugin-react@4.7.0 want: ^7.27.1
305 silly placeDep ROOT @babel/plugin-transform-react-jsx-source@7.27.1 OK for: @vitejs/plugin-react@4.7.0 want: ^7.27.1
306 silly placeDep ROOT @rolldown/pluginutils@1.0.0-beta.27 OK for: @vitejs/plugin-react@4.7.0 want: 1.0.0-beta.27
307 silly placeDep ROOT @types/babel__core@7.20.5 OK for: @vitejs/plugin-react@4.7.0 want: ^7.20.5
308 silly placeDep ROOT react-refresh@0.17.0 OK for: @vitejs/plugin-react@4.7.0 want: ^0.17.0
309 silly fetch manifest @babel/helper-plugin-utils@^7.27.1
310 silly packumentCache full:https://registry.npmjs.org/@babel%2fhelper-plugin-utils cache-miss
311 silly fetch manifest @babel/helper-plugin-utils@^7.27.1
312 silly packumentCache full:https://registry.npmjs.org/@babel%2fhelper-plugin-utils cache-miss
313 silly fetch manifest @types/babel__template@*
314 silly packumentCache full:https://registry.npmjs.org/@types%2fbabel__template cache-miss
315 silly fetch manifest @types/babel__traverse@*
316 silly packumentCache full:https://registry.npmjs.org/@types%2fbabel__traverse cache-miss
317 silly fetch manifest @types/babel__generator@*
318 silly packumentCache full:https://registry.npmjs.org/@types%2fbabel__generator cache-miss
319 http fetch GET 200 https://registry.npmjs.org/@types%2fbabel__template 61ms (cache miss)
320 silly packumentCache full:https://registry.npmjs.org/@types%2fbabel__template set size:undefined disposed:false
321 http fetch GET 200 https://registry.npmjs.org/@babel%2fhelper-plugin-utils 67ms (cache miss)
322 silly packumentCache full:https://registry.npmjs.org/@babel%2fhelper-plugin-utils set size:undefined disposed:false
323 http fetch GET 200 https://registry.npmjs.org/@types%2fbabel__generator 69ms (cache miss)
324 silly packumentCache full:https://registry.npmjs.org/@types%2fbabel__generator set size:undefined disposed:false
325 http fetch GET 200 https://registry.npmjs.org/@babel%2fhelper-plugin-utils 71ms (cache miss)
326 silly packumentCache full:https://registry.npmjs.org/@babel%2fhelper-plugin-utils set size:undefined disposed:false
327 http fetch GET 200 https://registry.npmjs.org/@types%2fbabel__traverse 77ms (cache miss)
328 silly packumentCache full:https://registry.npmjs.org/@types%2fbabel__traverse set size:undefined disposed:false
329 silly placeDep ROOT @babel/helper-plugin-utils@7.28.6 OK for: @babel/plugin-transform-react-jsx-self@7.27.1 want: ^7.27.1
330 silly placeDep ROOT @types/babel__generator@7.27.0 OK for: @types/babel__core@7.20.5 want: *
331 silly placeDep ROOT @types/babel__template@7.4.4 OK for: @types/babel__core@7.20.5 want: *
332 silly placeDep ROOT @types/babel__traverse@7.28.0 OK for: @types/babel__core@7.20.5 want: *
333 silly placeDep ROOT cssstyle@4.6.0 OK for: jsdom@24.1.3 want: ^4.0.1
334 silly placeDep ROOT data-urls@5.0.0 OK for: jsdom@24.1.3 want: ^5.0.0
335 silly placeDep ROOT decimal.js@10.6.0 OK for: jsdom@24.1.3 want: ^10.4.3
336 silly placeDep ROOT form-data@4.0.5 OK for: jsdom@24.1.3 want: ^4.0.0
337 silly placeDep ROOT html-encoding-sniffer@4.0.0 OK for: jsdom@24.1.3 want: ^4.0.0
338 silly placeDep ROOT http-proxy-agent@7.0.2 OK for: jsdom@24.1.3 want: ^7.0.2
339 silly placeDep ROOT https-proxy-agent@7.0.6 OK for: jsdom@24.1.3 want: ^7.0.5
340 silly placeDep ROOT is-potential-custom-element-name@1.0.1 OK for: jsdom@24.1.3 want: ^1.0.1
341 silly placeDep ROOT nwsapi@2.2.23 OK for: jsdom@24.1.3 want: ^2.2.12
342 silly placeDep ROOT parse5@7.3.0 OK for: jsdom@24.1.3 want: ^7.1.2
343 silly placeDep ROOT rrweb-cssom@0.7.1 OK for: jsdom@24.1.3 want: ^0.7.1
344 silly placeDep ROOT saxes@6.0.0 OK for: jsdom@24.1.3 want: ^6.0.0
345 silly placeDep ROOT symbol-tree@3.2.4 OK for: jsdom@24.1.3 want: ^3.2.4
346 silly placeDep ROOT tough-cookie@4.1.4 OK for: jsdom@24.1.3 want: ^4.1.4
347 silly placeDep ROOT w3c-xmlserializer@5.0.0 OK for: jsdom@24.1.3 want: ^5.0.0
348 silly placeDep ROOT whatwg-encoding@3.1.1 OK for: jsdom@24.1.3 want: ^3.1.1
349 silly placeDep ROOT whatwg-mimetype@4.0.0 OK for: jsdom@24.1.3 want: ^4.0.0
350 silly placeDep ROOT xml-name-validator@5.0.0 OK for: jsdom@24.1.3 want: ^5.0.0
351 silly fetch manifest rrweb-cssom@^0.8.0
352 silly packumentCache full:https://registry.npmjs.org/rrweb-cssom cache-miss
353 silly fetch manifest @asamuzakjp/css-color@^3.2.0
354 silly packumentCache full:https://registry.npmjs.org/@asamuzakjp%2fcss-color cache-miss
355 silly fetch manifest asynckit@^0.4.0
356 silly packumentCache full:https://registry.npmjs.org/asynckit cache-miss
357 silly fetch manifest combined-stream@^1.0.8
358 silly packumentCache full:https://registry.npmjs.org/combined-stream cache-miss
359 silly fetch manifest mime-types@^2.1.12
360 silly packumentCache full:https://registry.npmjs.org/mime-types cache-miss
361 silly fetch manifest agent-base@^7.1.0
362 silly packumentCache full:https://registry.npmjs.org/agent-base cache-miss
363 silly fetch manifest agent-base@^7.1.2
364 silly packumentCache full:https://registry.npmjs.org/agent-base cache-miss
365 http cache https://registry.npmjs.org/rrweb-cssom 13ms (cache hit)
366 silly packumentCache full:https://registry.npmjs.org/rrweb-cssom set size:10104 disposed:false
367 silly fetch manifest entities@^6.0.0
368 silly packumentCache full:https://registry.npmjs.org/entities cache-miss
369 http fetch GET 200 https://registry.npmjs.org/mime-types 63ms (cache miss)
370 silly packumentCache full:https://registry.npmjs.org/mime-types set size:undefined disposed:false
371 silly fetch manifest xmlchars@^2.2.0
372 silly packumentCache full:https://registry.npmjs.org/xmlchars cache-miss
373 http fetch GET 200 https://registry.npmjs.org/agent-base 67ms (cache miss)
374 silly packumentCache full:https://registry.npmjs.org/agent-base set size:undefined disposed:false
375 silly fetch manifest psl@^1.1.33
376 silly packumentCache full:https://registry.npmjs.org/psl cache-miss
377 http fetch GET 200 https://registry.npmjs.org/agent-base 69ms (cache miss)
378 silly packumentCache full:https://registry.npmjs.org/agent-base set size:undefined disposed:false
379 silly fetch manifest url-parse@^1.5.3
380 silly packumentCache full:https://registry.npmjs.org/url-parse cache-miss
381 http fetch GET 200 https://registry.npmjs.org/url-parse 59ms (cache miss)
382 silly packumentCache full:https://registry.npmjs.org/url-parse set size:undefined disposed:false
383 silly fetch manifest universalify@^0.2.0
384 silly packumentCache full:https://registry.npmjs.org/universalify cache-miss
385 http fetch GET 200 https://registry.npmjs.org/universalify 51ms (cache miss)
386 silly packumentCache full:https://registry.npmjs.org/universalify set size:undefined disposed:false
387 silly fetch manifest iconv-lite@0.6.3
388 silly packumentCache full:https://registry.npmjs.org/iconv-lite cache-miss
389 http fetch GET 200 https://registry.npmjs.org/iconv-lite 55ms (cache miss)
390 silly packumentCache full:https://registry.npmjs.org/iconv-lite set size:undefined disposed:false
391 http fetch GET 200 https://registry.npmjs.org/entities 230ms (cache miss)
392 silly packumentCache full:https://registry.npmjs.org/entities set size:undefined disposed:false
393 http fetch GET 200 https://registry.npmjs.org/combined-stream 247ms (cache miss)
394 silly packumentCache full:https://registry.npmjs.org/combined-stream set size:undefined disposed:false
395 http fetch GET 200 https://registry.npmjs.org/xmlchars 229ms (cache miss)
396 silly packumentCache full:https://registry.npmjs.org/xmlchars set size:undefined disposed:false
397 http fetch GET 200 https://registry.npmjs.org/psl 227ms (cache miss)
398 silly packumentCache full:https://registry.npmjs.org/psl set size:undefined disposed:false
399 http fetch GET 200 https://registry.npmjs.org/@asamuzakjp%2fcss-color 607ms (cache miss)
400 silly packumentCache full:https://registry.npmjs.org/@asamuzakjp%2fcss-color set size:undefined disposed:false
401 http fetch GET 200 https://registry.npmjs.org/asynckit 649ms (cache miss)
402 silly packumentCache full:https://registry.npmjs.org/asynckit set size:undefined disposed:false
403 silly placeDep ROOT @asamuzakjp/css-color@3.2.0 OK for: cssstyle@4.6.0 want: ^3.2.0
404 silly placeDep node_modules/cssstyle rrweb-cssom@0.8.0 OK for: cssstyle@4.6.0 want: ^0.8.0
405 silly fetch manifest lru-cache@^10.4.3
406 silly packumentCache full:https://registry.npmjs.org/lru-cache cache-miss
407 silly fetch manifest @csstools/css-calc@^2.1.3
408 silly packumentCache full:https://registry.npmjs.org/@csstools%2fcss-calc cache-miss
409 silly fetch manifest @csstools/css-tokenizer@^3.0.3
410 silly packumentCache full:https://registry.npmjs.org/@csstools%2fcss-tokenizer cache-miss
411 silly fetch manifest @csstools/css-color-parser@^3.0.9
412 silly packumentCache full:https://registry.npmjs.org/@csstools%2fcss-color-parser cache-miss
413 silly fetch manifest @csstools/css-parser-algorithms@^3.0.4
414 silly packumentCache full:https://registry.npmjs.org/@csstools%2fcss-parser-algorithms cache-miss
415 http fetch GET 200 https://registry.npmjs.org/lru-cache 74ms (cache miss)
416 silly packumentCache full:https://registry.npmjs.org/lru-cache set size:undefined disposed:false
417 http fetch GET 200 https://registry.npmjs.org/@csstools%2fcss-tokenizer 421ms (cache miss)
418 silly packumentCache full:https://registry.npmjs.org/@csstools%2fcss-tokenizer set size:undefined disposed:false
419 http fetch GET 200 https://registry.npmjs.org/@csstools%2fcss-calc 422ms (cache miss)
420 silly packumentCache full:https://registry.npmjs.org/@csstools%2fcss-calc set size:undefined disposed:false
421 http fetch GET 200 https://registry.npmjs.org/@csstools%2fcss-parser-algorithms 424ms (cache miss)
422 silly packumentCache full:https://registry.npmjs.org/@csstools%2fcss-parser-algorithms set size:undefined disposed:false
423 http fetch GET 200 https://registry.npmjs.org/@csstools%2fcss-color-parser 452ms (cache miss)
424 silly packumentCache full:https://registry.npmjs.org/@csstools%2fcss-color-parser set size:undefined disposed:false
425 silly placeDep ROOT @csstools/css-calc@2.1.4 OK for: @asamuzakjp/css-color@3.2.0 want: ^2.1.3
426 silly placeDep ROOT @csstools/css-tokenizer@3.0.4 OK for: @csstools/css-calc@2.1.4 want: ^3.0.4
427 silly placeDep ROOT @csstools/css-parser-algorithms@3.0.5 OK for: @csstools/css-calc@2.1.4 want: ^3.0.5
428 silly placeDep ROOT @csstools/css-color-parser@3.1.0 OK for: @asamuzakjp/css-color@3.2.0 want: ^3.0.9
429 silly placeDep node_modules/@asamuzakjp/css-color lru-cache@10.4.3 OK for: @asamuzakjp/css-color@3.2.0 want: ^10.4.3
430 silly fetch manifest @csstools/color-helpers@^5.1.0
431 silly packumentCache full:https://registry.npmjs.org/@csstools%2fcolor-helpers cache-miss
432 http fetch GET 200 https://registry.npmjs.org/@csstools%2fcolor-helpers 809ms (cache miss)
433 silly packumentCache full:https://registry.npmjs.org/@csstools%2fcolor-helpers set size:undefined disposed:false
434 silly placeDep ROOT @csstools/color-helpers@5.1.0 OK for: @csstools/css-color-parser@3.1.0 want: ^5.1.0
435 silly placeDep ROOT asynckit@0.4.0 OK for: form-data@4.0.5 want: ^0.4.0
436 silly placeDep ROOT combined-stream@1.0.8 OK for: form-data@4.0.5 want: ^1.0.8
437 silly placeDep ROOT mime-types@2.1.35 OK for: form-data@4.0.5 want: ^2.1.12
438 silly fetch manifest delayed-stream@~1.0.0
439 silly packumentCache full:https://registry.npmjs.org/delayed-stream cache-miss
440 silly fetch manifest mime-db@1.52.0
441 silly packumentCache full:https://registry.npmjs.org/mime-db cache-miss
442 http fetch GET 200 https://registry.npmjs.org/mime-db 86ms (cache miss)
443 silly packumentCache full:https://registry.npmjs.org/mime-db set size:undefined disposed:false
444 http fetch GET 200 https://registry.npmjs.org/delayed-stream 279ms (cache miss)
445 silly packumentCache full:https://registry.npmjs.org/delayed-stream set size:undefined disposed:false
446 silly placeDep ROOT delayed-stream@1.0.0 OK for: combined-stream@1.0.8 want: ~1.0.0
447 silly placeDep ROOT agent-base@7.1.4 OK for: http-proxy-agent@7.0.2 want: ^7.1.0
448 silly placeDep ROOT mime-db@1.52.0 OK for: mime-types@2.1.35 want: 1.52.0
449 silly placeDep ROOT entities@6.0.1 OK for: parse5@7.3.0 want: ^6.0.0
450 silly placeDep ROOT xmlchars@2.2.0 OK for: saxes@6.0.0 want: ^2.2.0
451 silly placeDep ROOT psl@1.15.0 OK for: tough-cookie@4.1.4 want: ^1.1.33
452 silly placeDep ROOT universalify@0.2.0 OK for: tough-cookie@4.1.4 want: ^0.2.0
453 silly placeDep ROOT url-parse@1.5.10 OK for: tough-cookie@4.1.4 want: ^1.5.3
454 silly fetch manifest querystringify@^2.1.1
455 silly packumentCache full:https://registry.npmjs.org/querystringify cache-miss
456 silly fetch manifest requires-port@^1.0.0
457 silly packumentCache full:https://registry.npmjs.org/requires-port cache-miss
458 http fetch GET 200 https://registry.npmjs.org/querystringify 73ms (cache miss)
459 silly packumentCache full:https://registry.npmjs.org/querystringify set size:undefined disposed:false
460 http fetch GET 200 https://registry.npmjs.org/requires-port 99ms (cache miss)
461 silly packumentCache full:https://registry.npmjs.org/requires-port set size:undefined disposed:false
462 silly placeDep ROOT esbuild@0.27.7 OK for: tsx@4.21.0 want: ~0.27.0
463 silly placeDep ROOT fsevents@2.3.3 OK for: tsx@4.21.0 want: ~2.3.3
464 silly fetch manifest @esbuild/aix-ppc64@0.27.7
465 silly packumentCache full:https://registry.npmjs.org/@esbuild%2faix-ppc64 cache-miss
466 silly fetch manifest @esbuild/linux-arm@0.27.7
467 silly packumentCache full:https://registry.npmjs.org/@esbuild%2flinux-arm cache-miss
468 silly fetch manifest @esbuild/linux-x64@0.27.7
469 silly packumentCache full:https://registry.npmjs.org/@esbuild%2flinux-x64 cache-miss
470 silly fetch manifest @esbuild/sunos-x64@0.27.7
471 silly packumentCache full:https://registry.npmjs.org/@esbuild%2fsunos-x64 cache-miss
472 silly fetch manifest @esbuild/win32-x64@0.27.7
473 silly packumentCache full:https://registry.npmjs.org/@esbuild%2fwin32-x64 cache-miss
474 silly fetch manifest @esbuild/darwin-x64@0.27.7
475 silly packumentCache full:https://registry.npmjs.org/@esbuild%2fdarwin-x64 cache-miss
476 silly fetch manifest @esbuild/linux-ia32@0.27.7
477 silly packumentCache full:https://registry.npmjs.org/@esbuild%2flinux-ia32 cache-miss
478 http fetch GET 200 https://registry.npmjs.org/@esbuild%2fdarwin-x64 86ms (cache miss)
479 silly packumentCache full:https://registry.npmjs.org/@esbuild%2fdarwin-x64 set size:undefined disposed:false
480 silly fetch manifest @esbuild/netbsd-x64@0.27.7
481 silly packumentCache full:https://registry.npmjs.org/@esbuild%2fnetbsd-x64 cache-miss
482 http fetch GET 200 https://registry.npmjs.org/@esbuild%2fsunos-x64 94ms (cache miss)
483 silly packumentCache full:https://registry.npmjs.org/@esbuild%2fsunos-x64 set size:undefined disposed:false
484 silly fetch manifest @esbuild/win32-ia32@0.27.7
485 silly packumentCache full:https://registry.npmjs.org/@esbuild%2fwin32-ia32 cache-miss
486 http fetch GET 200 https://registry.npmjs.org/@esbuild%2fwin32-x64 101ms (cache miss)
487 silly packumentCache full:https://registry.npmjs.org/@esbuild%2fwin32-x64 set size:undefined disposed:false
488 silly fetch manifest @esbuild/android-arm@0.27.7
489 silly packumentCache full:https://registry.npmjs.org/@esbuild%2fandroid-arm cache-miss
490 http fetch GET 200 https://registry.npmjs.org/@esbuild%2faix-ppc64 112ms (cache miss)
491 silly packumentCache full:https://registry.npmjs.org/@esbuild%2faix-ppc64 set size:undefined disposed:false
492 silly fetch manifest @esbuild/android-x64@0.27.7
493 silly packumentCache full:https://registry.npmjs.org/@esbuild%2fandroid-x64 cache-miss
494 http fetch GET 200 https://registry.npmjs.org/@esbuild%2flinux-x64 117ms (cache miss)
495 silly packumentCache full:https://registry.npmjs.org/@esbuild%2flinux-x64 set size:undefined disposed:false
496 silly fetch manifest @esbuild/freebsd-x64@0.27.7
497 silly packumentCache full:https://registry.npmjs.org/@esbuild%2ffreebsd-x64 cache-miss
498 http fetch GET 200 https://registry.npmjs.org/@esbuild%2flinux-ia32 141ms (cache miss)
499 silly packumentCache full:https://registry.npmjs.org/@esbuild%2flinux-ia32 set size:undefined disposed:false
500 silly fetch manifest @esbuild/linux-arm64@0.27.7
501 silly packumentCache full:https://registry.npmjs.org/@esbuild%2flinux-arm64 cache-miss
502 http fetch GET 200 https://registry.npmjs.org/@esbuild%2fnetbsd-x64 81ms (cache miss)
503 silly packumentCache full:https://registry.npmjs.org/@esbuild%2fnetbsd-x64 set size:undefined disposed:false
504 silly fetch manifest @esbuild/linux-ppc64@0.27.7
505 silly packumentCache full:https://registry.npmjs.org/@esbuild%2flinux-ppc64 cache-miss
506 http fetch GET 200 https://registry.npmjs.org/@esbuild%2fandroid-arm 79ms (cache miss)
507 silly packumentCache full:https://registry.npmjs.org/@esbuild%2fandroid-arm set size:undefined disposed:false
508 silly fetch manifest @esbuild/linux-s390x@0.27.7
509 silly packumentCache full:https://registry.npmjs.org/@esbuild%2flinux-s390x cache-miss
510 http fetch GET 200 https://registry.npmjs.org/@esbuild%2fandroid-x64 80ms (cache miss)
511 silly packumentCache full:https://registry.npmjs.org/@esbuild%2fandroid-x64 set size:undefined disposed:false
512 silly fetch manifest @esbuild/openbsd-x64@0.27.7
513 silly packumentCache full:https://registry.npmjs.org/@esbuild%2fopenbsd-x64 cache-miss
514 http fetch GET 200 https://registry.npmjs.org/@esbuild%2ffreebsd-x64 125ms (cache miss)
515 silly packumentCache full:https://registry.npmjs.org/@esbuild%2ffreebsd-x64 set size:undefined disposed:false
516 silly fetch manifest @esbuild/win32-arm64@0.27.7
517 silly packumentCache full:https://registry.npmjs.org/@esbuild%2fwin32-arm64 cache-miss
518 http fetch GET 200 https://registry.npmjs.org/@esbuild%2flinux-ppc64 71ms (cache miss)
519 silly packumentCache full:https://registry.npmjs.org/@esbuild%2flinux-ppc64 set size:undefined disposed:false
520 silly fetch manifest @esbuild/darwin-arm64@0.27.7
521 silly packumentCache full:https://registry.npmjs.org/@esbuild%2fdarwin-arm64 cache-miss
522 http fetch GET 200 https://registry.npmjs.org/@esbuild%2fwin32-ia32 152ms (cache miss)
523 silly packumentCache full:https://registry.npmjs.org/@esbuild%2fwin32-ia32 set size:undefined disposed:false
524 silly fetch manifest @esbuild/netbsd-arm64@0.27.7
525 silly packumentCache full:https://registry.npmjs.org/@esbuild%2fnetbsd-arm64 cache-miss
526 http fetch GET 200 https://registry.npmjs.org/@esbuild%2flinux-arm 252ms (cache miss)
527 silly packumentCache full:https://registry.npmjs.org/@esbuild%2flinux-arm set size:undefined disposed:false
528 silly fetch manifest @esbuild/android-arm64@0.27.7
529 silly packumentCache full:https://registry.npmjs.org/@esbuild%2fandroid-arm64 cache-miss
530 http fetch GET 200 https://registry.npmjs.org/@esbuild%2flinux-arm64 125ms (cache miss)
531 silly packumentCache full:https://registry.npmjs.org/@esbuild%2flinux-arm64 set size:undefined disposed:false
532 silly fetch manifest @esbuild/freebsd-arm64@0.27.7
533 silly packumentCache full:https://registry.npmjs.org/@esbuild%2ffreebsd-arm64 cache-miss
534 http fetch GET 200 https://registry.npmjs.org/@esbuild%2fopenbsd-x64 106ms (cache miss)
535 silly packumentCache full:https://registry.npmjs.org/@esbuild%2fopenbsd-x64 set size:undefined disposed:false
536 silly fetch manifest @esbuild/linux-loong64@0.27.7
537 silly packumentCache full:https://registry.npmjs.org/@esbuild%2flinux-loong64 cache-miss
538 http fetch GET 200 https://registry.npmjs.org/@esbuild%2fnetbsd-arm64 85ms (cache miss)
539 silly packumentCache full:https://registry.npmjs.org/@esbuild%2fnetbsd-arm64 set size:undefined disposed:false
540 silly fetch manifest @esbuild/linux-riscv64@0.27.7
541 silly packumentCache full:https://registry.npmjs.org/@esbuild%2flinux-riscv64 cache-miss
542 http fetch GET 200 https://registry.npmjs.org/@esbuild%2fandroid-arm64 83ms (cache miss)
543 silly packumentCache full:https://registry.npmjs.org/@esbuild%2fandroid-arm64 set size:undefined disposed:false
544 silly fetch manifest @esbuild/openbsd-arm64@0.27.7
545 silly packumentCache full:https://registry.npmjs.org/@esbuild%2fopenbsd-arm64 cache-miss
546 http fetch GET 200 https://registry.npmjs.org/@esbuild%2flinux-s390x 149ms (cache miss)
547 silly packumentCache full:https://registry.npmjs.org/@esbuild%2flinux-s390x set size:undefined disposed:false
548 silly fetch manifest @esbuild/linux-mips64el@0.27.7
549 silly packumentCache full:https://registry.npmjs.org/@esbuild%2flinux-mips64el cache-miss
550 http fetch GET 200 https://registry.npmjs.org/@esbuild%2ffreebsd-arm64 102ms (cache miss)
551 silly packumentCache full:https://registry.npmjs.org/@esbuild%2ffreebsd-arm64 set size:undefined disposed:false
552 silly fetch manifest @esbuild/openharmony-arm64@0.27.7
553 silly packumentCache full:https://registry.npmjs.org/@esbuild%2fopenharmony-arm64 cache-miss
554 http fetch GET 200 https://registry.npmjs.org/@esbuild%2flinux-loong64 79ms (cache miss)
555 silly packumentCache full:https://registry.npmjs.org/@esbuild%2flinux-loong64 set size:undefined disposed:false
556 http fetch GET 200 https://registry.npmjs.org/@esbuild%2fopenbsd-arm64 112ms (cache miss)
557 silly packumentCache full:https://registry.npmjs.org/@esbuild%2fopenbsd-arm64 set size:undefined disposed:false
558 http fetch GET 200 https://registry.npmjs.org/@esbuild%2fopenharmony-arm64 88ms (cache miss)
559 silly packumentCache full:https://registry.npmjs.org/@esbuild%2fopenharmony-arm64 set size:undefined disposed:false
560 http fetch GET 200 https://registry.npmjs.org/@esbuild%2flinux-mips64el 121ms (cache miss)
561 silly packumentCache full:https://registry.npmjs.org/@esbuild%2flinux-mips64el set size:undefined disposed:false
562 http fetch GET 200 https://registry.npmjs.org/@esbuild%2flinux-riscv64 135ms (cache miss)
563 silly packumentCache full:https://registry.npmjs.org/@esbuild%2flinux-riscv64 set size:undefined disposed:false
564 http fetch GET 200 https://registry.npmjs.org/@esbuild%2fdarwin-arm64 281ms (cache miss)
565 silly packumentCache full:https://registry.npmjs.org/@esbuild%2fdarwin-arm64 set size:undefined disposed:false
566 http fetch GET 200 https://registry.npmjs.org/@esbuild%2fwin32-arm64 292ms (cache miss)
567 silly packumentCache full:https://registry.npmjs.org/@esbuild%2fwin32-arm64 set size:undefined disposed:false
568 silly placeDep ROOT @esbuild/aix-ppc64@0.27.7 OK for: esbuild@0.27.7 want: 0.27.7
569 silly placeDep ROOT @esbuild/android-arm@0.27.7 OK for: esbuild@0.27.7 want: 0.27.7
570 silly placeDep ROOT @esbuild/android-arm64@0.27.7 OK for: esbuild@0.27.7 want: 0.27.7
571 silly placeDep ROOT @esbuild/android-x64@0.27.7 OK for: esbuild@0.27.7 want: 0.27.7
572 silly placeDep ROOT @esbuild/darwin-arm64@0.27.7 OK for: esbuild@0.27.7 want: 0.27.7
573 silly placeDep ROOT @esbuild/darwin-x64@0.27.7 OK for: esbuild@0.27.7 want: 0.27.7
574 silly placeDep ROOT @esbuild/freebsd-arm64@0.27.7 OK for: esbuild@0.27.7 want: 0.27.7
575 silly placeDep ROOT @esbuild/freebsd-x64@0.27.7 OK for: esbuild@0.27.7 want: 0.27.7
576 silly placeDep ROOT @esbuild/linux-arm@0.27.7 OK for: esbuild@0.27.7 want: 0.27.7
577 silly placeDep ROOT @esbuild/linux-arm64@0.27.7 OK for: esbuild@0.27.7 want: 0.27.7
578 silly placeDep ROOT @esbuild/linux-ia32@0.27.7 OK for: esbuild@0.27.7 want: 0.27.7
579 silly placeDep ROOT @esbuild/linux-loong64@0.27.7 OK for: esbuild@0.27.7 want: 0.27.7
580 silly placeDep ROOT @esbuild/linux-mips64el@0.27.7 OK for: esbuild@0.27.7 want: 0.27.7
581 silly placeDep ROOT @esbuild/linux-ppc64@0.27.7 OK for: esbuild@0.27.7 want: 0.27.7
582 silly placeDep ROOT @esbuild/linux-riscv64@0.27.7 OK for: esbuild@0.27.7 want: 0.27.7
583 silly placeDep ROOT @esbuild/linux-s390x@0.27.7 OK for: esbuild@0.27.7 want: 0.27.7
584 silly placeDep ROOT @esbuild/linux-x64@0.27.7 OK for: esbuild@0.27.7 want: 0.27.7
585 silly placeDep ROOT @esbuild/netbsd-arm64@0.27.7 OK for: esbuild@0.27.7 want: 0.27.7
586 silly placeDep ROOT @esbuild/netbsd-x64@0.27.7 OK for: esbuild@0.27.7 want: 0.27.7
587 silly placeDep ROOT @esbuild/openbsd-arm64@0.27.7 OK for: esbuild@0.27.7 want: 0.27.7
588 silly placeDep ROOT @esbuild/openbsd-x64@0.27.7 OK for: esbuild@0.27.7 want: 0.27.7
589 silly placeDep ROOT @esbuild/openharmony-arm64@0.27.7 OK for: esbuild@0.27.7 want: 0.27.7
590 silly placeDep ROOT @esbuild/sunos-x64@0.27.7 OK for: esbuild@0.27.7 want: 0.27.7
591 silly placeDep ROOT @esbuild/win32-arm64@0.27.7 OK for: esbuild@0.27.7 want: 0.27.7
592 silly placeDep ROOT @esbuild/win32-ia32@0.27.7 OK for: esbuild@0.27.7 want: 0.27.7
593 silly placeDep ROOT @esbuild/win32-x64@0.27.7 OK for: esbuild@0.27.7 want: 0.27.7
594 silly placeDep ROOT querystringify@2.2.0 OK for: url-parse@1.5.10 want: ^2.1.1
595 silly placeDep ROOT requires-port@1.0.0 OK for: url-parse@1.5.10 want: ^1.0.0
596 silly placeDep node_modules/vite fdir@6.5.0 OK for: vite@7.3.2 want: ^6.5.0
597 silly placeDep node_modules/vite picomatch@4.0.4 OK for: fdir@6.5.0 want: ^3 || ^4
598 silly placeDep ROOT rollup@4.60.2 OK for: vite@7.3.2 want: ^4.43.0
599 silly fetch manifest @rollup/rollup-darwin-arm64@4.60.2
600 silly packumentCache full:https://registry.npmjs.org/@rollup%2frollup-darwin-arm64 cache-miss
601 silly fetch manifest @rollup/rollup-android-arm64@4.60.2
602 silly packumentCache full:https://registry.npmjs.org/@rollup%2frollup-android-arm64 cache-miss
603 silly fetch manifest @rollup/rollup-win32-arm64-msvc@4.60.2
604 silly packumentCache full:https://registry.npmjs.org/@rollup%2frollup-win32-arm64-msvc cache-miss
605 silly fetch manifest @rollup/rollup-freebsd-arm64@4.60.2
606 silly packumentCache full:https://registry.npmjs.org/@rollup%2frollup-freebsd-arm64 cache-miss
607 silly fetch manifest @rollup/rollup-linux-arm64-gnu@4.60.2
608 silly packumentCache full:https://registry.npmjs.org/@rollup%2frollup-linux-arm64-gnu cache-miss
609 silly fetch manifest @rollup/rollup-linux-arm64-musl@4.60.2
610 silly packumentCache full:https://registry.npmjs.org/@rollup%2frollup-linux-arm64-musl cache-miss
611 silly fetch manifest @rollup/rollup-android-arm-eabi@4.60.2
612 silly packumentCache full:https://registry.npmjs.org/@rollup%2frollup-android-arm-eabi cache-miss
613 http fetch GET 200 https://registry.npmjs.org/@rollup%2frollup-freebsd-arm64 74ms (cache miss)
614 silly packumentCache full:https://registry.npmjs.org/@rollup%2frollup-freebsd-arm64 set size:undefined disposed:false
615 silly fetch manifest @rollup/rollup-linux-arm-gnueabihf@4.60.2
616 silly packumentCache full:https://registry.npmjs.org/@rollup%2frollup-linux-arm-gnueabihf cache-miss
617 http fetch GET 200 https://registry.npmjs.org/@rollup%2frollup-darwin-arm64 82ms (cache miss)
618 silly packumentCache full:https://registry.npmjs.org/@rollup%2frollup-darwin-arm64 set size:undefined disposed:false
619 silly fetch manifest @rollup/rollup-linux-arm-musleabihf@4.60.2
620 silly packumentCache full:https://registry.npmjs.org/@rollup%2frollup-linux-arm-musleabihf cache-miss
621 http fetch GET 200 https://registry.npmjs.org/@rollup%2frollup-win32-arm64-msvc 89ms (cache miss)
622 silly packumentCache full:https://registry.npmjs.org/@rollup%2frollup-win32-arm64-msvc set size:undefined disposed:false
623 silly fetch manifest @rollup/rollup-win32-ia32-msvc@4.60.2
624 silly packumentCache full:https://registry.npmjs.org/@rollup%2frollup-win32-ia32-msvc cache-miss
625 http fetch GET 200 https://registry.npmjs.org/@rollup%2frollup-linux-arm64-gnu 96ms (cache miss)
626 silly packumentCache full:https://registry.npmjs.org/@rollup%2frollup-linux-arm64-gnu set size:undefined disposed:false
627 silly fetch manifest @rollup/rollup-linux-loong64-gnu@4.60.2
628 silly packumentCache full:https://registry.npmjs.org/@rollup%2frollup-linux-loong64-gnu cache-miss
629 http fetch GET 200 https://registry.npmjs.org/@rollup%2frollup-linux-arm64-musl 103ms (cache miss)
630 silly packumentCache full:https://registry.npmjs.org/@rollup%2frollup-linux-arm64-musl set size:undefined disposed:false
631 silly fetch manifest @rollup/rollup-linux-loong64-musl@4.60.2
632 silly packumentCache full:https://registry.npmjs.org/@rollup%2frollup-linux-loong64-musl cache-miss
633 http fetch GET 200 https://registry.npmjs.org/@rollup%2frollup-android-arm64 115ms (cache miss)
634 silly packumentCache full:https://registry.npmjs.org/@rollup%2frollup-android-arm64 set size:undefined disposed:false
635 silly fetch manifest @rollup/rollup-linux-riscv64-gnu@4.60.2
636 silly packumentCache full:https://registry.npmjs.org/@rollup%2frollup-linux-riscv64-gnu cache-miss
637 http fetch GET 200 https://registry.npmjs.org/@rollup%2frollup-android-arm-eabi 122ms (cache miss)
638 silly packumentCache full:https://registry.npmjs.org/@rollup%2frollup-android-arm-eabi set size:undefined disposed:false
639 silly fetch manifest @rollup/rollup-linux-riscv64-musl@4.60.2
640 silly packumentCache full:https://registry.npmjs.org/@rollup%2frollup-linux-riscv64-musl cache-miss
641 http fetch GET 200 https://registry.npmjs.org/@rollup%2frollup-linux-arm-gnueabihf 79ms (cache miss)
642 silly packumentCache full:https://registry.npmjs.org/@rollup%2frollup-linux-arm-gnueabihf set size:undefined disposed:false
643 silly fetch manifest @rollup/rollup-linux-ppc64-gnu@4.60.2
644 silly packumentCache full:https://registry.npmjs.org/@rollup%2frollup-linux-ppc64-gnu cache-miss
645 http fetch GET 200 https://registry.npmjs.org/@rollup%2frollup-linux-arm-musleabihf 78ms (cache miss)
646 silly packumentCache full:https://registry.npmjs.org/@rollup%2frollup-linux-arm-musleabihf set size:undefined disposed:false
647 silly fetch manifest @rollup/rollup-linux-ppc64-musl@4.60.2
648 silly packumentCache full:https://registry.npmjs.org/@rollup%2frollup-linux-ppc64-musl cache-miss
649 http fetch GET 200 https://registry.npmjs.org/@rollup%2frollup-linux-loong64-gnu 76ms (cache miss)
650 silly packumentCache full:https://registry.npmjs.org/@rollup%2frollup-linux-loong64-gnu set size:undefined disposed:false
651 silly fetch manifest @rollup/rollup-linux-s390x-gnu@4.60.2
652 silly packumentCache full:https://registry.npmjs.org/@rollup%2frollup-linux-s390x-gnu cache-miss
653 http fetch GET 200 https://registry.npmjs.org/@rollup%2frollup-linux-loong64-musl 76ms (cache miss)
654 silly packumentCache full:https://registry.npmjs.org/@rollup%2frollup-linux-loong64-musl set size:undefined disposed:false
655 silly fetch manifest @rollup/rollup-darwin-x64@4.60.2
656 silly packumentCache full:https://registry.npmjs.org/@rollup%2frollup-darwin-x64 cache-miss
657 http fetch GET 200 https://registry.npmjs.org/@rollup%2frollup-linux-riscv64-musl 89ms (cache miss)
658 silly packumentCache full:https://registry.npmjs.org/@rollup%2frollup-linux-riscv64-musl set size:undefined disposed:false
659 silly fetch manifest @rollup/rollup-win32-x64-gnu@4.60.2
660 silly packumentCache full:https://registry.npmjs.org/@rollup%2frollup-win32-x64-gnu cache-miss
661 http fetch GET 200 https://registry.npmjs.org/@rollup%2frollup-win32-ia32-msvc 151ms (cache miss)
662 silly packumentCache full:https://registry.npmjs.org/@rollup%2frollup-win32-ia32-msvc set size:undefined disposed:false
663 silly fetch manifest @rollup/rollup-win32-x64-msvc@4.60.2
664 silly packumentCache full:https://registry.npmjs.org/@rollup%2frollup-win32-x64-msvc cache-miss
665 http fetch GET 200 https://registry.npmjs.org/@rollup%2frollup-linux-ppc64-gnu 110ms (cache miss)
666 silly packumentCache full:https://registry.npmjs.org/@rollup%2frollup-linux-ppc64-gnu set size:undefined disposed:false
667 silly fetch manifest @rollup/rollup-freebsd-x64@4.60.2
668 silly packumentCache full:https://registry.npmjs.org/@rollup%2frollup-freebsd-x64 cache-miss
669 http fetch GET 200 https://registry.npmjs.org/@rollup%2frollup-linux-riscv64-gnu 160ms (cache miss)
670 silly packumentCache full:https://registry.npmjs.org/@rollup%2frollup-linux-riscv64-gnu set size:undefined disposed:false
671 silly fetch manifest @rollup/rollup-linux-x64-gnu@4.60.2
672 silly packumentCache full:https://registry.npmjs.org/@rollup%2frollup-linux-x64-gnu cache-miss
673 http fetch GET 200 https://registry.npmjs.org/@rollup%2frollup-darwin-x64 108ms (cache miss)
674 silly packumentCache full:https://registry.npmjs.org/@rollup%2frollup-darwin-x64 set size:undefined disposed:false
675 silly fetch manifest @rollup/rollup-linux-x64-musl@4.60.2
676 silly packumentCache full:https://registry.npmjs.org/@rollup%2frollup-linux-x64-musl cache-miss
677 http fetch GET 200 https://registry.npmjs.org/@rollup%2frollup-linux-s390x-gnu 129ms (cache miss)
678 silly packumentCache full:https://registry.npmjs.org/@rollup%2frollup-linux-s390x-gnu set size:undefined disposed:false
679 silly fetch manifest @rollup/rollup-openbsd-x64@4.60.2
680 silly packumentCache full:https://registry.npmjs.org/@rollup%2frollup-openbsd-x64 cache-miss
681 http fetch GET 200 https://registry.npmjs.org/@rollup%2frollup-win32-x64-gnu 160ms (cache miss)
682 silly packumentCache full:https://registry.npmjs.org/@rollup%2frollup-win32-x64-gnu set size:undefined disposed:false
683 silly fetch manifest @rollup/rollup-openharmony-arm64@4.60.2
684 silly packumentCache full:https://registry.npmjs.org/@rollup%2frollup-openharmony-arm64 cache-miss
685 http fetch GET 200 https://registry.npmjs.org/@rollup%2frollup-win32-x64-msvc 144ms (cache miss)
686 silly packumentCache full:https://registry.npmjs.org/@rollup%2frollup-win32-x64-msvc set size:undefined disposed:false
687 http fetch GET 200 https://registry.npmjs.org/@rollup%2frollup-freebsd-x64 127ms (cache miss)
688 silly packumentCache full:https://registry.npmjs.org/@rollup%2frollup-freebsd-x64 set size:undefined disposed:false
689 http fetch GET 200 https://registry.npmjs.org/@rollup%2frollup-openbsd-x64 81ms (cache miss)
690 silly packumentCache full:https://registry.npmjs.org/@rollup%2frollup-openbsd-x64 set size:undefined disposed:false
691 http fetch GET 200 https://registry.npmjs.org/@rollup%2frollup-linux-x64-musl 104ms (cache miss)
692 silly packumentCache full:https://registry.npmjs.org/@rollup%2frollup-linux-x64-musl set size:undefined disposed:false
693 http fetch GET 200 https://registry.npmjs.org/@rollup%2frollup-linux-x64-gnu 124ms (cache miss)
694 silly packumentCache full:https://registry.npmjs.org/@rollup%2frollup-linux-x64-gnu set size:undefined disposed:false
695 http fetch GET 200 https://registry.npmjs.org/@rollup%2frollup-linux-ppc64-musl 265ms (cache miss)
696 silly packumentCache full:https://registry.npmjs.org/@rollup%2frollup-linux-ppc64-musl set size:undefined disposed:false
697 http fetch GET 200 https://registry.npmjs.org/@rollup%2frollup-openharmony-arm64 111ms (cache miss)
698 silly packumentCache full:https://registry.npmjs.org/@rollup%2frollup-openharmony-arm64 set size:undefined disposed:false
699 silly placeDep ROOT @rollup/rollup-android-arm-eabi@4.60.2 OK for: rollup@4.60.2 want: 4.60.2
700 silly placeDep ROOT @rollup/rollup-android-arm64@4.60.2 OK for: rollup@4.60.2 want: 4.60.2
701 silly placeDep ROOT @rollup/rollup-darwin-arm64@4.60.2 OK for: rollup@4.60.2 want: 4.60.2
702 silly placeDep ROOT @rollup/rollup-darwin-x64@4.60.2 OK for: rollup@4.60.2 want: 4.60.2
703 silly placeDep ROOT @rollup/rollup-freebsd-arm64@4.60.2 OK for: rollup@4.60.2 want: 4.60.2
704 silly placeDep ROOT @rollup/rollup-freebsd-x64@4.60.2 OK for: rollup@4.60.2 want: 4.60.2
705 silly placeDep ROOT @rollup/rollup-linux-arm-gnueabihf@4.60.2 OK for: rollup@4.60.2 want: 4.60.2
706 silly placeDep ROOT @rollup/rollup-linux-arm-musleabihf@4.60.2 OK for: rollup@4.60.2 want: 4.60.2
707 silly placeDep ROOT @rollup/rollup-linux-arm64-gnu@4.60.2 OK for: rollup@4.60.2 want: 4.60.2
708 silly placeDep ROOT @rollup/rollup-linux-arm64-musl@4.60.2 OK for: rollup@4.60.2 want: 4.60.2
709 silly placeDep ROOT @rollup/rollup-linux-loong64-gnu@4.60.2 OK for: rollup@4.60.2 want: 4.60.2
710 silly placeDep ROOT @rollup/rollup-linux-loong64-musl@4.60.2 OK for: rollup@4.60.2 want: 4.60.2
711 silly placeDep ROOT @rollup/rollup-linux-ppc64-gnu@4.60.2 OK for: rollup@4.60.2 want: 4.60.2
712 silly placeDep ROOT @rollup/rollup-linux-ppc64-musl@4.60.2 OK for: rollup@4.60.2 want: 4.60.2
713 silly placeDep ROOT @rollup/rollup-linux-riscv64-gnu@4.60.2 OK for: rollup@4.60.2 want: 4.60.2
714 silly placeDep ROOT @rollup/rollup-linux-riscv64-musl@4.60.2 OK for: rollup@4.60.2 want: 4.60.2
715 silly placeDep ROOT @rollup/rollup-linux-s390x-gnu@4.60.2 OK for: rollup@4.60.2 want: 4.60.2
716 silly placeDep ROOT @rollup/rollup-linux-x64-gnu@4.60.2 OK for: rollup@4.60.2 want: 4.60.2
717 silly placeDep ROOT @rollup/rollup-linux-x64-musl@4.60.2 OK for: rollup@4.60.2 want: 4.60.2
718 silly placeDep ROOT @rollup/rollup-openbsd-x64@4.60.2 OK for: rollup@4.60.2 want: 4.60.2
719 silly placeDep ROOT @rollup/rollup-openharmony-arm64@4.60.2 OK for: rollup@4.60.2 want: 4.60.2
720 silly placeDep ROOT @rollup/rollup-win32-arm64-msvc@4.60.2 OK for: rollup@4.60.2 want: 4.60.2
721 silly placeDep ROOT @rollup/rollup-win32-ia32-msvc@4.60.2 OK for: rollup@4.60.2 want: 4.60.2
722 silly placeDep ROOT @rollup/rollup-win32-x64-gnu@4.60.2 OK for: rollup@4.60.2 want: 4.60.2
723 silly placeDep ROOT @rollup/rollup-win32-x64-msvc@4.60.2 OK for: rollup@4.60.2 want: 4.60.2
724 silly fetch manifest @types/node@^18.0.0 || >=20.0.0
725 silly packumentCache full:https://registry.npmjs.org/@types%2fnode cache-miss
726 http cache https://registry.npmjs.org/@types%2fnode 73ms (cache hit)
727 silly packumentCache full:https://registry.npmjs.org/@types%2fnode set size:10972342 disposed:false
728 silly fetch manifest less@*
729 silly packumentCache full:https://registry.npmjs.org/less cache-miss
730 http cache https://registry.npmjs.org/less 402ms (cache hit)
731 silly packumentCache full:https://registry.npmjs.org/less set size:461684 disposed:false
732 silly fetch manifest sass@*
733 silly packumentCache full:https://registry.npmjs.org/sass cache-miss
734 http cache https://registry.npmjs.org/sass 49ms (cache hit)
735 silly packumentCache full:https://registry.npmjs.org/sass set size:726244 disposed:false
736 silly fetch manifest sass-embedded@*
737 silly packumentCache full:https://registry.npmjs.org/sass-embedded cache-miss
738 http cache https://registry.npmjs.org/sass-embedded 6ms (cache hit)
739 silly packumentCache full:https://registry.npmjs.org/sass-embedded set size:415594 disposed:false
740 silly fetch manifest stylus@*
741 silly packumentCache full:https://registry.npmjs.org/stylus cache-miss
742 http cache https://registry.npmjs.org/stylus 9ms (cache hit)
743 silly packumentCache full:https://registry.npmjs.org/stylus set size:286766 disposed:false
744 silly fetch manifest sugarss@*
745 silly packumentCache full:https://registry.npmjs.org/sugarss cache-miss
746 http cache https://registry.npmjs.org/sugarss 18ms (cache hit)
747 silly packumentCache full:https://registry.npmjs.org/sugarss set size:44975 disposed:false
748 silly fetch manifest terser@^5.4.0
749 silly packumentCache full:https://registry.npmjs.org/terser cache-miss
750 http cache https://registry.npmjs.org/terser 82ms (cache hit)
751 silly packumentCache full:https://registry.npmjs.org/terser set size:789927 disposed:false
752 silly placeDep ROOT @vitest/expect@1.6.1 OK for: vitest@1.6.1 want: 1.6.1
753 silly placeDep ROOT @vitest/runner@1.6.1 OK for: vitest@1.6.1 want: 1.6.1
754 silly placeDep ROOT @vitest/snapshot@1.6.1 OK for: vitest@1.6.1 want: 1.6.1
755 silly placeDep ROOT @vitest/spy@1.6.1 OK for: vitest@1.6.1 want: 1.6.1
756 silly placeDep ROOT @vitest/utils@1.6.1 OK for: vitest@1.6.1 want: 1.6.1
757 silly placeDep ROOT acorn-walk@8.3.5 OK for: vitest@1.6.1 want: ^8.3.2
758 silly placeDep ROOT chai@4.5.0 OK for: vitest@1.6.1 want: ^4.3.10
759 silly placeDep ROOT execa@8.0.1 OK for: vitest@1.6.1 want: ^8.0.1
760 silly placeDep ROOT local-pkg@0.5.1 OK for: vitest@1.6.1 want: ^0.5.0
761 silly placeDep ROOT pathe@1.1.2 OK for: vitest@1.6.1 want: ^1.1.1
762 silly placeDep ROOT std-env@3.10.0 OK for: vitest@1.6.1 want: ^3.5.0
763 silly placeDep ROOT strip-literal@2.1.1 OK for: vitest@1.6.1 want: ^2.0.0
764 silly placeDep ROOT tinybench@2.9.0 OK for: vitest@1.6.1 want: ^2.5.1
765 silly placeDep ROOT tinypool@0.8.4 OK for: vitest@1.6.1 want: ^0.8.3
766 silly placeDep node_modules/vitest vite@5.4.21 OK for: vitest@1.6.1 want: ^5.0.0
767 silly placeDep ROOT vite-node@1.6.1 OK for: vitest@1.6.1 want: 1.6.1
768 silly placeDep ROOT why-is-node-running@2.3.0 OK for: vitest@1.6.1 want: ^2.2.2
769 silly fetch manifest p-limit@^5.0.0
770 silly packumentCache full:https://registry.npmjs.org/p-limit cache-miss
771 silly fetch manifest pretty-format@^29.7.0
772 silly packumentCache full:https://registry.npmjs.org/pretty-format cache-miss
773 silly fetch manifest tinyspy@^2.2.0
774 silly packumentCache full:https://registry.npmjs.org/tinyspy cache-miss
775 silly fetch manifest loupe@^2.3.7
776 silly packumentCache full:https://registry.npmjs.org/loupe cache-miss
777 silly fetch manifest estree-walker@^3.0.3
778 silly packumentCache full:https://registry.npmjs.org/estree-walker cache-miss
779 silly fetch manifest pretty-format@^29.7.0
780 silly packumentCache full:https://registry.npmjs.org/pretty-format cache-miss
781 silly fetch manifest diff-sequences@^29.6.3
782 silly packumentCache full:https://registry.npmjs.org/diff-sequences cache-miss
783 http fetch GET 200 https://registry.npmjs.org/p-limit 69ms (cache miss)
784 silly packumentCache full:https://registry.npmjs.org/p-limit set size:undefined disposed:false
785 silly fetch manifest loupe@^2.3.6
786 silly packumentCache full:https://registry.npmjs.org/loupe cache-miss
787 http fetch GET 200 https://registry.npmjs.org/estree-walker 76ms (cache miss)
788 silly packumentCache full:https://registry.npmjs.org/estree-walker set size:undefined disposed:false
789 silly fetch manifest pathval@^1.1.1
790 silly packumentCache full:https://registry.npmjs.org/pathval cache-miss
791 http fetch GET 200 https://registry.npmjs.org/loupe 169ms (cache miss)
792 silly packumentCache full:https://registry.npmjs.org/loupe set size:undefined disposed:false
793 silly fetch manifest deep-eql@^4.1.3
794 silly packumentCache full:https://registry.npmjs.org/deep-eql cache-miss
795 http fetch GET 200 https://registry.npmjs.org/loupe 248ms (cache miss)
796 silly packumentCache full:https://registry.npmjs.org/loupe set size:undefined disposed:false
797 silly fetch manifest check-error@^1.0.3
798 silly packumentCache full:https://registry.npmjs.org/check-error cache-miss
799 http fetch GET 200 https://registry.npmjs.org/tinyspy 258ms (cache miss)
800 silly packumentCache full:https://registry.npmjs.org/tinyspy set size:undefined disposed:false
801 silly fetch manifest type-detect@^4.1.0
802 silly packumentCache full:https://registry.npmjs.org/type-detect cache-miss
803 http fetch GET 200 https://registry.npmjs.org/pretty-format 286ms (cache miss)
804 silly packumentCache full:https://registry.npmjs.org/pretty-format set size:undefined disposed:false
805 silly fetch manifest get-func-name@^2.0.2
806 silly packumentCache full:https://registry.npmjs.org/get-func-name cache-miss
807 http fetch GET 200 https://registry.npmjs.org/pretty-format 293ms (cache miss)
808 silly packumentCache full:https://registry.npmjs.org/pretty-format set size:undefined disposed:false
809 silly fetch manifest assertion-error@^1.1.0
810 silly packumentCache full:https://registry.npmjs.org/assertion-error cache-miss
811 http fetch GET 200 https://registry.npmjs.org/pathval 243ms (cache miss)
812 silly packumentCache full:https://registry.npmjs.org/pathval set size:undefined disposed:false
813 silly fetch manifest onetime@^6.0.0
814 silly packumentCache full:https://registry.npmjs.org/onetime cache-miss
815 http fetch GET 200 https://registry.npmjs.org/deep-eql 252ms (cache miss)
816 silly packumentCache full:https://registry.npmjs.org/deep-eql set size:undefined disposed:false
817 silly fetch manifest is-stream@^3.0.0
818 silly packumentCache full:https://registry.npmjs.org/is-stream cache-miss
819 http fetch GET 200 https://registry.npmjs.org/type-detect 242ms (cache miss)
820 silly packumentCache full:https://registry.npmjs.org/type-detect set size:undefined disposed:false
821 silly fetch manifest get-stream@^8.0.1
822 silly packumentCache full:https://registry.npmjs.org/get-stream cache-miss
823 http fetch GET 200 https://registry.npmjs.org/check-error 268ms (cache miss)
824 silly packumentCache full:https://registry.npmjs.org/check-error set size:undefined disposed:false
825 silly fetch manifest signal-exit@^4.1.0
826 silly packumentCache full:https://registry.npmjs.org/signal-exit cache-miss
827 http fetch GET 200 https://registry.npmjs.org/assertion-error 317ms (cache miss)
828 silly packumentCache full:https://registry.npmjs.org/assertion-error set size:undefined disposed:false
829 silly fetch manifest merge-stream@^2.0.0
830 silly packumentCache full:https://registry.npmjs.org/merge-stream cache-miss
831 http fetch GET 200 https://registry.npmjs.org/get-func-name 353ms (cache miss)
832 silly packumentCache full:https://registry.npmjs.org/get-func-name set size:undefined disposed:false
833 silly fetch manifest npm-run-path@^5.1.0
834 silly packumentCache full:https://registry.npmjs.org/npm-run-path cache-miss
835 http fetch GET 200 https://registry.npmjs.org/is-stream 167ms (cache miss)
836 silly packumentCache full:https://registry.npmjs.org/is-stream set size:undefined disposed:false
837 silly fetch manifest human-signals@^5.0.0
838 silly packumentCache full:https://registry.npmjs.org/human-signals cache-miss
839 http fetch GET 200 https://registry.npmjs.org/onetime 368ms (cache miss)
840 silly packumentCache full:https://registry.npmjs.org/onetime set size:undefined disposed:false
841 silly fetch manifest strip-final-newline@^3.0.0
842 silly packumentCache full:https://registry.npmjs.org/strip-final-newline cache-miss
843 http fetch GET 200 https://registry.npmjs.org/get-stream 295ms (cache miss)
844 silly packumentCache full:https://registry.npmjs.org/get-stream set size:undefined disposed:false
845 silly fetch manifest mlly@^1.7.3
846 silly packumentCache full:https://registry.npmjs.org/mlly cache-miss
847 http fetch GET 200 https://registry.npmjs.org/diff-sequences 817ms (cache miss)
848 silly packumentCache full:https://registry.npmjs.org/diff-sequences set size:undefined disposed:false
849 silly fetch manifest pkg-types@^1.2.1
850 silly packumentCache full:https://registry.npmjs.org/pkg-types cache-miss
851 http fetch GET 200 https://registry.npmjs.org/npm-run-path 288ms (cache miss)
852 silly packumentCache full:https://registry.npmjs.org/npm-run-path set size:undefined disposed:false
853 silly fetch manifest js-tokens@^9.0.1
854 silly packumentCache full:https://registry.npmjs.org/js-tokens cache-miss
855 http fetch GET 200 https://registry.npmjs.org/signal-exit 420ms (cache miss)
856 silly packumentCache full:https://registry.npmjs.org/signal-exit set size:undefined disposed:false
857 silly fetch manifest esbuild@^0.21.3
858 silly packumentCache full:https://registry.npmjs.org/esbuild cache-miss
859 http fetch GET 200 https://registry.npmjs.org/merge-stream 313ms (cache miss)
860 silly packumentCache full:https://registry.npmjs.org/merge-stream set size:undefined disposed:false
861 silly fetch manifest cac@^6.7.14
862 silly packumentCache full:https://registry.npmjs.org/cac cache-miss
863 http fetch GET 200 https://registry.npmjs.org/human-signals 423ms (cache miss)
864 silly packumentCache full:https://registry.npmjs.org/human-signals set size:undefined disposed:false
865 silly fetch manifest siginfo@^2.0.0
866 silly packumentCache full:https://registry.npmjs.org/siginfo cache-miss
867 http fetch GET 200 https://registry.npmjs.org/pkg-types 296ms (cache miss)
868 silly packumentCache full:https://registry.npmjs.org/pkg-types set size:undefined disposed:false
869 silly fetch manifest stackback@0.0.2
870 silly packumentCache full:https://registry.npmjs.org/stackback cache-miss
871 http cache https://registry.npmjs.org/esbuild 235ms (cache hit)
872 silly packumentCache full:https://registry.npmjs.org/esbuild set size:1254708 disposed:false
873 http fetch GET 200 https://registry.npmjs.org/js-tokens 271ms (cache miss)
874 silly packumentCache full:https://registry.npmjs.org/js-tokens set size:undefined disposed:false
875 http fetch GET 200 https://registry.npmjs.org/strip-final-newline 501ms (cache miss)
876 silly packumentCache full:https://registry.npmjs.org/strip-final-newline set size:undefined disposed:false
877 http fetch GET 200 https://registry.npmjs.org/mlly 416ms (cache miss)
878 silly packumentCache full:https://registry.npmjs.org/mlly set size:undefined disposed:false
879 http fetch GET 200 https://registry.npmjs.org/siginfo 146ms (cache miss)
880 silly packumentCache full:https://registry.npmjs.org/siginfo set size:undefined disposed:false
881 http fetch GET 200 https://registry.npmjs.org/cac 310ms (cache miss)
882 silly packumentCache full:https://registry.npmjs.org/cac set size:undefined disposed:false
883 http fetch GET 200 https://registry.npmjs.org/stackback 279ms (cache miss)
884 silly packumentCache full:https://registry.npmjs.org/stackback set size:undefined disposed:false
885 silly placeDep node_modules/@vitest/runner p-limit@5.0.0 OK for: @vitest/runner@1.6.1 want: ^5.0.0
886 silly fetch manifest yocto-queue@^1.0.0
887 silly packumentCache full:https://registry.npmjs.org/yocto-queue cache-miss
888 http fetch GET 200 https://registry.npmjs.org/yocto-queue 46ms (cache miss)
889 silly packumentCache full:https://registry.npmjs.org/yocto-queue set size:undefined disposed:false
890 silly placeDep ROOT pretty-format@29.7.0 OK for: @vitest/snapshot@1.6.1 want: ^29.7.0
891 silly fetch manifest react-is@^18.0.0
892 silly packumentCache full:https://registry.npmjs.org/react-is cache-miss
893 silly fetch manifest ansi-styles@^5.0.0
894 silly packumentCache full:https://registry.npmjs.org/ansi-styles cache-miss
895 silly fetch manifest @jest/schemas@^29.6.3
896 silly packumentCache full:https://registry.npmjs.org/@jest%2fschemas cache-miss
897 http fetch GET 200 https://registry.npmjs.org/ansi-styles 80ms (cache miss)
898 silly packumentCache full:https://registry.npmjs.org/ansi-styles set size:undefined disposed:false
899 http fetch GET 200 https://registry.npmjs.org/react-is 195ms (cache miss)
900 silly packumentCache full:https://registry.npmjs.org/react-is set size:undefined disposed:false
901 http fetch GET 200 https://registry.npmjs.org/@jest%2fschemas 851ms (cache miss)
902 silly packumentCache full:https://registry.npmjs.org/@jest%2fschemas set size:undefined disposed:false
903 silly placeDep ROOT tinyspy@2.2.1 OK for: @vitest/spy@1.6.1 want: ^2.2.0
904 silly placeDep ROOT diff-sequences@29.6.3 OK for: @vitest/utils@1.6.1 want: ^29.6.3
905 silly placeDep ROOT estree-walker@3.0.3 OK for: @vitest/utils@1.6.1 want: ^3.0.3
906 silly placeDep ROOT loupe@2.3.7 OK for: @vitest/utils@1.6.1 want: ^2.3.7
907 silly fetch manifest get-func-name@^2.0.1
908 silly packumentCache full:https://registry.npmjs.org/get-func-name cache-miss
909 http cache https://registry.npmjs.org/get-func-name 14ms (cache hit)
910 silly packumentCache full:https://registry.npmjs.org/get-func-name set size:19907 disposed:false
911 silly placeDep ROOT assertion-error@1.1.0 OK for: chai@4.5.0 want: ^1.1.0
912 silly placeDep ROOT check-error@1.0.3 OK for: chai@4.5.0 want: ^1.0.3
913 silly placeDep ROOT deep-eql@4.1.4 OK for: chai@4.5.0 want: ^4.1.3
914 silly placeDep ROOT get-func-name@2.0.2 OK for: chai@4.5.0 want: ^2.0.2
915 silly placeDep ROOT pathval@1.1.1 OK for: chai@4.5.0 want: ^1.1.1
916 silly placeDep ROOT type-detect@4.1.0 OK for: chai@4.5.0 want: ^4.1.0
917 silly fetch manifest type-detect@^4.0.0
918 silly packumentCache full:https://registry.npmjs.org/type-detect cache-miss
919 http cache https://registry.npmjs.org/type-detect 6ms (cache hit)
920 silly packumentCache full:https://registry.npmjs.org/type-detect set size:58804 disposed:false
921 silly placeDep ROOT get-stream@8.0.1 OK for: execa@8.0.1 want: ^8.0.1
922 silly placeDep ROOT human-signals@5.0.0 OK for: execa@8.0.1 want: ^5.0.0
923 silly placeDep ROOT is-stream@3.0.0 OK for: execa@8.0.1 want: ^3.0.0
924 silly placeDep ROOT merge-stream@2.0.0 OK for: execa@8.0.1 want: ^2.0.0
925 silly placeDep ROOT npm-run-path@5.3.0 OK for: execa@8.0.1 want: ^5.1.0
926 silly placeDep ROOT onetime@6.0.0 OK for: execa@8.0.1 want: ^6.0.0
927 silly placeDep ROOT signal-exit@4.1.0 OK for: execa@8.0.1 want: ^4.1.0
928 silly placeDep ROOT strip-final-newline@3.0.0 OK for: execa@8.0.1 want: ^3.0.0
929 silly fetch manifest path-key@^4.0.0
930 silly packumentCache full:https://registry.npmjs.org/path-key cache-miss
931 silly fetch manifest mimic-fn@^4.0.0
932 silly packumentCache full:https://registry.npmjs.org/mimic-fn cache-miss
933 http fetch GET 200 https://registry.npmjs.org/path-key 63ms (cache miss)
934 silly packumentCache full:https://registry.npmjs.org/path-key set size:undefined disposed:false
935 http fetch GET 200 https://registry.npmjs.org/mimic-fn 567ms (cache miss)
936 silly packumentCache full:https://registry.npmjs.org/mimic-fn set size:undefined disposed:false
937 silly placeDep ROOT mlly@1.8.2 OK for: local-pkg@0.5.1 want: ^1.7.3
938 silly placeDep ROOT pkg-types@1.3.1 OK for: local-pkg@0.5.1 want: ^1.2.1
939 silly fetch manifest pathe@^2.0.3
940 silly packumentCache full:https://registry.npmjs.org/pathe cache-miss
941 silly fetch manifest pkg-types@^1.3.1
942 silly packumentCache full:https://registry.npmjs.org/pkg-types cache-miss
943 silly fetch manifest ufo@^1.6.3
944 silly packumentCache full:https://registry.npmjs.org/ufo cache-miss
945 silly fetch manifest pathe@^2.0.1
946 silly packumentCache full:https://registry.npmjs.org/pathe cache-miss
947 silly fetch manifest confbox@^0.1.8
948 silly packumentCache full:https://registry.npmjs.org/confbox cache-miss
949 http cache https://registry.npmjs.org/pkg-types 28ms (cache hit)
950 silly packumentCache full:https://registry.npmjs.org/pkg-types set size:85931 disposed:false
951 http cache https://registry.npmjs.org/pathe 31ms (cache hit)
952 silly packumentCache full:https://registry.npmjs.org/pathe set size:68788 disposed:false
953 http cache https://registry.npmjs.org/pathe 38ms (cache hit)
954 silly packumentCache full:https://registry.npmjs.org/pathe set size:68788 disposed:false
955 silly packumentCache full:https://registry.npmjs.org/pathe dispose
956 http fetch GET 200 https://registry.npmjs.org/confbox 91ms (cache miss)
957 silly packumentCache full:https://registry.npmjs.org/confbox set size:undefined disposed:false
958 http fetch GET 200 https://registry.npmjs.org/ufo 360ms (cache miss)
959 silly packumentCache full:https://registry.npmjs.org/ufo set size:undefined disposed:false
960 silly placeDep node_modules/mlly pathe@2.0.3 OK for: mlly@1.8.2 want: ^2.0.3
961 silly placeDep ROOT ufo@1.6.3 OK for: mlly@1.8.2 want: ^1.6.3
962 silly placeDep node_modules/npm-run-path path-key@4.0.0 OK for: npm-run-path@5.3.0 want: ^4.0.0
963 silly placeDep ROOT mimic-fn@4.0.0 OK for: onetime@6.0.0 want: ^4.0.0
964 silly placeDep ROOT confbox@0.1.8 OK for: pkg-types@1.3.1 want: ^0.1.8
965 silly placeDep node_modules/pkg-types pathe@2.0.3 OK for: pkg-types@1.3.1 want: ^2.0.1
966 silly placeDep ROOT @jest/schemas@29.6.3 OK for: pretty-format@29.7.0 want: ^29.6.3
967 silly placeDep node_modules/pretty-format ansi-styles@5.2.0 OK for: pretty-format@29.7.0 want: ^5.0.0
968 silly placeDep node_modules/pretty-format react-is@18.3.1 OK for: pretty-format@29.7.0 want: ^18.0.0
969 silly fetch manifest @sinclair/typebox@^0.27.8
970 silly packumentCache full:https://registry.npmjs.org/@sinclair%2ftypebox cache-miss
971 http fetch GET 200 https://registry.npmjs.org/@sinclair%2ftypebox 898ms (cache miss)
972 silly packumentCache full:https://registry.npmjs.org/@sinclair%2ftypebox set size:undefined disposed:false
973 silly placeDep ROOT @sinclair/typebox@0.27.10 OK for: @jest/schemas@29.6.3 want: ^0.27.8
974 silly placeDep node_modules/strip-literal js-tokens@9.0.1 OK for: strip-literal@2.1.1 want: ^9.0.1
975 silly placeDep ROOT cac@6.7.14 OK for: vite-node@1.6.1 want: ^6.7.14
976 silly placeDep node_modules/vite-node vite@5.4.21 OK for: vite-node@1.6.1 want: ^5.0.0
977 silly placeDep ROOT iconv-lite@0.6.3 OK for: whatwg-encoding@3.1.1 want: 0.6.3
978 silly fetch manifest safer-buffer@>= 2.1.2 < 3.0.0
979 silly packumentCache full:https://registry.npmjs.org/safer-buffer cache-miss
980 http fetch GET 200 https://registry.npmjs.org/safer-buffer 52ms (cache miss)
981 silly packumentCache full:https://registry.npmjs.org/safer-buffer set size:undefined disposed:false
982 silly placeDep ROOT safer-buffer@2.1.2 OK for: iconv-lite@0.6.3 want: >= 2.1.2 < 3.0.0
983 silly placeDep ROOT siginfo@2.0.0 OK for: why-is-node-running@2.3.0 want: ^2.0.0
984 silly placeDep ROOT stackback@0.0.2 OK for: why-is-node-running@2.3.0 want: 0.0.2
985 silly placeDep node_modules/@vitest/runner yocto-queue@1.2.2 OK for: p-limit@5.0.0 want: ^1.0.0
986 silly placeDep node_modules/vite-node esbuild@0.21.5 OK for: vite@5.4.21 want: ^0.21.3
987 silly fetch manifest @esbuild/aix-ppc64@0.21.5
988 silly packumentCache full:https://registry.npmjs.org/@esbuild%2faix-ppc64 cache-miss
989 silly fetch manifest @esbuild/linux-arm@0.21.5
990 silly packumentCache full:https://registry.npmjs.org/@esbuild%2flinux-arm cache-miss
991 silly fetch manifest @esbuild/linux-x64@0.21.5
992 silly packumentCache full:https://registry.npmjs.org/@esbuild%2flinux-x64 cache-miss
993 silly fetch manifest @esbuild/sunos-x64@0.21.5
994 silly packumentCache full:https://registry.npmjs.org/@esbuild%2fsunos-x64 cache-miss
995 silly fetch manifest @esbuild/win32-x64@0.21.5
996 silly packumentCache full:https://registry.npmjs.org/@esbuild%2fwin32-x64 cache-miss
997 silly fetch manifest @esbuild/darwin-x64@0.21.5
998 silly packumentCache full:https://registry.npmjs.org/@esbuild%2fdarwin-x64 cache-miss
999 silly fetch manifest @esbuild/linux-ia32@0.21.5
1000 silly packumentCache full:https://registry.npmjs.org/@esbuild%2flinux-ia32 cache-miss
1001 http cache https://registry.npmjs.org/@esbuild%2flinux-arm 26ms (cache hit)
1002 silly packumentCache full:https://registry.npmjs.org/@esbuild%2flinux-arm set size:195140 disposed:false
1003 silly fetch manifest @esbuild/netbsd-x64@0.21.5
1004 silly packumentCache full:https://registry.npmjs.org/@esbuild%2fnetbsd-x64 cache-miss
1005 http cache https://registry.npmjs.org/@esbuild%2flinux-x64 30ms (cache hit)
1006 silly packumentCache full:https://registry.npmjs.org/@esbuild%2flinux-x64 set size:195479 disposed:false
1007 silly fetch manifest @esbuild/win32-ia32@0.21.5
1008 silly packumentCache full:https://registry.npmjs.org/@esbuild%2fwin32-ia32 cache-miss
1009 http cache https://registry.npmjs.org/@esbuild%2fsunos-x64 38ms (cache hit)
1010 silly packumentCache full:https://registry.npmjs.org/@esbuild%2fsunos-x64 set size:195721 disposed:false
1011 silly fetch manifest @esbuild/android-arm@0.21.5
1012 silly packumentCache full:https://registry.npmjs.org/@esbuild%2fandroid-arm cache-miss
1013 http cache https://registry.npmjs.org/@esbuild%2fwin32-x64 40ms (cache hit)
1014 silly packumentCache full:https://registry.npmjs.org/@esbuild%2fwin32-x64 set size:194073 disposed:false
1015 silly fetch manifest @esbuild/android-x64@0.21.5
1016 silly packumentCache full:https://registry.npmjs.org/@esbuild%2fandroid-x64 cache-miss
1017 http cache https://registry.npmjs.org/@esbuild%2faix-ppc64 47ms (cache hit)
1018 silly packumentCache full:https://registry.npmjs.org/@esbuild%2faix-ppc64 set size:64314 disposed:false
1019 silly fetch manifest @esbuild/freebsd-x64@0.21.5
1020 silly packumentCache full:https://registry.npmjs.org/@esbuild%2ffreebsd-x64 cache-miss
1021 http cache https://registry.npmjs.org/@esbuild%2fdarwin-x64 47ms (cache hit)
1022 silly packumentCache full:https://registry.npmjs.org/@esbuild%2fdarwin-x64 set size:196195 disposed:false
1023 silly fetch manifest @esbuild/linux-arm64@0.21.5
1024 silly packumentCache full:https://registry.npmjs.org/@esbuild%2flinux-arm64 cache-miss
1025 http cache https://registry.npmjs.org/@esbuild%2flinux-ia32 50ms (cache hit)
1026 silly packumentCache full:https://registry.npmjs.org/@esbuild%2flinux-ia32 set size:196150 disposed:false
1027 silly fetch manifest @esbuild/linux-ppc64@0.21.5
1028 silly packumentCache full:https://registry.npmjs.org/@esbuild%2flinux-ppc64 cache-miss
1029 http cache https://registry.npmjs.org/@esbuild%2fnetbsd-x64 36ms (cache hit)
1030 silly packumentCache full:https://registry.npmjs.org/@esbuild%2fnetbsd-x64 set size:193883 disposed:false
1031 silly fetch manifest @esbuild/linux-s390x@0.21.5
1032 silly packumentCache full:https://registry.npmjs.org/@esbuild%2flinux-s390x cache-miss
1033 http cache https://registry.npmjs.org/@esbuild%2fwin32-ia32 32ms (cache hit)
1034 silly packumentCache full:https://registry.npmjs.org/@esbuild%2fwin32-ia32 set size:196374 disposed:false
1035 silly fetch manifest @esbuild/openbsd-x64@0.21.5
1036 silly packumentCache full:https://registry.npmjs.org/@esbuild%2fopenbsd-x64 cache-miss
1037 http cache https://registry.npmjs.org/@esbuild%2fandroid-arm 31ms (cache hit)
1038 silly packumentCache full:https://registry.npmjs.org/@esbuild%2fandroid-arm set size:221749 disposed:false
1039 silly fetch manifest @esbuild/win32-arm64@0.21.5
1040 silly packumentCache full:https://registry.npmjs.org/@esbuild%2fwin32-arm64 cache-miss
1041 http cache https://registry.npmjs.org/@esbuild%2fandroid-x64 29ms (cache hit)
1042 silly packumentCache full:https://registry.npmjs.org/@esbuild%2fandroid-x64 set size:195551 disposed:false
1043 silly fetch manifest @esbuild/darwin-arm64@0.21.5
1044 silly packumentCache full:https://registry.npmjs.org/@esbuild%2fdarwin-arm64 cache-miss
1045 http cache https://registry.npmjs.org/@esbuild%2flinux-arm64 63ms (cache hit)
1046 silly packumentCache full:https://registry.npmjs.org/@esbuild%2flinux-arm64 set size:197274 disposed:false
1047 silly fetch manifest @esbuild/android-arm64@0.21.5
1048 silly packumentCache full:https://registry.npmjs.org/@esbuild%2fandroid-arm64 cache-miss
1049 http cache https://registry.npmjs.org/@esbuild%2flinux-ppc64 89ms (cache hit)
1050 silly packumentCache full:https://registry.npmjs.org/@esbuild%2flinux-ppc64 set size:199310 disposed:false
1051 silly fetch manifest @esbuild/freebsd-arm64@0.21.5
1052 silly packumentCache full:https://registry.npmjs.org/@esbuild%2ffreebsd-arm64 cache-miss
1053 http cache https://registry.npmjs.org/@esbuild%2ffreebsd-x64 97ms (cache hit)
1054 silly packumentCache full:https://registry.npmjs.org/@esbuild%2ffreebsd-x64 set size:197070 disposed:false
1055 silly fetch manifest @esbuild/linux-loong64@0.21.5
1056 silly packumentCache full:https://registry.npmjs.org/@esbuild%2flinux-loong64 cache-miss
1057 http cache https://registry.npmjs.org/@esbuild%2fopenbsd-x64 101ms (cache hit)
1058 silly packumentCache full:https://registry.npmjs.org/@esbuild%2fopenbsd-x64 set size:197080 disposed:false
1059 silly fetch manifest @esbuild/linux-riscv64@0.21.5
1060 silly packumentCache full:https://registry.npmjs.org/@esbuild%2flinux-riscv64 cache-miss
1061 http cache https://registry.npmjs.org/@esbuild%2fwin32-arm64 101ms (cache hit)
1062 silly packumentCache full:https://registry.npmjs.org/@esbuild%2fwin32-arm64 set size:197504 disposed:false
1063 silly fetch manifest @esbuild/linux-mips64el@0.21.5
1064 silly packumentCache full:https://registry.npmjs.org/@esbuild%2flinux-mips64el cache-miss
1065 http cache https://registry.npmjs.org/@esbuild%2flinux-s390x 121ms (cache hit)
1066 silly packumentCache full:https://registry.npmjs.org/@esbuild%2flinux-s390x set size:198784 disposed:false
1067 http cache https://registry.npmjs.org/@esbuild%2fdarwin-arm64 87ms (cache hit)
1068 silly packumentCache full:https://registry.npmjs.org/@esbuild%2fdarwin-arm64 set size:197958 disposed:false
1069 http cache https://registry.npmjs.org/@esbuild%2ffreebsd-arm64 56ms (cache hit)
1070 silly packumentCache full:https://registry.npmjs.org/@esbuild%2ffreebsd-arm64 set size:198853 disposed:false
1071 http cache https://registry.npmjs.org/@esbuild%2flinux-loong64 51ms (cache hit)
1072 silly packumentCache full:https://registry.npmjs.org/@esbuild%2flinux-loong64 set size:252211 disposed:false
1073 http cache https://registry.npmjs.org/@esbuild%2fandroid-arm64 65ms (cache hit)
1074 silly packumentCache full:https://registry.npmjs.org/@esbuild%2fandroid-arm64 set size:200684 disposed:false
1075 http cache https://registry.npmjs.org/@esbuild%2flinux-riscv64 53ms (cache hit)
1076 silly packumentCache full:https://registry.npmjs.org/@esbuild%2flinux-riscv64 set size:198981 disposed:false
1077 http cache https://registry.npmjs.org/@esbuild%2flinux-mips64el 54ms (cache hit)
1078 silly packumentCache full:https://registry.npmjs.org/@esbuild%2flinux-mips64el set size:201062 disposed:false
1079 silly placeDep node_modules/vite-node @esbuild/aix-ppc64@0.21.5 OK for: esbuild@0.21.5 want: 0.21.5
1080 silly placeDep node_modules/vite-node @esbuild/android-arm@0.21.5 OK for: esbuild@0.21.5 want: 0.21.5
1081 silly placeDep node_modules/vite-node @esbuild/android-arm64@0.21.5 OK for: esbuild@0.21.5 want: 0.21.5
1082 silly placeDep node_modules/vite-node @esbuild/android-x64@0.21.5 OK for: esbuild@0.21.5 want: 0.21.5
1083 silly placeDep node_modules/vite-node @esbuild/darwin-arm64@0.21.5 OK for: esbuild@0.21.5 want: 0.21.5
1084 silly placeDep node_modules/vite-node @esbuild/darwin-x64@0.21.5 OK for: esbuild@0.21.5 want: 0.21.5
1085 silly placeDep node_modules/vite-node @esbuild/freebsd-arm64@0.21.5 OK for: esbuild@0.21.5 want: 0.21.5
1086 silly placeDep node_modules/vite-node @esbuild/freebsd-x64@0.21.5 OK for: esbuild@0.21.5 want: 0.21.5
1087 silly placeDep node_modules/vite-node @esbuild/linux-arm@0.21.5 OK for: esbuild@0.21.5 want: 0.21.5
1088 silly placeDep node_modules/vite-node @esbuild/linux-arm64@0.21.5 OK for: esbuild@0.21.5 want: 0.21.5
1089 silly placeDep node_modules/vite-node @esbuild/linux-ia32@0.21.5 OK for: esbuild@0.21.5 want: 0.21.5
1090 silly placeDep node_modules/vite-node @esbuild/linux-loong64@0.21.5 OK for: esbuild@0.21.5 want: 0.21.5
1091 silly placeDep node_modules/vite-node @esbuild/linux-mips64el@0.21.5 OK for: esbuild@0.21.5 want: 0.21.5
1092 silly placeDep node_modules/vite-node @esbuild/linux-ppc64@0.21.5 OK for: esbuild@0.21.5 want: 0.21.5
1093 silly placeDep node_modules/vite-node @esbuild/linux-riscv64@0.21.5 OK for: esbuild@0.21.5 want: 0.21.5
1094 silly placeDep node_modules/vite-node @esbuild/linux-s390x@0.21.5 OK for: esbuild@0.21.5 want: 0.21.5
1095 silly placeDep node_modules/vite-node @esbuild/linux-x64@0.21.5 OK for: esbuild@0.21.5 want: 0.21.5
1096 silly placeDep node_modules/vite-node @esbuild/netbsd-x64@0.21.5 OK for: esbuild@0.21.5 want: 0.21.5
1097 silly placeDep node_modules/vite-node @esbuild/openbsd-x64@0.21.5 OK for: esbuild@0.21.5 want: 0.21.5
1098 silly placeDep node_modules/vite-node @esbuild/sunos-x64@0.21.5 OK for: esbuild@0.21.5 want: 0.21.5
1099 silly placeDep node_modules/vite-node @esbuild/win32-arm64@0.21.5 OK for: esbuild@0.21.5 want: 0.21.5
1100 silly placeDep node_modules/vite-node @esbuild/win32-ia32@0.21.5 OK for: esbuild@0.21.5 want: 0.21.5
1101 silly placeDep node_modules/vite-node @esbuild/win32-x64@0.21.5 OK for: esbuild@0.21.5 want: 0.21.5
1102 silly placeDep node_modules/vitest esbuild@0.21.5 OK for: vite@5.4.21 want: ^0.21.3
1103 silly placeDep node_modules/vitest @esbuild/aix-ppc64@0.21.5 OK for: esbuild@0.21.5 want: 0.21.5
1104 silly placeDep node_modules/vitest @esbuild/android-arm@0.21.5 OK for: esbuild@0.21.5 want: 0.21.5
1105 silly placeDep node_modules/vitest @esbuild/android-arm64@0.21.5 OK for: esbuild@0.21.5 want: 0.21.5
1106 silly placeDep node_modules/vitest @esbuild/android-x64@0.21.5 OK for: esbuild@0.21.5 want: 0.21.5
1107 silly placeDep node_modules/vitest @esbuild/darwin-arm64@0.21.5 OK for: esbuild@0.21.5 want: 0.21.5
1108 silly placeDep node_modules/vitest @esbuild/darwin-x64@0.21.5 OK for: esbuild@0.21.5 want: 0.21.5
1109 silly placeDep node_modules/vitest @esbuild/freebsd-arm64@0.21.5 OK for: esbuild@0.21.5 want: 0.21.5
1110 silly placeDep node_modules/vitest @esbuild/freebsd-x64@0.21.5 OK for: esbuild@0.21.5 want: 0.21.5
1111 silly placeDep node_modules/vitest @esbuild/linux-arm@0.21.5 OK for: esbuild@0.21.5 want: 0.21.5
1112 silly placeDep node_modules/vitest @esbuild/linux-arm64@0.21.5 OK for: esbuild@0.21.5 want: 0.21.5
1113 silly placeDep node_modules/vitest @esbuild/linux-ia32@0.21.5 OK for: esbuild@0.21.5 want: 0.21.5
1114 silly placeDep node_modules/vitest @esbuild/linux-loong64@0.21.5 OK for: esbuild@0.21.5 want: 0.21.5
1115 silly placeDep node_modules/vitest @esbuild/linux-mips64el@0.21.5 OK for: esbuild@0.21.5 want: 0.21.5
1116 silly placeDep node_modules/vitest @esbuild/linux-ppc64@0.21.5 OK for: esbuild@0.21.5 want: 0.21.5
1117 silly placeDep node_modules/vitest @esbuild/linux-riscv64@0.21.5 OK for: esbuild@0.21.5 want: 0.21.5
1118 silly placeDep node_modules/vitest @esbuild/linux-s390x@0.21.5 OK for: esbuild@0.21.5 want: 0.21.5
1119 silly placeDep node_modules/vitest @esbuild/linux-x64@0.21.5 OK for: esbuild@0.21.5 want: 0.21.5
1120 silly placeDep node_modules/vitest @esbuild/netbsd-x64@0.21.5 OK for: esbuild@0.21.5 want: 0.21.5
1121 silly placeDep node_modules/vitest @esbuild/openbsd-x64@0.21.5 OK for: esbuild@0.21.5 want: 0.21.5
1122 silly placeDep node_modules/vitest @esbuild/sunos-x64@0.21.5 OK for: esbuild@0.21.5 want: 0.21.5
1123 silly placeDep node_modules/vitest @esbuild/win32-arm64@0.21.5 OK for: esbuild@0.21.5 want: 0.21.5
1124 silly placeDep node_modules/vitest @esbuild/win32-ia32@0.21.5 OK for: esbuild@0.21.5 want: 0.21.5
1125 silly placeDep node_modules/vitest @esbuild/win32-x64@0.21.5 OK for: esbuild@0.21.5 want: 0.21.5
1126 verbose stack Error: 
1126 verbose stack `npm ci` can only install packages when your package.json and package-lock.json or npm-shrinkwrap.json are in sync. Please update your lock file with `npm install` before continuing.
1126 verbose stack
1126 verbose stack Missing: @vitejs/plugin-react@4.7.0 from lock file
1126 verbose stack Missing: vite@7.3.2 from lock file
1126 verbose stack Missing: jsdom@24.1.3 from lock file
1126 verbose stack Missing: tsx@4.21.0 from lock file
1126 verbose stack Missing: vitest@1.6.1 from lock file
1126 verbose stack Missing: @babel/plugin-transform-react-jsx-self@7.27.1 from lock file
1126 verbose stack Missing: @babel/plugin-transform-react-jsx-source@7.27.1 from lock file
1126 verbose stack Missing: @rolldown/pluginutils@1.0.0-beta.27 from lock file
1126 verbose stack Missing: @types/babel__core@7.20.5 from lock file
1126 verbose stack Missing: react-refresh@0.17.0 from lock file
1126 verbose stack Missing: @babel/helper-plugin-utils@7.28.6 from lock file
1126 verbose stack Missing: @types/babel__generator@7.27.0 from lock file
1126 verbose stack Missing: @types/babel__template@7.4.4 from lock file
1126 verbose stack Missing: @types/babel__traverse@7.28.0 from lock file
1126 verbose stack Missing: cssstyle@4.6.0 from lock file
1126 verbose stack Missing: data-urls@5.0.0 from lock file
1126 verbose stack Missing: decimal.js@10.6.0 from lock file
1126 verbose stack Missing: form-data@4.0.5 from lock file
1126 verbose stack Missing: html-encoding-sniffer@4.0.0 from lock file
1126 verbose stack Missing: http-proxy-agent@7.0.2 from lock file
1126 verbose stack Missing: https-proxy-agent@7.0.6 from lock file
1126 verbose stack Missing: is-potential-custom-element-name@1.0.1 from lock file
1126 verbose stack Missing: nwsapi@2.2.23 from lock file
1126 verbose stack Missing: parse5@7.3.0 from lock file
1126 verbose stack Missing: rrweb-cssom@0.7.1 from lock file
1126 verbose stack Missing: saxes@6.0.0 from lock file
1126 verbose stack Missing: symbol-tree@3.2.4 from lock file
1126 verbose stack Missing: tough-cookie@4.1.4 from lock file
1126 verbose stack Missing: w3c-xmlserializer@5.0.0 from lock file
1126 verbose stack Missing: whatwg-encoding@3.1.1 from lock file
1126 verbose stack Missing: whatwg-mimetype@4.0.0 from lock file
1126 verbose stack Missing: xml-name-validator@5.0.0 from lock file
1126 verbose stack Missing: @asamuzakjp/css-color@3.2.0 from lock file
1126 verbose stack Missing: rrweb-cssom@0.8.0 from lock file
1126 verbose stack Missing: @csstools/css-calc@2.1.4 from lock file
1126 verbose stack Missing: @csstools/css-tokenizer@3.0.4 from lock file
1126 verbose stack Missing: @csstools/css-parser-algorithms@3.0.5 from lock file
1126 verbose stack Missing: @csstools/css-color-parser@3.1.0 from lock file
1126 verbose stack Missing: lru-cache@10.4.3 from lock file
1126 verbose stack Missing: @csstools/color-helpers@5.1.0 from lock file
1126 verbose stack Missing: asynckit@0.4.0 from lock file
1126 verbose stack Missing: combined-stream@1.0.8 from lock file
1126 verbose stack Missing: mime-types@2.1.35 from lock file
1126 verbose stack Missing: delayed-stream@1.0.0 from lock file
1126 verbose stack Missing: agent-base@7.1.4 from lock file
1126 verbose stack Missing: mime-db@1.52.0 from lock file
1126 verbose stack Missing: entities@6.0.1 from lock file
1126 verbose stack Missing: xmlchars@2.2.0 from lock file
1126 verbose stack Missing: psl@1.15.0 from lock file
1126 verbose stack Missing: universalify@0.2.0 from lock file
1126 verbose stack Missing: url-parse@1.5.10 from lock file
1126 verbose stack Missing: esbuild@0.27.7 from lock file
1126 verbose stack Missing: fsevents@2.3.3 from lock file
1126 verbose stack Missing: @esbuild/aix-ppc64@0.27.7 from lock file
1126 verbose stack Missing: @esbuild/android-arm@0.27.7 from lock file
1126 verbose stack Missing: @esbuild/android-arm64@0.27.7 from lock file
1126 verbose stack Missing: @esbuild/android-x64@0.27.7 from lock file
1126 verbose stack Missing: @esbuild/darwin-arm64@0.27.7 from lock file
1126 verbose stack Missing: @esbuild/darwin-x64@0.27.7 from lock file
1126 verbose stack Missing: @esbuild/freebsd-arm64@0.27.7 from lock file
1126 verbose stack Missing: @esbuild/freebsd-x64@0.27.7 from lock file
1126 verbose stack Missing: @esbuild/linux-arm@0.27.7 from lock file
1126 verbose stack Missing: @esbuild/linux-arm64@0.27.7 from lock file
1126 verbose stack Missing: @esbuild/linux-ia32@0.27.7 from lock file
1126 verbose stack Missing: @esbuild/linux-loong64@0.27.7 from lock file
1126 verbose stack Missing: @esbuild/linux-mips64el@0.27.7 from lock file
1126 verbose stack Missing: @esbuild/linux-ppc64@0.27.7 from lock file
1126 verbose stack Missing: @esbuild/linux-riscv64@0.27.7 from lock file
1126 verbose stack Missing: @esbuild/linux-s390x@0.27.7 from lock file
1126 verbose stack Missing: @esbuild/linux-x64@0.27.7 from lock file
1126 verbose stack Missing: @esbuild/netbsd-arm64@0.27.7 from lock file
1126 verbose stack Missing: @esbuild/netbsd-x64@0.27.7 from lock file
1126 verbose stack Missing: @esbuild/openbsd-arm64@0.27.7 from lock file
1126 verbose stack Missing: @esbuild/openbsd-x64@0.27.7 from lock file
1126 verbose stack Missing: @esbuild/openharmony-arm64@0.27.7 from lock file
1126 verbose stack Missing: @esbuild/sunos-x64@0.27.7 from lock file
1126 verbose stack Missing: @esbuild/win32-arm64@0.27.7 from lock file
1126 verbose stack Missing: @esbuild/win32-ia32@0.27.7 from lock file
1126 verbose stack Missing: @esbuild/win32-x64@0.27.7 from lock file
1126 verbose stack Missing: querystringify@2.2.0 from lock file
1126 verbose stack Missing: requires-port@1.0.0 from lock file
1126 verbose stack Missing: fdir@6.5.0 from lock file
1126 verbose stack Missing: picomatch@4.0.4 from lock file
1126 verbose stack Missing: rollup@4.60.2 from lock file
1126 verbose stack Missing: @rollup/rollup-android-arm-eabi@4.60.2 from lock file
1126 verbose stack Missing: @rollup/rollup-android-arm64@4.60.2 from lock file
1126 verbose stack Missing: @rollup/rollup-darwin-arm64@4.60.2 from lock file
1126 verbose stack Missing: @rollup/rollup-darwin-x64@4.60.2 from lock file
1126 verbose stack Missing: @rollup/rollup-freebsd-arm64@4.60.2 from lock file
1126 verbose stack Missing: @rollup/rollup-freebsd-x64@4.60.2 from lock file
1126 verbose stack Missing: @rollup/rollup-linux-arm-gnueabihf@4.60.2 from lock file
1126 verbose stack Missing: @rollup/rollup-linux-arm-musleabihf@4.60.2 from lock file
1126 verbose stack Missing: @rollup/rollup-linux-arm64-gnu@4.60.2 from lock file
1126 verbose stack Missing: @rollup/rollup-linux-arm64-musl@4.60.2 from lock file
1126 verbose stack Missing: @rollup/rollup-linux-loong64-gnu@4.60.2 from lock file
1126 verbose stack Missing: @rollup/rollup-linux-loong64-musl@4.60.2 from lock file
1126 verbose stack Missing: @rollup/rollup-linux-ppc64-gnu@4.60.2 from lock file
1126 verbose stack Missing: @rollup/rollup-linux-ppc64-musl@4.60.2 from lock file
1126 verbose stack Missing: @rollup/rollup-linux-riscv64-gnu@4.60.2 from lock file
1126 verbose stack Missing: @rollup/rollup-linux-riscv64-musl@4.60.2 from lock file
1126 verbose stack Missing: @rollup/rollup-linux-s390x-gnu@4.60.2 from lock file
1126 verbose stack Missing: @rollup/rollup-linux-x64-gnu@4.60.2 from lock file
1126 verbose stack Missing: @rollup/rollup-linux-x64-musl@4.60.2 from lock file
1126 verbose stack Missing: @rollup/rollup-openbsd-x64@4.60.2 from lock file
1126 verbose stack Missing: @rollup/rollup-openharmony-arm64@4.60.2 from lock file
1126 verbose stack Missing: @rollup/rollup-win32-arm64-msvc@4.60.2 from lock file
1126 verbose stack Missing: @rollup/rollup-win32-ia32-msvc@4.60.2 from lock file
1126 verbose stack Missing: @rollup/rollup-win32-x64-gnu@4.60.2 from lock file
1126 verbose stack Missing: @rollup/rollup-win32-x64-msvc@4.60.2 from lock file
1126 verbose stack Missing: @vitest/expect@1.6.1 from lock file
1126 verbose stack Missing: @vitest/runner@1.6.1 from lock file
1126 verbose stack Missing: @vitest/snapshot@1.6.1 from lock file
1126 verbose stack Missing: @vitest/spy@1.6.1 from lock file
1126 verbose stack Missing: @vitest/utils@1.6.1 from lock file
1126 verbose stack Missing: acorn-walk@8.3.5 from lock file
1126 verbose stack Missing: chai@4.5.0 from lock file
1126 verbose stack Missing: execa@8.0.1 from lock file
1126 verbose stack Missing: local-pkg@0.5.1 from lock file
1126 verbose stack Missing: pathe@1.1.2 from lock file
1126 verbose stack Missing: std-env@3.10.0 from lock file
1126 verbose stack Missing: strip-literal@2.1.1 from lock file
1126 verbose stack Missing: tinybench@2.9.0 from lock file
1126 verbose stack Missing: tinypool@0.8.4 from lock file
1126 verbose stack Missing: vite@5.4.21 from lock file
1126 verbose stack Missing: vite-node@1.6.1 from lock file
1126 verbose stack Missing: why-is-node-running@2.3.0 from lock file
1126 verbose stack Missing: p-limit@5.0.0 from lock file
1126 verbose stack Missing: pretty-format@29.7.0 from lock file
1126 verbose stack Missing: tinyspy@2.2.1 from lock file
1126 verbose stack Missing: diff-sequences@29.6.3 from lock file
1126 verbose stack Missing: estree-walker@3.0.3 from lock file
1126 verbose stack Missing: loupe@2.3.7 from lock file
1126 verbose stack Missing: assertion-error@1.1.0 from lock file
1126 verbose stack Missing: check-error@1.0.3 from lock file
1126 verbose stack Missing: deep-eql@4.1.4 from lock file
1126 verbose stack Missing: get-func-name@2.0.2 from lock file
1126 verbose stack Missing: pathval@1.1.1 from lock file
1126 verbose stack Missing: type-detect@4.1.0 from lock file
1126 verbose stack Missing: get-stream@8.0.1 from lock file
1126 verbose stack Missing: human-signals@5.0.0 from lock file
1126 verbose stack Missing: is-stream@3.0.0 from lock file
1126 verbose stack Missing: merge-stream@2.0.0 from lock file
1126 verbose stack Missing: npm-run-path@5.3.0 from lock file
1126 verbose stack Missing: onetime@6.0.0 from lock file
1126 verbose stack Missing: signal-exit@4.1.0 from lock file
1126 verbose stack Missing: strip-final-newline@3.0.0 from lock file
1126 verbose stack Missing: mlly@1.8.2 from lock file
1126 verbose stack Missing: pkg-types@1.3.1 from lock file
1126 verbose stack Missing: pathe@2.0.3 from lock file
1126 verbose stack Missing: ufo@1.6.3 from lock file
1126 verbose stack Missing: path-key@4.0.0 from lock file
1126 verbose stack Missing: mimic-fn@4.0.0 from lock file
1126 verbose stack Missing: confbox@0.1.8 from lock file
1126 verbose stack Missing: pathe@2.0.3 from lock file
1126 verbose stack Missing: @jest/schemas@29.6.3 from lock file
1126 verbose stack Missing: ansi-styles@5.2.0 from lock file
1126 verbose stack Missing: react-is@18.3.1 from lock file
1126 verbose stack Missing: @sinclair/typebox@0.27.10 from lock file
1126 verbose stack Missing: js-tokens@9.0.1 from lock file
1126 verbose stack Missing: cac@6.7.14 from lock file
1126 verbose stack Missing: vite@5.4.21 from lock file
1126 verbose stack Missing: iconv-lite@0.6.3 from lock file
1126 verbose stack Missing: safer-buffer@2.1.2 from lock file
1126 verbose stack Missing: siginfo@2.0.0 from lock file
1126 verbose stack Missing: stackback@0.0.2 from lock file
1126 verbose stack Missing: yocto-queue@1.2.2 from lock file
1126 verbose stack Missing: esbuild@0.21.5 from lock file
1126 verbose stack Missing: @esbuild/aix-ppc64@0.21.5 from lock file
1126 verbose stack Missing: @esbuild/android-arm@0.21.5 from lock file
1126 verbose stack Missing: @esbuild/android-arm64@0.21.5 from lock file
1126 verbose stack Missing: @esbuild/android-x64@0.21.5 from lock file
1126 verbose stack Missing: @esbuild/darwin-arm64@0.21.5 from lock file
1126 verbose stack Missing: @esbuild/darwin-x64@0.21.5 from lock file
1126 verbose stack Missing: @esbuild/freebsd-arm64@0.21.5 from lock file
1126 verbose stack Missing: @esbuild/freebsd-x64@0.21.5 from lock file
1126 verbose stack Missing: @esbuild/linux-arm@0.21.5 from lock file
1126 verbose stack Missing: @esbuild/linux-arm64@0.21.5 from lock file
1126 verbose stack Missing: @esbuild/linux-ia32@0.21.5 from lock file
1126 verbose stack Missing: @esbuild/linux-loong64@0.21.5 from lock file
1126 verbose stack Missing: @esbuild/linux-mips64el@0.21.5 from lock file
1126 verbose stack Missing: @esbuild/linux-ppc64@0.21.5 from lock file
1126 verbose stack Missing: @esbuild/linux-riscv64@0.21.5 from lock file
1126 verbose stack Missing: @esbuild/linux-s390x@0.21.5 from lock file
1126 verbose stack Missing: @esbuild/linux-x64@0.21.5 from lock file
1126 verbose stack Missing: @esbuild/netbsd-x64@0.21.5 from lock file
1126 verbose stack Missing: @esbuild/openbsd-x64@0.21.5 from lock file
1126 verbose stack Missing: @esbuild/sunos-x64@0.21.5 from lock file
1126 verbose stack Missing: @esbuild/win32-arm64@0.21.5 from lock file
1126 verbose stack Missing: @esbuild/win32-ia32@0.21.5 from lock file
1126 verbose stack Missing: @esbuild/win32-x64@0.21.5 from lock file
1126 verbose stack Missing: esbuild@0.21.5 from lock file
1126 verbose stack Missing: @esbuild/aix-ppc64@0.21.5 from lock file
1126 verbose stack Missing: @esbuild/android-arm@0.21.5 from lock file
1126 verbose stack Missing: @esbuild/android-arm64@0.21.5 from lock file
1126 verbose stack Missing: @esbuild/android-x64@0.21.5 from lock file
1126 verbose stack Missing: @esbuild/darwin-arm64@0.21.5 from lock file
1126 verbose stack Missing: @esbuild/darwin-x64@0.21.5 from lock file
1126 verbose stack Missing: @esbuild/freebsd-arm64@0.21.5 from lock file
1126 verbose stack Missing: @esbuild/freebsd-x64@0.21.5 from lock file
1126 verbose stack Missing: @esbuild/linux-arm@0.21.5 from lock file
1126 verbose stack Missing: @esbuild/linux-arm64@0.21.5 from lock file
1126 verbose stack Missing: @esbuild/linux-ia32@0.21.5 from lock file
1126 verbose stack Missing: @esbuild/linux-loong64@0.21.5 from lock file
1126 verbose stack Missing: @esbuild/linux-mips64el@0.21.5 from lock file
1126 verbose stack Missing: @esbuild/linux-ppc64@0.21.5 from lock file
1126 verbose stack Missing: @esbuild/linux-riscv64@0.21.5 from lock file
1126 verbose stack Missing: @esbuild/linux-s390x@0.21.5 from lock file
1126 verbose stack Missing: @esbuild/linux-x64@0.21.5 from lock file
1126 verbose stack Missing: @esbuild/netbsd-x64@0.21.5 from lock file
1126 verbose stack Missing: @esbuild/openbsd-x64@0.21.5 from lock file
1126 verbose stack Missing: @esbuild/sunos-x64@0.21.5 from lock file
1126 verbose stack Missing: @esbuild/win32-arm64@0.21.5 from lock file
1126 verbose stack Missing: @esbuild/win32-ia32@0.21.5 from lock file
1126 verbose stack Missing: @esbuild/win32-x64@0.21.5 from lock file
1126 verbose stack
1126 verbose stack Clean install a project
1126 verbose stack
1126 verbose stack Usage:
1126 verbose stack npm ci
1126 verbose stack
1126 verbose stack Options:
1126 verbose stack [--install-strategy <hoisted|nested|shallow|linked>] [--legacy-bundling]
1126 verbose stack [--global-style] [--omit <dev|optional|peer> [--omit <dev|optional|peer> ...]]
1126 verbose stack [--include <prod|dev|optional|peer> [--include <prod|dev|optional|peer> ...]]
1126 verbose stack [--strict-peer-deps] [--foreground-scripts] [--ignore-scripts] [--no-audit]
1126 verbose stack [--no-bin-links] [--no-fund] [--dry-run]
1126 verbose stack [-w|--workspace <workspace-name> [-w|--workspace <workspace-name> ...]]
1126 verbose stack [--workspaces] [--include-workspace-root] [--install-links]
1126 verbose stack
1126 verbose stack aliases: clean-install, ic, install-clean, isntall-clean
1126 verbose stack
1126 verbose stack Run "npm help ci" for more info
1126 verbose stack     at CI.usageError (/usr/local/lib/node_modules/npm/lib/base-cmd.js:111:26)
1126 verbose stack     at CI.exec (/usr/local/lib/node_modules/npm/lib/commands/ci.js:70:18)
1126 verbose stack     at async Npm.exec (/usr/local/lib/node_modules/npm/lib/npm.js:208:9)
1126 verbose stack     at async module.exports (/usr/local/lib/node_modules/npm/lib/cli/entry.js:67:5)
1127 error code EUSAGE
1128 error
1128 error `npm ci` can only install packages when your package.json and package-lock.json or npm-shrinkwrap.json are in sync. Please update your lock file with `npm install` before continuing.
1128 error
1128 error Missing: @vitejs/plugin-react@4.7.0 from lock file
1128 error Missing: vite@7.3.2 from lock file
1128 error Missing: jsdom@24.1.3 from lock file
1128 error Missing: tsx@4.21.0 from lock file
1128 error Missing: vitest@1.6.1 from lock file
1128 error Missing: @babel/plugin-transform-react-jsx-self@7.27.1 from lock file
1128 error Missing: @babel/plugin-transform-react-jsx-source@7.27.1 from lock file
1128 error Missing: @rolldown/pluginutils@1.0.0-beta.27 from lock file
1128 error Missing: @types/babel__core@7.20.5 from lock file
1128 error Missing: react-refresh@0.17.0 from lock file
1128 error Missing: @babel/helper-plugin-utils@7.28.6 from lock file
1128 error Missing: @types/babel__generator@7.27.0 from lock file
1128 error Missing: @types/babel__template@7.4.4 from lock file
1128 error Missing: @types/babel__traverse@7.28.0 from lock file
1128 error Missing: cssstyle@4.6.0 from lock file
1128 error Missing: data-urls@5.0.0 from lock file
1128 error Missing: decimal.js@10.6.0 from lock file
1128 error Missing: form-data@4.0.5 from lock file
1128 error Missing: html-encoding-sniffer@4.0.0 from lock file
1128 error Missing: http-proxy-agent@7.0.2 from lock file
1128 error Missing: https-proxy-agent@7.0.6 from lock file
1128 error Missing: is-potential-custom-element-name@1.0.1 from lock file
1128 error Missing: nwsapi@2.2.23 from lock file
1128 error Missing: parse5@7.3.0 from lock file
1128 error Missing: rrweb-cssom@0.7.1 from lock file
1128 error Missing: saxes@6.0.0 from lock file
1128 error Missing: symbol-tree@3.2.4 from lock file
1128 error Missing: tough-cookie@4.1.4 from lock file
1128 error Missing: w3c-xmlserializer@5.0.0 from lock file
1128 error Missing: whatwg-encoding@3.1.1 from lock file
1128 error Missing: whatwg-mimetype@4.0.0 from lock file
1128 error Missing: xml-name-validator@5.0.0 from lock file
1128 error Missing: @asamuzakjp/css-color@3.2.0 from lock file
1128 error Missing: rrweb-cssom@0.8.0 from lock file
1128 error Missing: @csstools/css-calc@2.1.4 from lock file
1128 error Missing: @csstools/css-tokenizer@3.0.4 from lock file
1128 error Missing: @csstools/css-parser-algorithms@3.0.5 from lock file
1128 error Missing: @csstools/css-color-parser@3.1.0 from lock file
1128 error Missing: lru-cache@10.4.3 from lock file
1128 error Missing: @csstools/color-helpers@5.1.0 from lock file
1128 error Missing: asynckit@0.4.0 from lock file
1128 error Missing: combined-stream@1.0.8 from lock file
1128 error Missing: mime-types@2.1.35 from lock file
1128 error Missing: delayed-stream@1.0.0 from lock file
1128 error Missing: agent-base@7.1.4 from lock file
1128 error Missing: mime-db@1.52.0 from lock file
1128 error Missing: entities@6.0.1 from lock file
1128 error Missing: xmlchars@2.2.0 from lock file
1128 error Missing: psl@1.15.0 from lock file
1128 error Missing: universalify@0.2.0 from lock file
1128 error Missing: url-parse@1.5.10 from lock file
1128 error Missing: esbuild@0.27.7 from lock file
1128 error Missing: fsevents@2.3.3 from lock file
1128 error Missing: @esbuild/aix-ppc64@0.27.7 from lock file
1128 error Missing: @esbuild/android-arm@0.27.7 from lock file
1128 error Missing: @esbuild/android-arm64@0.27.7 from lock file
1128 error Missing: @esbuild/android-x64@0.27.7 from lock file
1128 error Missing: @esbuild/darwin-arm64@0.27.7 from lock file
1128 error Missing: @esbuild/darwin-x64@0.27.7 from lock file
1128 error Missing: @esbuild/freebsd-arm64@0.27.7 from lock file
1128 error Missing: @esbuild/freebsd-x64@0.27.7 from lock file
1128 error Missing: @esbuild/linux-arm@0.27.7 from lock file
1128 error Missing: @esbuild/linux-arm64@0.27.7 from lock file
1128 error Missing: @esbuild/linux-ia32@0.27.7 from lock file
1128 error Missing: @esbuild/linux-loong64@0.27.7 from lock file
1128 error Missing: @esbuild/linux-mips64el@0.27.7 from lock file
1128 error Missing: @esbuild/linux-ppc64@0.27.7 from lock file
1128 error Missing: @esbuild/linux-riscv64@0.27.7 from lock file
1128 error Missing: @esbuild/linux-s390x@0.27.7 from lock file
1128 error Missing: @esbuild/linux-x64@0.27.7 from lock file
1128 error Missing: @esbuild/netbsd-arm64@0.27.7 from lock file
1128 error Missing: @esbuild/netbsd-x64@0.27.7 from lock file
1128 error Missing: @esbuild/openbsd-arm64@0.27.7 from lock file
1128 error Missing: @esbuild/openbsd-x64@0.27.7 from lock file
1128 error Missing: @esbuild/openharmony-arm64@0.27.7 from lock file
1128 error Missing: @esbuild/sunos-x64@0.27.7 from lock file
1128 error Missing: @esbuild/win32-arm64@0.27.7 from lock file
1128 error Missing: @esbuild/win32-ia32@0.27.7 from lock file
1128 error Missing: @esbuild/win32-x64@0.27.7 from lock file
1128 error Missing: querystringify@2.2.0 from lock file
1128 error Missing: requires-port@1.0.0 from lock file
1128 error Missing: fdir@6.5.0 from lock file
1128 error Missing: picomatch@4.0.4 from lock file
1128 error Missing: rollup@4.60.2 from lock file
1128 error Missing: @rollup/rollup-android-arm-eabi@4.60.2 from lock file
1128 error Missing: @rollup/rollup-android-arm64@4.60.2 from lock file
1128 error Missing: @rollup/rollup-darwin-arm64@4.60.2 from lock file
1128 error Missing: @rollup/rollup-darwin-x64@4.60.2 from lock file
1128 error Missing: @rollup/rollup-freebsd-arm64@4.60.2 from lock file
1128 error Missing: @rollup/rollup-freebsd-x64@4.60.2 from lock file
1128 error Missing: @rollup/rollup-linux-arm-gnueabihf@4.60.2 from lock file
1128 error Missing: @rollup/rollup-linux-arm-musleabihf@4.60.2 from lock file
1128 error Missing: @rollup/rollup-linux-arm64-gnu@4.60.2 from lock file
1128 error Missing: @rollup/rollup-linux-arm64-musl@4.60.2 from lock file
1128 error Missing: @rollup/rollup-linux-loong64-gnu@4.60.2 from lock file
1128 error Missing: @rollup/rollup-linux-loong64-musl@4.60.2 from lock file
1128 error Missing: @rollup/rollup-linux-ppc64-gnu@4.60.2 from lock file
1128 error Missing: @rollup/rollup-linux-ppc64-musl@4.60.2 from lock file
1128 error Missing: @rollup/rollup-linux-riscv64-gnu@4.60.2 from lock file
1128 error Missing: @rollup/rollup-linux-riscv64-musl@4.60.2 from lock file
1128 error Missing: @rollup/rollup-linux-s390x-gnu@4.60.2 from lock file
1128 error Missing: @rollup/rollup-linux-x64-gnu@4.60.2 from lock file
1128 error Missing: @rollup/rollup-linux-x64-musl@4.60.2 from lock file
1128 error Missing: @rollup/rollup-openbsd-x64@4.60.2 from lock file
1128 error Missing: @rollup/rollup-openharmony-arm64@4.60.2 from lock file
1128 error Missing: @rollup/rollup-win32-arm64-msvc@4.60.2 from lock file
1128 error Missing: @rollup/rollup-win32-ia32-msvc@4.60.2 from lock file
1128 error Missing: @rollup/rollup-win32-x64-gnu@4.60.2 from lock file
1128 error Missing: @rollup/rollup-win32-x64-msvc@4.60.2 from lock file
1128 error Missing: @vitest/expect@1.6.1 from lock file
1128 error Missing: @vitest/runner@1.6.1 from lock file
1128 error Missing: @vitest/snapshot@1.6.1 from lock file
1128 error Missing: @vitest/spy@1.6.1 from lock file
1128 error Missing: @vitest/utils@1.6.1 from lock file
1128 error Missing: acorn-walk@8.3.5 from lock file
1128 error Missing: chai@4.5.0 from lock file
1128 error Missing: execa@8.0.1 from lock file
1128 error Missing: local-pkg@0.5.1 from lock file
1128 error Missing: pathe@1.1.2 from lock file
1128 error Missing: std-env@3.10.0 from lock file
1128 error Missing: strip-literal@2.1.1 from lock file
1128 error Missing: tinybench@2.9.0 from lock file
1128 error Missing: tinypool@0.8.4 from lock file
1128 error Missing: vite@5.4.21 from lock file
1128 error Missing: vite-node@1.6.1 from lock file
1128 error Missing: why-is-node-running@2.3.0 from lock file
1128 error Missing: p-limit@5.0.0 from lock file
1128 error Missing: pretty-format@29.7.0 from lock file
1128 error Missing: tinyspy@2.2.1 from lock file
1128 error Missing: diff-sequences@29.6.3 from lock file
1128 error Missing: estree-walker@3.0.3 from lock file
1128 error Missing: loupe@2.3.7 from lock file
1128 error Missing: assertion-error@1.1.0 from lock file
1128 error Missing: check-error@1.0.3 from lock file
1128 error Missing: deep-eql@4.1.4 from lock file
1128 error Missing: get-func-name@2.0.2 from lock file
1128 error Missing: pathval@1.1.1 from lock file
1128 error Missing: type-detect@4.1.0 from lock file
1128 error Missing: get-stream@8.0.1 from lock file
1128 error Missing: human-signals@5.0.0 from lock file
1128 error Missing: is-stream@3.0.0 from lock file
1128 error Missing: merge-stream@2.0.0 from lock file
1128 error Missing: npm-run-path@5.3.0 from lock file
1128 error Missing: onetime@6.0.0 from lock file
1128 error Missing: signal-exit@4.1.0 from lock file
1128 error Missing: strip-final-newline@3.0.0 from lock file
1128 error Missing: mlly@1.8.2 from lock file
1128 error Missing: pkg-types@1.3.1 from lock file
1128 error Missing: pathe@2.0.3 from lock file
1128 error Missing: ufo@1.6.3 from lock file
1128 error Missing: path-key@4.0.0 from lock file
1128 error Missing: mimic-fn@4.0.0 from lock file
1128 error Missing: confbox@0.1.8 from lock file
1128 error Missing: pathe@2.0.3 from lock file
1128 error Missing: @jest/schemas@29.6.3 from lock file
1128 error Missing: ansi-styles@5.2.0 from lock file
1128 error Missing: react-is@18.3.1 from lock file
1128 error Missing: @sinclair/typebox@0.27.10 from lock file
1128 error Missing: js-tokens@9.0.1 from lock file
1128 error Missing: cac@6.7.14 from lock file
1128 error Missing: vite@5.4.21 from lock file
1128 error Missing: iconv-lite@0.6.3 from lock file
1128 error Missing: safer-buffer@2.1.2 from lock file
1128 error Missing: siginfo@2.0.0 from lock file
1128 error Missing: stackback@0.0.2 from lock file
1128 error Missing: yocto-queue@1.2.2 from lock file
1128 error Missing: esbuild@0.21.5 from lock file
1128 error Missing: @esbuild/aix-ppc64@0.21.5 from lock file
1128 error Missing: @esbuild/android-arm@0.21.5 from lock file
1128 error Missing: @esbuild/android-arm64@0.21.5 from lock file
1128 error Missing: @esbuild/android-x64@0.21.5 from lock file
1128 error Missing: @esbuild/darwin-arm64@0.21.5 from lock file
1128 error Missing: @esbuild/darwin-x64@0.21.5 from lock file
1128 error Missing: @esbuild/freebsd-arm64@0.21.5 from lock file
1128 error Missing: @esbuild/freebsd-x64@0.21.5 from lock file
1128 error Missing: @esbuild/linux-arm@0.21.5 from lock file
1128 error Missing: @esbuild/linux-arm64@0.21.5 from lock file
1128 error Missing: @esbuild/linux-ia32@0.21.5 from lock file
1128 error Missing: @esbuild/linux-loong64@0.21.5 from lock file
1128 error Missing: @esbuild/linux-mips64el@0.21.5 from lock file
1128 error Missing: @esbuild/linux-ppc64@0.21.5 from lock file
1128 error Missing: @esbuild/linux-riscv64@0.21.5 from lock file
1128 error Missing: @esbuild/linux-s390x@0.21.5 from lock file
1128 error Missing: @esbuild/linux-x64@0.21.5 from lock file
1128 error Missing: @esbuild/netbsd-x64@0.21.5 from lock file
1128 error Missing: @esbuild/openbsd-x64@0.21.5 from lock file
1128 error Missing: @esbuild/sunos-x64@0.21.5 from lock file
1128 error Missing: @esbuild/win32-arm64@0.21.5 from lock file
1128 error Missing: @esbuild/win32-ia32@0.21.5 from lock file
1128 error Missing: @esbuild/win32-x64@0.21.5 from lock file
1128 error Missing: esbuild@0.21.5 from lock file
1128 error Missing: @esbuild/aix-ppc64@0.21.5 from lock file
1128 error Missing: @esbuild/android-arm@0.21.5 from lock file
1128 error Missing: @esbuild/android-arm64@0.21.5 from lock file
1128 error Missing: @esbuild/android-x64@0.21.5 from lock file
1128 error Missing: @esbuild/darwin-arm64@0.21.5 from lock file
1128 error Missing: @esbuild/darwin-x64@0.21.5 from lock file
1128 error Missing: @esbuild/freebsd-arm64@0.21.5 from lock file
1128 error Missing: @esbuild/freebsd-x64@0.21.5 from lock file
1128 error Missing: @esbuild/linux-arm@0.21.5 from lock file
1128 error Missing: @esbuild/linux-arm64@0.21.5 from lock file
1128 error Missing: @esbuild/linux-ia32@0.21.5 from lock file
1128 error Missing: @esbuild/linux-loong64@0.21.5 from lock file
1128 error Missing: @esbuild/linux-mips64el@0.21.5 from lock file
1128 error Missing: @esbuild/linux-ppc64@0.21.5 from lock file
1128 error Missing: @esbuild/linux-riscv64@0.21.5 from lock file
1128 error Missing: @esbuild/linux-s390x@0.21.5 from lock file
1128 error Missing: @esbuild/linux-x64@0.21.5 from lock file
1128 error Missing: @esbuild/netbsd-x64@0.21.5 from lock file
1128 error Missing: @esbuild/openbsd-x64@0.21.5 from lock file
1128 error Missing: @esbuild/sunos-x64@0.21.5 from lock file
1128 error Missing: @esbuild/win32-arm64@0.21.5 from lock file
1128 error Missing: @esbuild/win32-ia32@0.21.5 from lock file
1128 error Missing: @esbuild/win32-x64@0.21.5 from lock file
1128 error
1128 error Clean install a project
1128 error
1128 error Usage:
1128 error npm ci
1128 error
1128 error Options:
1128 error [--install-strategy <hoisted|nested|shallow|linked>] [--legacy-bundling]
1128 error [--global-style] [--omit <dev|optional|peer> [--omit <dev|optional|peer> ...]]
1128 error [--include <prod|dev|optional|peer> [--include <prod|dev|optional|peer> ...]]
1128 error [--strict-peer-deps] [--foreground-scripts] [--ignore-scripts] [--no-audit]
1128 error [--no-bin-links] [--no-fund] [--dry-run]
1128 error [-w|--workspace <workspace-name> [-w|--workspace <workspace-name> ...]]
1128 error [--workspaces] [--include-workspace-root] [--install-links]
1128 error
1128 error aliases: clean-install, ic, install-clean, isntall-clean
1128 error
1128 error Run "npm help ci" for more info
1129 verbose cwd /Users/filipkeser/Documents/Antigravity
1130 verbose os Darwin 25.4.0
1131 verbose node v24.12.0
1132 verbose npm  v11.6.2
1133 notice
1133 notice New [33mminor[39m version of npm available! [33m11.6.2[39m -> [34m11.12.1[39m
1133 notice Changelog: [34mhttps://github.com/npm/cli/releases/tag/v11.12.1[39m
1133 notice To update run: [4mnpm install -g npm@11.12.1[24m
1133 notice  { force: true, Symbol(proc-log.meta): true }
1134 verbose exit 1
1135 verbose code 1
1136 error A complete log of this run can be found in: /Users/filipkeser/Documents/Antigravity/.npm_cache_new/_logs/2026-04-18T15_10_38_350Z-debug-0.log
