/Users/filipkeser/Documents/Antigravity/.venv/lib/python3.9/site-packages/urllib3/__init__.py:35: NotOpenSSLWarning: urllib3 v2 only supports OpenSSL 1.1.1+, currently the 'ssl' module is compiled with 'LibreSSL 2.8.3'. See: https://github.com/urllib3/urllib3/issues/3020
  warnings.warn(
15:01:50 - AutonomousOrchestrator - INFO - === Syra Autonomous Orchestrator Started ===
15:01:50 - AutonomousOrchestrator - INFO - Starting Autonomous Evolution Cycle...
15:01:50 - SupabaseManager - INFO - Supabase Postgres Client connected!
15:01:50 - httpx - INFO - HTTP Request: POST https://tevdxaufsnpsbvvurddg.supabase.co/rest/v1/memory_store "HTTP/2 201 Created"
15:01:50 - SystemOrchestrator - INFO - === Starting Massive Synchronized Autonomous Cycle ===
15:01:50 - SystemOrchestrator - INFO - Starting Scraper...
15:01:50 - SystemOrchestrator - ERROR - Scraper failed: Traceback (most recent call last):
  File "/Users/filipkeser/Documents/Antigravity/scraper.py", line 1, in <module>
    import aiohttp
ModuleNotFoundError: No module named 'aiohttp'

15:01:50 - SystemOrchestrator - INFO - Dynamically loaded imbued expert: SwiftEvolutionExpertImbued
15:01:50 - SystemOrchestrator - INFO - Instantiated ecosystem with 176 autonomous agents (including 1 imbued experts).
15:01:50 - AgentOrchestrator - INFO - Starting Autonomous Execution Cycle (v1.42)...
15:01:50 - AgentOrchestrator - INFO - Executing Tier 1: ['HealthCheckAgent', 'RobotTxtAgent', 'AnalysisAgent', 'SwarmAgent_00_DEFINE', 'SwarmAgent_05_RESEARCH_WORLD', 'SwarmAgent_06_AD_TECH_PROBE', 'SwarmAgent_07_DEFINE', 'SwarmAgent_12_RESEARCH_WORLD', 'SwarmAgent_13_AD_TECH_PROBE', 'SwarmAgent_14_DEFINE', 'SwarmAgent_19_RESEARCH_WORLD', 'SwarmAgent_20_AD_TECH_PROBE', 'SwarmAgent_21_DEFINE', 'SwarmAgent_26_RESEARCH_WORLD', 'SwarmAgent_27_AD_TECH_PROBE', 'SwarmAgent_28_DEFINE', 'SwarmAgent_33_RESEARCH_WORLD', 'SwarmAgent_34_AD_TECH_PROBE', 'SwarmAgent_35_DEFINE', 'SwarmAgent_40_RESEARCH_WORLD', 'SwarmAgent_41_AD_TECH_PROBE', 'SwarmAgent_42_DEFINE', 'SwarmAgent_47_RESEARCH_WORLD', 'SwarmAgent_48_AD_TECH_PROBE', 'SwarmAgent_49_DEFINE', 'SwarmAgent_54_RESEARCH_WORLD', 'SwarmAgent_55_AD_TECH_PROBE', 'SwarmAgent_56_DEFINE', 'SwarmAgent_61_RESEARCH_WORLD', 'SwarmAgent_62_AD_TECH_PROBE', 'SwarmAgent_63_DEFINE', 'SwarmAgent_68_RESEARCH_WORLD', 'SwarmAgent_69_AD_TECH_PROBE', 'SwarmAgent_70_DEFINE', 'SwarmAgent_75_RESEARCH_WORLD', 'SwarmAgent_76_AD_TECH_PROBE', 'SwarmAgent_77_DEFINE', 'SwarmAgent_82_RESEARCH_WORLD', 'SwarmAgent_83_AD_TECH_PROBE', 'SwarmAgent_84_DEFINE', 'SwarmAgent_89_RESEARCH_WORLD', 'SwarmAgent_90_AD_TECH_PROBE', 'SwarmAgent_91_DEFINE', 'SwarmAgent_96_RESEARCH_WORLD', 'SwarmAgent_97_AD_TECH_PROBE', 'SwarmAgent_98_DEFINE', 'System_Backup_00', 'System_Backup_01', 'System_Backup_02', 'System_Backup_03', 'System_Backup_04', 'System_Backup_05', 'System_Backup_06', 'System_Backup_07', 'System_Backup_08', 'System_Backup_09', 'System_Backup_10', 'System_Backup_11', 'System_Backup_12', 'System_Backup_13', 'System_Backup_14', 'System_Backup_15', 'System_Backup_16', 'System_Backup_17', 'System_Backup_18', 'System_Backup_19', 'System_Backup_20', 'System_Backup_21', 'System_Backup_22', 'System_Backup_23', 'System_Backup_24', 'System_Backup_25', 'System_Backup_26', 'System_Backup_27', 'System_Backup_28', 'System_Backup_29', 'System_Backup_30', 'System_Backup_31', 'System_Backup_32', 'System_Backup_33', 'System_Backup_34', 'System_Backup_35', 'System_Backup_36', 'System_Backup_37', 'System_Backup_38', 'System_Backup_39', 'System_Backup_40', 'System_Backup_41', 'System_Backup_42', 'System_Backup_43', 'System_Backup_44', 'System_Backup_45', 'System_Backup_46', 'System_Backup_47', 'System_Backup_48', 'System_Backup_49']
15:01:50 - HealthCheckAgent - INFO - Running Health Check...
15:01:50 - RobotTxtAgent - INFO - Checking robots.txt compliance and secrets...
15:01:50 - RobotTxtAgent - INFO - Fetching https://markposition.wordpress.com/robots.txt
15:01:51 - MongoManager - INFO - MongoDB Clustered Intelligence connected to: sigma_swarm
15:01:51 - AnalysisAgent - INFO - Running Analysis...
15:01:51 - TelemetryManager - INFO - [TELEMETRY] AnalysisAgent emitted MARKET_DATA_ANALYSIS for AD_ADS_ADVERTISE
15:01:51 - SwarmAgent_00_DEFINE - INFO - [DEFINE] Executing SEO Micro-task: Market Probe
15:01:51 - SwarmAgent_05_RESEARCH_WORLD - INFO - [RESEARCH_WORLD] Executing SEO Micro-task: Market Probe
15:01:51 - SwarmAgent_06_AD_TECH_PROBE - INFO - [AD_TECH_PROBE] Executing SEO Micro-task: Market Probe
15:01:51 - SwarmAgent_07_DEFINE - INFO - [DEFINE] Executing SEO Micro-task: Keyword Sync
15:01:51 - SwarmAgent_12_RESEARCH_WORLD - INFO - [RESEARCH_WORLD] Executing SEO Micro-task: Domain Research
15:01:51 - SwarmAgent_13_AD_TECH_PROBE - INFO - [AD_TECH_PROBE] Executing SEO Micro-task: Keyword Sync
15:01:51 - SwarmAgent_14_DEFINE - INFO - [DEFINE] Executing SEO Micro-task: Market Probe
15:01:51 - SwarmAgent_19_RESEARCH_WORLD - INFO - [RESEARCH_WORLD] Executing SEO Micro-task: Domain Research
15:01:51 - SwarmAgent_20_AD_TECH_PROBE - INFO - [AD_TECH_PROBE] Executing SEO Micro-task: Market Probe
15:01:51 - SwarmAgent_21_DEFINE - INFO - [DEFINE] Executing SEO Micro-task: SEO Audit
15:01:51 - SwarmAgent_26_RESEARCH_WORLD - INFO - [RESEARCH_WORLD] Executing SEO Micro-task: Keyword Sync
15:01:51 - SwarmAgent_27_AD_TECH_PROBE - INFO - [AD_TECH_PROBE] Executing SEO Micro-task: Market Probe
15:01:51 - SwarmAgent_28_DEFINE - INFO - [DEFINE] Executing SEO Micro-task: SEO Audit
15:01:51 - SwarmAgent_33_RESEARCH_WORLD - INFO - [RESEARCH_WORLD] Executing SEO Micro-task: Domain Research
15:01:51 - SwarmAgent_34_AD_TECH_PROBE - INFO - [AD_TECH_PROBE] Executing SEO Micro-task: Market Probe
15:01:51 - SwarmAgent_35_DEFINE - INFO - [DEFINE] Executing SEO Micro-task: SEO Audit
15:01:51 - SwarmAgent_40_RESEARCH_WORLD - INFO - [RESEARCH_WORLD] Executing SEO Micro-task: Market Probe
15:01:51 - SwarmAgent_41_AD_TECH_PROBE - INFO - [AD_TECH_PROBE] Executing SEO Micro-task: SEO Audit
15:01:51 - SwarmAgent_42_DEFINE - INFO - [DEFINE] Executing SEO Micro-task: Market Probe
15:01:51 - SwarmAgent_47_RESEARCH_WORLD - INFO - [RESEARCH_WORLD] Executing SEO Micro-task: Domain Research
15:01:51 - SwarmAgent_48_AD_TECH_PROBE - INFO - [AD_TECH_PROBE] Executing SEO Micro-task: Keyword Sync
15:01:51 - SwarmAgent_49_DEFINE - INFO - [DEFINE] Executing SEO Micro-task: Market Probe
15:01:51 - SwarmAgent_54_RESEARCH_WORLD - INFO - [RESEARCH_WORLD] Executing SEO Micro-task: Market Probe
15:01:51 - SwarmAgent_55_AD_TECH_PROBE - INFO - [AD_TECH_PROBE] Executing SEO Micro-task: Domain Research
15:01:51 - SwarmAgent_56_DEFINE - INFO - [DEFINE] Executing SEO Micro-task: Keyword Sync
15:01:51 - SwarmAgent_61_RESEARCH_WORLD - INFO - [RESEARCH_WORLD] Executing SEO Micro-task: Market Probe
15:01:51 - SwarmAgent_62_AD_TECH_PROBE - INFO - [AD_TECH_PROBE] Executing SEO Micro-task: Market Probe
15:01:51 - SwarmAgent_63_DEFINE - INFO - [DEFINE] Executing SEO Micro-task: SEO Audit
15:01:51 - SwarmAgent_68_RESEARCH_WORLD - INFO - [RESEARCH_WORLD] Executing SEO Micro-task: Market Probe
15:01:51 - SwarmAgent_69_AD_TECH_PROBE - INFO - [AD_TECH_PROBE] Executing SEO Micro-task: Domain Research
15:01:51 - SwarmAgent_70_DEFINE - INFO - [DEFINE] Executing SEO Micro-task: SEO Audit
15:01:51 - SwarmAgent_75_RESEARCH_WORLD - INFO - [RESEARCH_WORLD] Executing SEO Micro-task: Domain Research
15:01:51 - SwarmAgent_76_AD_TECH_PROBE - INFO - [AD_TECH_PROBE] Executing SEO Micro-task: SEO Audit
15:01:51 - SwarmAgent_77_DEFINE - INFO - [DEFINE] Executing SEO Micro-task: Market Probe
15:01:51 - SwarmAgent_82_RESEARCH_WORLD - INFO - [RESEARCH_WORLD] Executing SEO Micro-task: SEO Audit
15:01:51 - SwarmAgent_83_AD_TECH_PROBE - INFO - [AD_TECH_PROBE] Executing SEO Micro-task: Domain Research
15:01:51 - SwarmAgent_84_DEFINE - INFO - [DEFINE] Executing SEO Micro-task: SEO Audit
15:01:51 - SwarmAgent_89_RESEARCH_WORLD - INFO - [RESEARCH_WORLD] Executing SEO Micro-task: Keyword Sync
15:01:51 - SwarmAgent_90_AD_TECH_PROBE - INFO - [AD_TECH_PROBE] Executing SEO Micro-task: Domain Research
15:01:51 - SwarmAgent_91_DEFINE - INFO - [DEFINE] Executing SEO Micro-task: SEO Audit
15:01:51 - SwarmAgent_96_RESEARCH_WORLD - INFO - [RESEARCH_WORLD] Executing SEO Micro-task: Market Probe
15:01:51 - SwarmAgent_97_AD_TECH_PROBE - INFO - [AD_TECH_PROBE] Executing SEO Micro-task: SEO Audit
15:01:51 - SwarmAgent_98_DEFINE - INFO - [DEFINE] Executing SEO Micro-task: SEO Audit
15:01:51 - System_Backup_00 - INFO - [FAILOVER] Redundancy active. Monitoring state...
15:01:51 - System_Backup_01 - INFO - [FAILOVER] Redundancy active. Monitoring state...
15:01:51 - System_Backup_02 - INFO - [FAILOVER] Redundancy active. Monitoring state...
15:01:51 - System_Backup_03 - INFO - [FAILOVER] Redundancy active. Monitoring state...
15:01:51 - System_Backup_04 - INFO - [FAILOVER] Redundancy active. Monitoring state...
15:01:51 - System_Backup_05 - INFO - [FAILOVER] Redundancy active. Monitoring state...
15:01:51 - System_Backup_06 - INFO - [FAILOVER] Redundancy active. Monitoring state...
15:01:51 - System_Backup_07 - INFO - [FAILOVER] Redundancy active. Monitoring state...
15:01:51 - System_Backup_08 - INFO - [FAILOVER] Redundancy active. Monitoring state...
15:01:51 - System_Backup_09 - INFO - [FAILOVER] Redundancy active. Monitoring state...
15:01:51 - System_Backup_10 - INFO - [FAILOVER] Redundancy active. Monitoring state...
15:01:51 - System_Backup_11 - INFO - [FAILOVER] Redundancy active. Monitoring state...
15:01:51 - System_Backup_12 - INFO - [FAILOVER] Redundancy active. Monitoring state...
15:01:51 - System_Backup_13 - INFO - [FAILOVER] Redundancy active. Monitoring state...
15:01:51 - System_Backup_14 - INFO - [FAILOVER] Redundancy active. Monitoring state...
15:01:51 - System_Backup_15 - INFO - [FAILOVER] Redundancy active. Monitoring state...
15:01:51 - System_Backup_16 - INFO - [FAILOVER] Redundancy active. Monitoring state...
15:01:51 - System_Backup_17 - INFO - [FAILOVER] Redundancy active. Monitoring state...
15:01:51 - System_Backup_18 - INFO - [FAILOVER] Redundancy active. Monitoring state...
15:01:51 - System_Backup_19 - INFO - [FAILOVER] Redundancy active. Monitoring state...
15:01:51 - System_Backup_20 - INFO - [FAILOVER] Redundancy active. Monitoring state...
15:01:51 - System_Backup_21 - INFO - [FAILOVER] Redundancy active. Monitoring state...
15:01:51 - System_Backup_22 - INFO - [FAILOVER] Redundancy active. Monitoring state...
15:01:51 - System_Backup_23 - INFO - [FAILOVER] Redundancy active. Monitoring state...
15:01:51 - System_Backup_24 - INFO - [FAILOVER] Redundancy active. Monitoring state...
15:01:51 - System_Backup_25 - INFO - [FAILOVER] Redundancy active. Monitoring state...
15:01:51 - System_Backup_26 - INFO - [FAILOVER] Redundancy active. Monitoring state...
15:01:51 - System_Backup_27 - INFO - [FAILOVER] Redundancy active. Monitoring state...
15:01:51 - System_Backup_28 - INFO - [FAILOVER] Redundancy active. Monitoring state...
15:01:51 - System_Backup_29 - INFO - [FAILOVER] Redundancy active. Monitoring state...
15:01:51 - System_Backup_30 - INFO - [FAILOVER] Redundancy active. Monitoring state...
15:01:51 - System_Backup_31 - INFO - [FAILOVER] Redundancy active. Monitoring state...
15:01:51 - System_Backup_32 - INFO - [FAILOVER] Redundancy active. Monitoring state...
15:01:51 - System_Backup_33 - INFO - [FAILOVER] Redundancy active. Monitoring state...
15:01:51 - System_Backup_34 - INFO - [FAILOVER] Redundancy active. Monitoring state...
15:01:51 - System_Backup_35 - INFO - [FAILOVER] Redundancy active. Monitoring state...
15:01:51 - System_Backup_36 - INFO - [FAILOVER] Redundancy active. Monitoring state...
15:01:51 - System_Backup_37 - INFO - [FAILOVER] Redundancy active. Monitoring state...
15:01:51 - System_Backup_38 - INFO - [FAILOVER] Redundancy active. Monitoring state...
15:01:51 - System_Backup_39 - INFO - [FAILOVER] Redundancy active. Monitoring state...
15:01:51 - System_Backup_40 - INFO - [FAILOVER] Redundancy active. Monitoring state...
15:01:51 - System_Backup_41 - INFO - [FAILOVER] Redundancy active. Monitoring state...
15:01:51 - System_Backup_42 - INFO - [FAILOVER] Redundancy active. Monitoring state...
15:01:51 - System_Backup_43 - INFO - [FAILOVER] Redundancy active. Monitoring state...
15:01:51 - System_Backup_44 - INFO - [FAILOVER] Redundancy active. Monitoring state...
15:01:51 - System_Backup_45 - INFO - [FAILOVER] Redundancy active. Monitoring state...
15:01:51 - System_Backup_46 - INFO - [FAILOVER] Redundancy active. Monitoring state...
15:01:51 - System_Backup_47 - INFO - [FAILOVER] Redundancy active. Monitoring state...
15:01:51 - System_Backup_48 - INFO - [FAILOVER] Redundancy active. Monitoring state...
15:01:51 - System_Backup_49 - INFO - [FAILOVER] Redundancy active. Monitoring state...
15:02:01 - RobotTxtAgent - WARNING - Failed to load memory from MongoDB: SSL handshake failed: ac-8xlp2xc-shard-00-01.nc9rsuw.mongodb.net:27017: [SSL: TLSV1_ALERT_INTERNAL_ERROR] tlsv1 alert internal error (_ssl.c:1129) (configured timeouts: socketTimeoutMS: 20000.0ms, connectTimeoutMS: 20000.0ms),SSL handshake failed: ac-8xlp2xc-shard-00-02.nc9rsuw.mongodb.net:27017: [SSL: TLSV1_ALERT_INTERNAL_ERROR] tlsv1 alert internal error (_ssl.c:1129) (configured timeouts: socketTimeoutMS: 20000.0ms, connectTimeoutMS: 20000.0ms),SSL handshake failed: ac-8xlp2xc-shard-00-00.nc9rsuw.mongodb.net:27017: [SSL: TLSV1_ALERT_INTERNAL_ERROR] tlsv1 alert internal error (_ssl.c:1129) (configured timeouts: socketTimeoutMS: 20000.0ms, connectTimeoutMS: 20000.0ms), Timeout: 10.0s, Topology Description: <TopologyDescription id: 69e22f3fed403a7ca528fedf, topology_type: ReplicaSetNoPrimary, servers: [<ServerDescription ('ac-8xlp2xc-shard-00-00.nc9rsuw.mongodb.net', 27017) server_type: Unknown, rtt: None, error=AutoReconnect('SSL handshake failed: ac-8xlp2xc-shard-00-00.nc9rsuw.mongodb.net:27017: [SSL: TLSV1_ALERT_INTERNAL_ERROR] tlsv1 alert internal error (_ssl.c:1129) (configured timeouts: socketTimeoutMS: 20000.0ms, connectTimeoutMS: 20000.0ms)')>, <ServerDescription ('ac-8xlp2xc-shard-00-01.nc9rsuw.mongodb.net', 27017) server_type: Unknown, rtt: None, error=AutoReconnect('SSL handshake failed: ac-8xlp2xc-shard-00-01.nc9rsuw.mongodb.net:27017: [SSL: TLSV1_ALERT_INTERNAL_ERROR] tlsv1 alert internal error (_ssl.c:1129) (configured timeouts: socketTimeoutMS: 20000.0ms, connectTimeoutMS: 20000.0ms)')>, <ServerDescription ('ac-8xlp2xc-shard-00-02.nc9rsuw.mongodb.net', 27017) server_type: Unknown, rtt: None, error=AutoReconnect('SSL handshake failed: ac-8xlp2xc-shard-00-02.nc9rsuw.mongodb.net:27017: [SSL: TLSV1_ALERT_INTERNAL_ERROR] tlsv1 alert internal error (_ssl.c:1129) (configured timeouts: socketTimeoutMS: 20000.0ms, connectTimeoutMS: 20000.0ms)')>]>. Falling back to JSON.
15:02:01 - AgentOrchestrator - INFO - Executing Tier 2: ['ResearchAgent', 'SwarmAgent_01_MEASURE', 'SwarmAgent_02_ANALYZE', 'SwarmAgent_08_MEASURE', 'SwarmAgent_09_ANALYZE', 'SwarmAgent_15_MEASURE', 'SwarmAgent_16_ANALYZE', 'SwarmAgent_22_MEASURE', 'SwarmAgent_23_ANALYZE', 'SwarmAgent_29_MEASURE', 'SwarmAgent_30_ANALYZE', 'SwarmAgent_36_MEASURE', 'SwarmAgent_37_ANALYZE', 'SwarmAgent_43_MEASURE', 'SwarmAgent_44_ANALYZE', 'SwarmAgent_50_MEASURE', 'SwarmAgent_51_ANALYZE', 'SwarmAgent_57_MEASURE', 'SwarmAgent_58_ANALYZE', 'SwarmAgent_64_MEASURE', 'SwarmAgent_65_ANALYZE', 'SwarmAgent_71_MEASURE', 'SwarmAgent_72_ANALYZE', 'SwarmAgent_78_MEASURE', 'SwarmAgent_79_ANALYZE', 'SwarmAgent_85_MEASURE', 'SwarmAgent_86_ANALYZE', 'SwarmAgent_92_MEASURE', 'SwarmAgent_93_ANALYZE', 'SwarmAgent_99_MEASURE']
15:02:01 - httpx - INFO - HTTP Request: POST https://tevdxaufsnpsbvvurddg.supabase.co/rest/v1/telemetry?columns=%22id%22%2C%22event_data%22%2C%22recorded_at%22 "HTTP/2 201 Created"
15:02:01 - ResearchAgent - INFO - Running High-Level Autonomous Research & Outside World Investigation...
15:02:01 - SwarmAgent_01_MEASURE - INFO - [MEASURE] Executing SEO Micro-task: SEO Audit
15:02:01 - SwarmAgent_02_ANALYZE - INFO - [ANALYZE] Executing SEO Micro-task: Market Probe
15:02:01 - SwarmAgent_08_MEASURE - INFO - [MEASURE] Executing SEO Micro-task: Market Probe
15:02:01 - SwarmAgent_09_ANALYZE - INFO - [ANALYZE] Executing SEO Micro-task: Domain Research
15:02:01 - SwarmAgent_15_MEASURE - INFO - [MEASURE] Executing SEO Micro-task: Domain Research
15:02:01 - SwarmAgent_16_ANALYZE - INFO - [ANALYZE] Executing SEO Micro-task: Domain Research
15:02:01 - SwarmAgent_22_MEASURE - INFO - [MEASURE] Executing SEO Micro-task: Keyword Sync
15:02:01 - SwarmAgent_23_ANALYZE - INFO - [ANALYZE] Executing SEO Micro-task: Domain Research
15:02:01 - SwarmAgent_29_MEASURE - INFO - [MEASURE] Executing SEO Micro-task: Keyword Sync
15:02:01 - SwarmAgent_30_ANALYZE - INFO - [ANALYZE] Executing SEO Micro-task: Market Probe
15:02:01 - SwarmAgent_36_MEASURE - INFO - [MEASURE] Executing SEO Micro-task: Keyword Sync
15:02:01 - SwarmAgent_37_ANALYZE - INFO - [ANALYZE] Executing SEO Micro-task: Keyword Sync
15:02:01 - SwarmAgent_43_MEASURE - INFO - [MEASURE] Executing SEO Micro-task: SEO Audit
15:02:01 - SwarmAgent_44_ANALYZE - INFO - [ANALYZE] Executing SEO Micro-task: SEO Audit
15:02:01 - SwarmAgent_50_MEASURE - INFO - [MEASURE] Executing SEO Micro-task: Domain Research
15:02:01 - SwarmAgent_51_ANALYZE - INFO - [ANALYZE] Executing SEO Micro-task: Keyword Sync
15:02:01 - SwarmAgent_57_MEASURE - INFO - [MEASURE] Executing SEO Micro-task: Market Probe
15:02:01 - SwarmAgent_58_ANALYZE - INFO - [ANALYZE] Executing SEO Micro-task: Keyword Sync
15:02:01 - SwarmAgent_64_MEASURE - INFO - [MEASURE] Executing SEO Micro-task: SEO Audit
15:02:01 - SwarmAgent_65_ANALYZE - INFO - [ANALYZE] Executing SEO Micro-task: Domain Research
15:02:01 - SwarmAgent_71_MEASURE - INFO - [MEASURE] Executing SEO Micro-task: Keyword Sync
15:02:01 - SwarmAgent_72_ANALYZE - INFO - [ANALYZE] Executing SEO Micro-task: Keyword Sync
15:02:01 - SwarmAgent_78_MEASURE - INFO - [MEASURE] Executing SEO Micro-task: Domain Research
15:02:01 - SwarmAgent_79_ANALYZE - INFO - [ANALYZE] Executing SEO Micro-task: Domain Research
15:02:01 - SwarmAgent_85_MEASURE - INFO - [MEASURE] Executing SEO Micro-task: Market Probe
15:02:01 - SwarmAgent_86_ANALYZE - INFO - [ANALYZE] Executing SEO Micro-task: SEO Audit
15:02:01 - SwarmAgent_92_MEASURE - INFO - [MEASURE] Executing SEO Micro-task: SEO Audit
15:02:01 - SwarmAgent_93_ANALYZE - INFO - [ANALYZE] Executing SEO Micro-task: Keyword Sync
15:02:01 - SwarmAgent_99_MEASURE - INFO - [MEASURE] Executing SEO Micro-task: Market Probe
15:02:01 - TelemetryManager - INFO - [TELEMETRY] ResearchAgent emitted EXTERNAL_INVESTIGATION for GOOGLE_WORLD
15:02:01 - TelemetryManager - INFO - [TELEMETRY] ResearchAgent emitted EXTERNAL_INVESTIGATION for GOOGLE_WORLD
15:02:01 - TelemetryManager - INFO - [TELEMETRY] ResearchAgent emitted EXTERNAL_INVESTIGATION for GOOGLE_WORLD
15:02:02 - TelemetryManager - INFO - [TELEMETRY] ResearchAgent emitted EXTERNAL_INVESTIGATION for GOOGLE_WORLD
15:02:02 - ResearchAgent - INFO - Research and World Investigation completed for 10 domains.
15:02:02 - AgentOrchestrator - INFO - Executing Tier 3: ['IntelligenceAgent', 'SearchConsoleAuditor']
15:02:02 - httpx - INFO - HTTP Request: POST https://tevdxaufsnpsbvvurddg.supabase.co/rest/v1/telemetry?columns=%22id%22%2C%22event_data%22%2C%22recorded_at%22 "HTTP/2 201 Created"
15:02:02 - IntelligenceAgent - INFO - Running Intelligence Synchronization & External World Collaboration...
15:02:02 - SearchConsoleAuditor - INFO - Running Deep-Skill SEO Audit (Search Console Mastery)...
15:02:11 - TelemetryManager - WARNING - MongoDB telemetry sync failed: SSL handshake failed: ac-8xlp2xc-shard-00-01.nc9rsuw.mongodb.net:27017: [SSL: TLSV1_ALERT_INTERNAL_ERROR] tlsv1 alert internal error (_ssl.c:1129) (configured timeouts: socketTimeoutMS: 20000.0ms, connectTimeoutMS: 20000.0ms),SSL handshake failed: ac-8xlp2xc-shard-00-02.nc9rsuw.mongodb.net:27017: [SSL: TLSV1_ALERT_INTERNAL_ERROR] tlsv1 alert internal error (_ssl.c:1129) (configured timeouts: socketTimeoutMS: 20000.0ms, connectTimeoutMS: 20000.0ms),SSL handshake failed: ac-8xlp2xc-shard-00-00.nc9rsuw.mongodb.net:27017: [SSL: TLSV1_ALERT_INTERNAL_ERROR] tlsv1 alert internal error (_ssl.c:1129) (configured timeouts: socketTimeoutMS: 20000.0ms, connectTimeoutMS: 20000.0ms), Timeout: 10.0s, Topology Description: <TopologyDescription id: 69e22f3fed403a7ca528fedf, topology_type: ReplicaSetNoPrimary, servers: [<ServerDescription ('ac-8xlp2xc-shard-00-00.nc9rsuw.mongodb.net', 27017) server_type: Unknown, rtt: None, error=AutoReconnect('SSL handshake failed: ac-8xlp2xc-shard-00-00.nc9rsuw.mongodb.net:27017: [SSL: TLSV1_ALERT_INTERNAL_ERROR] tlsv1 alert internal error (_ssl.c:1129) (configured timeouts: socketTimeoutMS: 20000.0ms, connectTimeoutMS: 20000.0ms)')>, <ServerDescription ('ac-8xlp2xc-shard-00-01.nc9rsuw.mongodb.net', 27017) server_type: Unknown, rtt: None, error=AutoReconnect('SSL handshake failed: ac-8xlp2xc-shard-00-01.nc9rsuw.mongodb.net:27017: [SSL: TLSV1_ALERT_INTERNAL_ERROR] tlsv1 alert internal error (_ssl.c:1129) (configured timeouts: socketTimeoutMS: 20000.0ms, connectTimeoutMS: 20000.0ms)')>, <ServerDescription ('ac-8xlp2xc-shard-00-02.nc9rsuw.mongodb.net', 27017) server_type: Unknown, rtt: None, error=AutoReconnect('SSL handshake failed: ac-8xlp2xc-shard-00-02.nc9rsuw.mongodb.net:27017: [SSL: TLSV1_ALERT_INTERNAL_ERROR] tlsv1 alert internal error (_ssl.c:1129) (configured timeouts: socketTimeoutMS: 20000.0ms, connectTimeoutMS: 20000.0ms)')>]>
15:02:12 - TelemetryManager - WARNING - MongoDB telemetry sync failed: SSL handshake failed: ac-8xlp2xc-shard-00-01.nc9rsuw.mongodb.net:27017: [SSL: TLSV1_ALERT_INTERNAL_ERROR] tlsv1 alert internal error (_ssl.c:1129) (configured timeouts: socketTimeoutMS: 20000.0ms, connectTimeoutMS: 20000.0ms),SSL handshake failed: ac-8xlp2xc-shard-00-02.nc9rsuw.mongodb.net:27017: [SSL: TLSV1_ALERT_INTERNAL_ERROR] tlsv1 alert internal error (_ssl.c:1129) (configured timeouts: socketTimeoutMS: 20000.0ms, connectTimeoutMS: 20000.0ms),SSL handshake failed: ac-8xlp2xc-shard-00-00.nc9rsuw.mongodb.net:27017: [SSL: TLSV1_ALERT_INTERNAL_ERROR] tlsv1 alert internal error (_ssl.c:1129) (configured timeouts: socketTimeoutMS: 20000.0ms, connectTimeoutMS: 20000.0ms), Timeout: 10.0s, Topology Description: <TopologyDescription id: 69e22f3fed403a7ca528fedf, topology_type: ReplicaSetNoPrimary, servers: [<ServerDescription ('ac-8xlp2xc-shard-00-00.nc9rsuw.mongodb.net', 27017) server_type: Unknown, rtt: None, error=AutoReconnect('SSL handshake failed: ac-8xlp2xc-shard-00-00.nc9rsuw.mongodb.net:27017: [SSL: TLSV1_ALERT_INTERNAL_ERROR] tlsv1 alert internal error (_ssl.c:1129) (configured timeouts: socketTimeoutMS: 20000.0ms, connectTimeoutMS: 20000.0ms)')>, <ServerDescription ('ac-8xlp2xc-shard-00-01.nc9rsuw.mongodb.net', 27017) server_type: Unknown, rtt: None, error=AutoReconnect('SSL handshake failed: ac-8xlp2xc-shard-00-01.nc9rsuw.mongodb.net:27017: [SSL: TLSV1_ALERT_INTERNAL_ERROR] tlsv1 alert internal error (_ssl.c:1129) (configured timeouts: socketTimeoutMS: 20000.0ms, connectTimeoutMS: 20000.0ms)')>, <ServerDescription ('ac-8xlp2xc-shard-00-02.nc9rsuw.mongodb.net', 27017) server_type: Unknown, rtt: None, error=AutoReconnect('SSL handshake failed: ac-8xlp2xc-shard-00-02.nc9rsuw.mongodb.net:27017: [SSL: TLSV1_ALERT_INTERNAL_ERROR] tlsv1 alert internal error (_ssl.c:1129) (configured timeouts: socketTimeoutMS: 20000.0ms, connectTimeoutMS: 20000.0ms)')>]>
15:02:12 - SearchConsoleAuditor - WARNING - Failed to load memory from MongoDB: SSL handshake failed: ac-8xlp2xc-shard-00-01.nc9rsuw.mongodb.net:27017: [SSL: TLSV1_ALERT_INTERNAL_ERROR] tlsv1 alert internal error (_ssl.c:1129) (configured timeouts: socketTimeoutMS: 20000.0ms, connectTimeoutMS: 20000.0ms),SSL handshake failed: ac-8xlp2xc-shard-00-02.nc9rsuw.mongodb.net:27017: [SSL: TLSV1_ALERT_INTERNAL_ERROR] tlsv1 alert internal error (_ssl.c:1129) (configured timeouts: socketTimeoutMS: 20000.0ms, connectTimeoutMS: 20000.0ms),SSL handshake failed: ac-8xlp2xc-shard-00-00.nc9rsuw.mongodb.net:27017: [SSL: TLSV1_ALERT_INTERNAL_ERROR] tlsv1 alert internal error (_ssl.c:1129) (configured timeouts: socketTimeoutMS: 20000.0ms, connectTimeoutMS: 20000.0ms), Timeout: 10.0s, Topology Description: <TopologyDescription id: 69e22f3fed403a7ca528fedf, topology_type: ReplicaSetNoPrimary, servers: [<ServerDescription ('ac-8xlp2xc-shard-00-00.nc9rsuw.mongodb.net', 27017) server_type: Unknown, rtt: None, error=AutoReconnect('SSL handshake failed: ac-8xlp2xc-shard-00-00.nc9rsuw.mongodb.net:27017: [SSL: TLSV1_ALERT_INTERNAL_ERROR] tlsv1 alert internal error (_ssl.c:1129) (configured timeouts: socketTimeoutMS: 20000.0ms, connectTimeoutMS: 20000.0ms)')>, <ServerDescription ('ac-8xlp2xc-shard-00-01.nc9rsuw.mongodb.net', 27017) server_type: Unknown, rtt: None, error=AutoReconnect('SSL handshake failed: ac-8xlp2xc-shard-00-01.nc9rsuw.mongodb.net:27017: [SSL: TLSV1_ALERT_INTERNAL_ERROR] tlsv1 alert internal error (_ssl.c:1129) (configured timeouts: socketTimeoutMS: 20000.0ms, connectTimeoutMS: 20000.0ms)')>, <ServerDescription ('ac-8xlp2xc-shard-00-02.nc9rsuw.mongodb.net', 27017) server_type: Unknown, rtt: None, error=AutoReconnect('SSL handshake failed: ac-8xlp2xc-shard-00-02.nc9rsuw.mongodb.net:27017: [SSL: TLSV1_ALERT_INTERNAL_ERROR] tlsv1 alert internal error (_ssl.c:1129) (configured timeouts: socketTimeoutMS: 20000.0ms, connectTimeoutMS: 20000.0ms)')>]>. Falling back to JSON.
15:02:22 - SearchConsoleAuditor - ERROR - Failed to save memory to MongoDB: SSL handshake failed: ac-8xlp2xc-shard-00-01.nc9rsuw.mongodb.net:27017: [SSL: TLSV1_ALERT_INTERNAL_ERROR] tlsv1 alert internal error (_ssl.c:1129) (configured timeouts: socketTimeoutMS: 20000.0ms, connectTimeoutMS: 20000.0ms),SSL handshake failed: ac-8xlp2xc-shard-00-02.nc9rsuw.mongodb.net:27017: [SSL: TLSV1_ALERT_INTERNAL_ERROR] tlsv1 alert internal error (_ssl.c:1129) (configured timeouts: socketTimeoutMS: 20000.0ms, connectTimeoutMS: 20000.0ms),SSL handshake failed: ac-8xlp2xc-shard-00-00.nc9rsuw.mongodb.net:27017: [SSL: TLSV1_ALERT_INTERNAL_ERROR] tlsv1 alert internal error (_ssl.c:1129) (configured timeouts: socketTimeoutMS: 20000.0ms, connectTimeoutMS: 20000.0ms), Timeout: 10.0s, Topology Description: <TopologyDescription id: 69e22f3fed403a7ca528fedf, topology_type: ReplicaSetNoPrimary, servers: [<ServerDescription ('ac-8xlp2xc-shard-00-00.nc9rsuw.mongodb.net', 27017) server_type: Unknown, rtt: None, error=AutoReconnect('SSL handshake failed: ac-8xlp2xc-shard-00-00.nc9rsuw.mongodb.net:27017: [SSL: TLSV1_ALERT_INTERNAL_ERROR] tlsv1 alert internal error (_ssl.c:1129) (configured timeouts: socketTimeoutMS: 20000.0ms, connectTimeoutMS: 20000.0ms)')>, <ServerDescription ('ac-8xlp2xc-shard-00-01.nc9rsuw.mongodb.net', 27017) server_type: Unknown, rtt: None, error=AutoReconnect('SSL handshake failed: ac-8xlp2xc-shard-00-01.nc9rsuw.mongodb.net:27017: [SSL: TLSV1_ALERT_INTERNAL_ERROR] tlsv1 alert internal error (_ssl.c:1129) (configured timeouts: socketTimeoutMS: 20000.0ms, connectTimeoutMS: 20000.0ms)')>, <ServerDescription ('ac-8xlp2xc-shard-00-02.nc9rsuw.mongodb.net', 27017) server_type: Unknown, rtt: None, error=AutoReconnect('SSL handshake failed: ac-8xlp2xc-shard-00-02.nc9rsuw.mongodb.net:27017: [SSL: TLSV1_ALERT_INTERNAL_ERROR] tlsv1 alert internal error (_ssl.c:1129) (configured timeouts: socketTimeoutMS: 20000.0ms, connectTimeoutMS: 20000.0ms)')>]>
15:02:22 - httpx - INFO - HTTP Request: POST https://tevdxaufsnpsbvvurddg.supabase.co/rest/v1/memory_store?on_conflict=id "HTTP/2 200 OK"
15:02:22 - AgentOrchestrator - INFO - Executing Tier 4: ['TargetingAgent', 'CreativityAgent', 'SwarmAgent_03_IMPROVE', 'SwarmAgent_10_IMPROVE', 'SwarmAgent_17_IMPROVE', 'SwarmAgent_24_IMPROVE', 'SwarmAgent_31_IMPROVE', 'SwarmAgent_38_IMPROVE', 'SwarmAgent_45_IMPROVE', 'SwarmAgent_52_IMPROVE', 'SwarmAgent_59_IMPROVE', 'SwarmAgent_66_IMPROVE', 'SwarmAgent_73_IMPROVE', 'SwarmAgent_80_IMPROVE', 'SwarmAgent_87_IMPROVE', 'SwarmAgent_94_IMPROVE']
15:02:22 - TargetingAgent - INFO - Building Google Optimized Audience Personas...
15:02:22 - CreativityAgent - INFO - Running Creativity Session...
15:02:22 - SwarmAgent_03_IMPROVE - INFO - [IMPROVE] Executing SEO Micro-task: Keyword Sync
15:02:22 - SwarmAgent_10_IMPROVE - INFO - [IMPROVE] Executing SEO Micro-task: SEO Audit
15:02:22 - SwarmAgent_17_IMPROVE - INFO - [IMPROVE] Executing SEO Micro-task: Domain Research
15:02:22 - SwarmAgent_24_IMPROVE - INFO - [IMPROVE] Executing SEO Micro-task: SEO Audit
15:02:22 - SwarmAgent_31_IMPROVE - INFO - [IMPROVE] Executing SEO Micro-task: Domain Research
15:02:22 - SwarmAgent_38_IMPROVE - INFO - [IMPROVE] Executing SEO Micro-task: Keyword Sync
15:02:22 - SwarmAgent_45_IMPROVE - INFO - [IMPROVE] Executing SEO Micro-task: SEO Audit
15:02:22 - SwarmAgent_52_IMPROVE - INFO - [IMPROVE] Executing SEO Micro-task: Market Probe
15:02:22 - SwarmAgent_59_IMPROVE - INFO - [IMPROVE] Executing SEO Micro-task: Market Probe
15:02:22 - SwarmAgent_66_IMPROVE - INFO - [IMPROVE] Executing SEO Micro-task: Market Probe
15:02:22 - SwarmAgent_73_IMPROVE - INFO - [IMPROVE] Executing SEO Micro-task: Market Probe
15:02:22 - SwarmAgent_80_IMPROVE - INFO - [IMPROVE] Executing SEO Micro-task: Market Probe
15:02:22 - SwarmAgent_87_IMPROVE - INFO - [IMPROVE] Executing SEO Micro-task: Keyword Sync
15:02:22 - SwarmAgent_94_IMPROVE - INFO - [IMPROVE] Executing SEO Micro-task: SEO Audit
15:02:33 - TargetingAgent - WARNING - Failed to load memory from MongoDB: SSL handshake failed: ac-8xlp2xc-shard-00-01.nc9rsuw.mongodb.net:27017: [SSL: TLSV1_ALERT_INTERNAL_ERROR] tlsv1 alert internal error (_ssl.c:1129) (configured timeouts: socketTimeoutMS: 20000.0ms, connectTimeoutMS: 20000.0ms),SSL handshake failed: ac-8xlp2xc-shard-00-02.nc9rsuw.mongodb.net:27017: [SSL: TLSV1_ALERT_INTERNAL_ERROR] tlsv1 alert internal error (_ssl.c:1129) (configured timeouts: socketTimeoutMS: 20000.0ms, connectTimeoutMS: 20000.0ms),SSL handshake failed: ac-8xlp2xc-shard-00-00.nc9rsuw.mongodb.net:27017: [SSL: TLSV1_ALERT_INTERNAL_ERROR] tlsv1 alert internal error (_ssl.c:1129) (configured timeouts: socketTimeoutMS: 20000.0ms, connectTimeoutMS: 20000.0ms), Timeout: 10.0s, Topology Description: <TopologyDescription id: 69e22f3fed403a7ca528fedf, topology_type: ReplicaSetNoPrimary, servers: [<ServerDescription ('ac-8xlp2xc-shard-00-00.nc9rsuw.mongodb.net', 27017) server_type: Unknown, rtt: None, error=AutoReconnect('SSL handshake failed: ac-8xlp2xc-shard-00-00.nc9rsuw.mongodb.net:27017: [SSL: TLSV1_ALERT_INTERNAL_ERROR] tlsv1 alert internal error (_ssl.c:1129) (configured timeouts: socketTimeoutMS: 20000.0ms, connectTimeoutMS: 20000.0ms)')>, <ServerDescription ('ac-8xlp2xc-shard-00-01.nc9rsuw.mongodb.net', 27017) server_type: Unknown, rtt: None, error=AutoReconnect('SSL handshake failed: ac-8xlp2xc-shard-00-01.nc9rsuw.mongodb.net:27017: [SSL: TLSV1_ALERT_INTERNAL_ERROR] tlsv1 alert internal error (_ssl.c:1129) (configured timeouts: socketTimeoutMS: 20000.0ms, connectTimeoutMS: 20000.0ms)')>, <ServerDescription ('ac-8xlp2xc-shard-00-02.nc9rsuw.mongodb.net', 27017) server_type: Unknown, rtt: None, error=AutoReconnect('SSL handshake failed: ac-8xlp2xc-shard-00-02.nc9rsuw.mongodb.net:27017: [SSL: TLSV1_ALERT_INTERNAL_ERROR] tlsv1 alert internal error (_ssl.c:1129) (configured timeouts: socketTimeoutMS: 20000.0ms, connectTimeoutMS: 20000.0ms)')>]>. Falling back to JSON.
15:02:43 - TargetingAgent - WARNING - Failed to load memory from MongoDB: SSL handshake failed: ac-8xlp2xc-shard-00-01.nc9rsuw.mongodb.net:27017: [SSL: TLSV1_ALERT_INTERNAL_ERROR] tlsv1 alert internal error (_ssl.c:1129) (configured timeouts: socketTimeoutMS: 20000.0ms, connectTimeoutMS: 20000.0ms),SSL handshake failed: ac-8xlp2xc-shard-00-02.nc9rsuw.mongodb.net:27017: [SSL: TLSV1_ALERT_INTERNAL_ERROR] tlsv1 alert internal error (_ssl.c:1129) (configured timeouts: socketTimeoutMS: 20000.0ms, connectTimeoutMS: 20000.0ms),SSL handshake failed: ac-8xlp2xc-shard-00-00.nc9rsuw.mongodb.net:27017: [SSL: TLSV1_ALERT_INTERNAL_ERROR] tlsv1 alert internal error (_ssl.c:1129) (configured timeouts: socketTimeoutMS: 20000.0ms, connectTimeoutMS: 20000.0ms), Timeout: 10.0s, Topology Description: <TopologyDescription id: 69e22f3fed403a7ca528fedf, topology_type: ReplicaSetNoPrimary, servers: [<ServerDescription ('ac-8xlp2xc-shard-00-00.nc9rsuw.mongodb.net', 27017) server_type: Unknown, rtt: None, error=AutoReconnect('SSL handshake failed: ac-8xlp2xc-shard-00-00.nc9rsuw.mongodb.net:27017: [SSL: TLSV1_ALERT_INTERNAL_ERROR] tlsv1 alert internal error (_ssl.c:1129) (configured timeouts: socketTimeoutMS: 20000.0ms, connectTimeoutMS: 20000.0ms)')>, <ServerDescription ('ac-8xlp2xc-shard-00-01.nc9rsuw.mongodb.net', 27017) server_type: Unknown, rtt: None, error=AutoReconnect('SSL handshake failed: ac-8xlp2xc-shard-00-01.nc9rsuw.mongodb.net:27017: [SSL: TLSV1_ALERT_INTERNAL_ERROR] tlsv1 alert internal error (_ssl.c:1129) (configured timeouts: socketTimeoutMS: 20000.0ms, connectTimeoutMS: 20000.0ms)')>, <ServerDescription ('ac-8xlp2xc-shard-00-02.nc9rsuw.mongodb.net', 27017) server_type: Unknown, rtt: None, error=AutoReconnect('SSL handshake failed: ac-8xlp2xc-shard-00-02.nc9rsuw.mongodb.net:27017: [SSL: TLSV1_ALERT_INTERNAL_ERROR] tlsv1 alert internal error (_ssl.c:1129) (configured timeouts: socketTimeoutMS: 20000.0ms, connectTimeoutMS: 20000.0ms)')>]>. Falling back to JSON.
15:02:53 - TargetingAgent - ERROR - Failed to save memory to MongoDB: SSL handshake failed: ac-8xlp2xc-shard-00-01.nc9rsuw.mongodb.net:27017: [SSL: TLSV1_ALERT_INTERNAL_ERROR] tlsv1 alert internal error (_ssl.c:1129) (configured timeouts: socketTimeoutMS: 20000.0ms, connectTimeoutMS: 20000.0ms),SSL handshake failed: ac-8xlp2xc-shard-00-02.nc9rsuw.mongodb.net:27017: [SSL: TLSV1_ALERT_INTERNAL_ERROR] tlsv1 alert internal error (_ssl.c:1129) (configured timeouts: socketTimeoutMS: 20000.0ms, connectTimeoutMS: 20000.0ms),SSL handshake failed: ac-8xlp2xc-shard-00-00.nc9rsuw.mongodb.net:27017: [SSL: TLSV1_ALERT_INTERNAL_ERROR] tlsv1 alert internal error (_ssl.c:1129) (configured timeouts: socketTimeoutMS: 20000.0ms, connectTimeoutMS: 20000.0ms), Timeout: 10.0s, Topology Description: <TopologyDescription id: 69e22f3fed403a7ca528fedf, topology_type: ReplicaSetNoPrimary, servers: [<ServerDescription ('ac-8xlp2xc-shard-00-00.nc9rsuw.mongodb.net', 27017) server_type: Unknown, rtt: None, error=AutoReconnect('SSL handshake failed: ac-8xlp2xc-shard-00-00.nc9rsuw.mongodb.net:27017: [SSL: TLSV1_ALERT_INTERNAL_ERROR] tlsv1 alert internal error (_ssl.c:1129) (configured timeouts: socketTimeoutMS: 20000.0ms, connectTimeoutMS: 20000.0ms)')>, <ServerDescription ('ac-8xlp2xc-shard-00-01.nc9rsuw.mongodb.net', 27017) server_type: Unknown, rtt: None, error=AutoReconnect('SSL handshake failed: ac-8xlp2xc-shard-00-01.nc9rsuw.mongodb.net:27017: [SSL: TLSV1_ALERT_INTERNAL_ERROR] tlsv1 alert internal error (_ssl.c:1129) (configured timeouts: socketTimeoutMS: 20000.0ms, connectTimeoutMS: 20000.0ms)')>, <ServerDescription ('ac-8xlp2xc-shard-00-02.nc9rsuw.mongodb.net', 27017) server_type: Unknown, rtt: None, error=AutoReconnect('SSL handshake failed: ac-8xlp2xc-shard-00-02.nc9rsuw.mongodb.net:27017: [SSL: TLSV1_ALERT_INTERNAL_ERROR] tlsv1 alert internal error (_ssl.c:1129) (configured timeouts: socketTimeoutMS: 20000.0ms, connectTimeoutMS: 20000.0ms)')>]>
15:02:53 - httpx - INFO - HTTP Request: POST https://tevdxaufsnpsbvvurddg.supabase.co/rest/v1/memory_store?on_conflict=id "HTTP/2 200 OK"
15:02:53 - TargetingAgent - INFO - Persona locked: AdTech Professional (Google Stack Focus) | Intent: Campaign Optimization & ROAS Growth
15:02:53 - AgentOrchestrator - INFO - Executing Tier 5: ['BidAgent', 'ContentAgent']
15:02:53 - BidAgent - INFO - Calculating Smart Bid Strategy (tROAS / tCPA)...
15:02:53 - ContentAgent - INFO - Generating Content...
15:03:03 - BidAgent - WARNING - Failed to load memory from MongoDB: SSL handshake failed: ac-8xlp2xc-shard-00-01.nc9rsuw.mongodb.net:27017: [SSL: TLSV1_ALERT_INTERNAL_ERROR] tlsv1 alert internal error (_ssl.c:1129) (configured timeouts: socketTimeoutMS: 20000.0ms, connectTimeoutMS: 20000.0ms),SSL handshake failed: ac-8xlp2xc-shard-00-02.nc9rsuw.mongodb.net:27017: [SSL: TLSV1_ALERT_INTERNAL_ERROR] tlsv1 alert internal error (_ssl.c:1129) (configured timeouts: socketTimeoutMS: 20000.0ms, connectTimeoutMS: 20000.0ms),SSL handshake failed: ac-8xlp2xc-shard-00-00.nc9rsuw.mongodb.net:27017: [SSL: TLSV1_ALERT_INTERNAL_ERROR] tlsv1 alert internal error (_ssl.c:1129) (configured timeouts: socketTimeoutMS: 20000.0ms, connectTimeoutMS: 20000.0ms), Timeout: 10.0s, Topology Description: <TopologyDescription id: 69e22f3fed403a7ca528fedf, topology_type: ReplicaSetNoPrimary, servers: [<ServerDescription ('ac-8xlp2xc-shard-00-00.nc9rsuw.mongodb.net', 27017) server_type: Unknown, rtt: None, error=AutoReconnect('SSL handshake failed: ac-8xlp2xc-shard-00-00.nc9rsuw.mongodb.net:27017: [SSL: TLSV1_ALERT_INTERNAL_ERROR] tlsv1 alert internal error (_ssl.c:1129) (configured timeouts: socketTimeoutMS: 20000.0ms, connectTimeoutMS: 20000.0ms)')>, <ServerDescription ('ac-8xlp2xc-shard-00-01.nc9rsuw.mongodb.net', 27017) server_type: Unknown, rtt: None, error=AutoReconnect('SSL handshake failed: ac-8xlp2xc-shard-00-01.nc9rsuw.mongodb.net:27017: [SSL: TLSV1_ALERT_INTERNAL_ERROR] tlsv1 alert internal error (_ssl.c:1129) (configured timeouts: socketTimeoutMS: 20000.0ms, connectTimeoutMS: 20000.0ms)')>, <ServerDescription ('ac-8xlp2xc-shard-00-02.nc9rsuw.mongodb.net', 27017) server_type: Unknown, rtt: None, error=AutoReconnect('SSL handshake failed: ac-8xlp2xc-shard-00-02.nc9rsuw.mongodb.net:27017: [SSL: TLSV1_ALERT_INTERNAL_ERROR] tlsv1 alert internal error (_ssl.c:1129) (configured timeouts: socketTimeoutMS: 20000.0ms, connectTimeoutMS: 20000.0ms)')>]>. Falling back to JSON.
15:03:13 - BidAgent - WARNING - Failed to load memory from MongoDB: SSL handshake failed: ac-8xlp2xc-shard-00-01.nc9rsuw.mongodb.net:27017: [SSL: TLSV1_ALERT_INTERNAL_ERROR] tlsv1 alert internal error (_ssl.c:1129) (configured timeouts: socketTimeoutMS: 20000.0ms, connectTimeoutMS: 20000.0ms),SSL handshake failed: ac-8xlp2xc-shard-00-02.nc9rsuw.mongodb.net:27017: [SSL: TLSV1_ALERT_INTERNAL_ERROR] tlsv1 alert internal error (_ssl.c:1129) (configured timeouts: socketTimeoutMS: 20000.0ms, connectTimeoutMS: 20000.0ms),SSL handshake failed: ac-8xlp2xc-shard-00-00.nc9rsuw.mongodb.net:27017: [SSL: TLSV1_ALERT_INTERNAL_ERROR] tlsv1 alert internal error (_ssl.c:1129) (configured timeouts: socketTimeoutMS: 20000.0ms, connectTimeoutMS: 20000.0ms), Timeout: 10.0s, Topology Description: <TopologyDescription id: 69e22f3fed403a7ca528fedf, topology_type: ReplicaSetNoPrimary, servers: [<ServerDescription ('ac-8xlp2xc-shard-00-00.nc9rsuw.mongodb.net', 27017) server_type: Unknown, rtt: None, error=AutoReconnect('SSL handshake failed: ac-8xlp2xc-shard-00-00.nc9rsuw.mongodb.net:27017: [SSL: TLSV1_ALERT_INTERNAL_ERROR] tlsv1 alert internal error (_ssl.c:1129) (configured timeouts: socketTimeoutMS: 20000.0ms, connectTimeoutMS: 20000.0ms)')>, <ServerDescription ('ac-8xlp2xc-shard-00-01.nc9rsuw.mongodb.net', 27017) server_type: Unknown, rtt: None, error=AutoReconnect('SSL handshake failed: ac-8xlp2xc-shard-00-01.nc9rsuw.mongodb.net:27017: [SSL: TLSV1_ALERT_INTERNAL_ERROR] tlsv1 alert internal error (_ssl.c:1129) (configured timeouts: socketTimeoutMS: 20000.0ms, connectTimeoutMS: 20000.0ms)')>, <ServerDescription ('ac-8xlp2xc-shard-00-02.nc9rsuw.mongodb.net', 27017) server_type: Unknown, rtt: None, error=AutoReconnect('SSL handshake failed: ac-8xlp2xc-shard-00-02.nc9rsuw.mongodb.net:27017: [SSL: TLSV1_ALERT_INTERNAL_ERROR] tlsv1 alert internal error (_ssl.c:1129) (configured timeouts: socketTimeoutMS: 20000.0ms, connectTimeoutMS: 20000.0ms)')>]>. Falling back to JSON.
15:03:24 - BidAgent - WARNING - Failed to load memory from MongoDB: SSL handshake failed: ac-8xlp2xc-shard-00-01.nc9rsuw.mongodb.net:27017: [SSL: TLSV1_ALERT_INTERNAL_ERROR] tlsv1 alert internal error (_ssl.c:1129) (configured timeouts: socketTimeoutMS: 20000.0ms, connectTimeoutMS: 20000.0ms),SSL handshake failed: ac-8xlp2xc-shard-00-02.nc9rsuw.mongodb.net:27017: [SSL: TLSV1_ALERT_INTERNAL_ERROR] tlsv1 alert internal error (_ssl.c:1129) (configured timeouts: socketTimeoutMS: 20000.0ms, connectTimeoutMS: 20000.0ms),SSL handshake failed: ac-8xlp2xc-shard-00-00.nc9rsuw.mongodb.net:27017: [SSL: TLSV1_ALERT_INTERNAL_ERROR] tlsv1 alert internal error (_ssl.c:1129) (configured timeouts: socketTimeoutMS: 20000.0ms, connectTimeoutMS: 20000.0ms), Timeout: 10.0s, Topology Description: <TopologyDescription id: 69e22f3fed403a7ca528fedf, topology_type: ReplicaSetNoPrimary, servers: [<ServerDescription ('ac-8xlp2xc-shard-00-00.nc9rsuw.mongodb.net', 27017) server_type: Unknown, rtt: None, error=AutoReconnect('SSL handshake failed: ac-8xlp2xc-shard-00-00.nc9rsuw.mongodb.net:27017: [SSL: TLSV1_ALERT_INTERNAL_ERROR] tlsv1 alert internal error (_ssl.c:1129) (configured timeouts: socketTimeoutMS: 20000.0ms, connectTimeoutMS: 20000.0ms)')>, <ServerDescription ('ac-8xlp2xc-shard-00-01.nc9rsuw.mongodb.net', 27017) server_type: Unknown, rtt: None, error=AutoReconnect('SSL handshake failed: ac-8xlp2xc-shard-00-01.nc9rsuw.mongodb.net:27017: [SSL: TLSV1_ALERT_INTERNAL_ERROR] tlsv1 alert internal error (_ssl.c:1129) (configured timeouts: socketTimeoutMS: 20000.0ms, connectTimeoutMS: 20000.0ms)')>, <ServerDescription ('ac-8xlp2xc-shard-00-02.nc9rsuw.mongodb.net', 27017) server_type: Unknown, rtt: None, error=AutoReconnect('SSL handshake failed: ac-8xlp2xc-shard-00-02.nc9rsuw.mongodb.net:27017: [SSL: TLSV1_ALERT_INTERNAL_ERROR] tlsv1 alert internal error (_ssl.c:1129) (configured timeouts: socketTimeoutMS: 20000.0ms, connectTimeoutMS: 20000.0ms)')>]>. Falling back to JSON.
15:03:34 - BidAgent - WARNING - Failed to load memory from MongoDB: SSL handshake failed: ac-8xlp2xc-shard-00-01.nc9rsuw.mongodb.net:27017: [SSL: TLSV1_ALERT_INTERNAL_ERROR] tlsv1 alert internal error (_ssl.c:1129) (configured timeouts: socketTimeoutMS: 20000.0ms, connectTimeoutMS: 20000.0ms),SSL handshake failed: ac-8xlp2xc-shard-00-02.nc9rsuw.mongodb.net:27017: [SSL: TLSV1_ALERT_INTERNAL_ERROR] tlsv1 alert internal error (_ssl.c:1129) (configured timeouts: socketTimeoutMS: 20000.0ms, connectTimeoutMS: 20000.0ms),SSL handshake failed: ac-8xlp2xc-shard-00-00.nc9rsuw.mongodb.net:27017: [SSL: TLSV1_ALERT_INTERNAL_ERROR] tlsv1 alert internal error (_ssl.c:1129) (configured timeouts: socketTimeoutMS: 20000.0ms, connectTimeoutMS: 20000.0ms), Timeout: 10.0s, Topology Description: <TopologyDescription id: 69e22f3fed403a7ca528fedf, topology_type: ReplicaSetNoPrimary, servers: [<ServerDescription ('ac-8xlp2xc-shard-00-00.nc9rsuw.mongodb.net', 27017) server_type: Unknown, rtt: None, error=AutoReconnect('SSL handshake failed: ac-8xlp2xc-shard-00-00.nc9rsuw.mongodb.net:27017: [SSL: TLSV1_ALERT_INTERNAL_ERROR] tlsv1 alert internal error (_ssl.c:1129) (configured timeouts: socketTimeoutMS: 20000.0ms, connectTimeoutMS: 20000.0ms)')>, <ServerDescription ('ac-8xlp2xc-shard-00-01.nc9rsuw.mongodb.net', 27017) server_type: Unknown, rtt: None, error=AutoReconnect('SSL handshake failed: ac-8xlp2xc-shard-00-01.nc9rsuw.mongodb.net:27017: [SSL: TLSV1_ALERT_INTERNAL_ERROR] tlsv1 alert internal error (_ssl.c:1129) (configured timeouts: socketTimeoutMS: 20000.0ms, connectTimeoutMS: 20000.0ms)')>, <ServerDescription ('ac-8xlp2xc-shard-00-02.nc9rsuw.mongodb.net', 27017) server_type: Unknown, rtt: None, error=AutoReconnect('SSL handshake failed: ac-8xlp2xc-shard-00-02.nc9rsuw.mongodb.net:27017: [SSL: TLSV1_ALERT_INTERNAL_ERROR] tlsv1 alert internal error (_ssl.c:1129) (configured timeouts: socketTimeoutMS: 20000.0ms, connectTimeoutMS: 20000.0ms)')>]>. Falling back to JSON.
15:03:44 - BidAgent - ERROR - Failed to save memory to MongoDB: SSL handshake failed: ac-8xlp2xc-shard-00-01.nc9rsuw.mongodb.net:27017: [SSL: TLSV1_ALERT_INTERNAL_ERROR] tlsv1 alert internal error (_ssl.c:1129) (configured timeouts: socketTimeoutMS: 20000.0ms, connectTimeoutMS: 20000.0ms),SSL handshake failed: ac-8xlp2xc-shard-00-02.nc9rsuw.mongodb.net:27017: [SSL: TLSV1_ALERT_INTERNAL_ERROR] tlsv1 alert internal error (_ssl.c:1129) (configured timeouts: socketTimeoutMS: 20000.0ms, connectTimeoutMS: 20000.0ms),SSL handshake failed: ac-8xlp2xc-shard-00-00.nc9rsuw.mongodb.net:27017: [SSL: TLSV1_ALERT_INTERNAL_ERROR] tlsv1 alert internal error (_ssl.c:1129) (configured timeouts: socketTimeoutMS: 20000.0ms, connectTimeoutMS: 20000.0ms), Timeout: 10.0s, Topology Description: <TopologyDescription id: 69e22f3fed403a7ca528fedf, topology_type: ReplicaSetNoPrimary, servers: [<ServerDescription ('ac-8xlp2xc-shard-00-00.nc9rsuw.mongodb.net', 27017) server_type: Unknown, rtt: None, error=AutoReconnect('SSL handshake failed: ac-8xlp2xc-shard-00-00.nc9rsuw.mongodb.net:27017: [SSL: TLSV1_ALERT_INTERNAL_ERROR] tlsv1 alert internal error (_ssl.c:1129) (configured timeouts: socketTimeoutMS: 20000.0ms, connectTimeoutMS: 20000.0ms)')>, <ServerDescription ('ac-8xlp2xc-shard-00-01.nc9rsuw.mongodb.net', 27017) server_type: Unknown, rtt: None, error=AutoReconnect('SSL handshake failed: ac-8xlp2xc-shard-00-01.nc9rsuw.mongodb.net:27017: [SSL: TLSV1_ALERT_INTERNAL_ERROR] tlsv1 alert internal error (_ssl.c:1129) (configured timeouts: socketTimeoutMS: 20000.0ms, connectTimeoutMS: 20000.0ms)')>, <ServerDescription ('ac-8xlp2xc-shard-00-02.nc9rsuw.mongodb.net', 27017) server_type: Unknown, rtt: None, error=AutoReconnect('SSL handshake failed: ac-8xlp2xc-shard-00-02.nc9rsuw.mongodb.net:27017: [SSL: TLSV1_ALERT_INTERNAL_ERROR] tlsv1 alert internal error (_ssl.c:1129) (configured timeouts: socketTimeoutMS: 20000.0ms, connectTimeoutMS: 20000.0ms)')>]>
15:03:44 - httpx - INFO - HTTP Request: POST https://tevdxaufsnpsbvvurddg.supabase.co/rest/v1/memory_store?on_conflict=id "HTTP/2 200 OK"
15:03:55 - BidAgent - WARNING - Failed to load memory from MongoDB: SSL handshake failed: ac-8xlp2xc-shard-00-01.nc9rsuw.mongodb.net:27017: [SSL: TLSV1_ALERT_INTERNAL_ERROR] tlsv1 alert internal error (_ssl.c:1129) (configured timeouts: socketTimeoutMS: 20000.0ms, connectTimeoutMS: 20000.0ms),SSL handshake failed: ac-8xlp2xc-shard-00-02.nc9rsuw.mongodb.net:27017: [SSL: TLSV1_ALERT_INTERNAL_ERROR] tlsv1 alert internal error (_ssl.c:1129) (configured timeouts: socketTimeoutMS: 20000.0ms, connectTimeoutMS: 20000.0ms),SSL handshake failed: ac-8xlp2xc-shard-00-00.nc9rsuw.mongodb.net:27017: [SSL: TLSV1_ALERT_INTERNAL_ERROR] tlsv1 alert internal error (_ssl.c:1129) (configured timeouts: socketTimeoutMS: 20000.0ms, connectTimeoutMS: 20000.0ms), Timeout: 10.0s, Topology Description: <TopologyDescription id: 69e22f3fed403a7ca528fedf, topology_type: ReplicaSetNoPrimary, servers: [<ServerDescription ('ac-8xlp2xc-shard-00-00.nc9rsuw.mongodb.net', 27017) server_type: Unknown, rtt: None, error=AutoReconnect('SSL handshake failed: ac-8xlp2xc-shard-00-00.nc9rsuw.mongodb.net:27017: [SSL: TLSV1_ALERT_INTERNAL_ERROR] tlsv1 alert internal error (_ssl.c:1129) (configured timeouts: socketTimeoutMS: 20000.0ms, connectTimeoutMS: 20000.0ms)')>, <ServerDescription ('ac-8xlp2xc-shard-00-01.nc9rsuw.mongodb.net', 27017) server_type: Unknown, rtt: None, error=AutoReconnect('SSL handshake failed: ac-8xlp2xc-shard-00-01.nc9rsuw.mongodb.net:27017: [SSL: TLSV1_ALERT_INTERNAL_ERROR] tlsv1 alert internal error (_ssl.c:1129) (configured timeouts: socketTimeoutMS: 20000.0ms, connectTimeoutMS: 20000.0ms)')>, <ServerDescription ('ac-8xlp2xc-shard-00-02.nc9rsuw.mongodb.net', 27017) server_type: Unknown, rtt: None, error=AutoReconnect('SSL handshake failed: ac-8xlp2xc-shard-00-02.nc9rsuw.mongodb.net:27017: [SSL: TLSV1_ALERT_INTERNAL_ERROR] tlsv1 alert internal error (_ssl.c:1129) (configured timeouts: socketTimeoutMS: 20000.0ms, connectTimeoutMS: 20000.0ms)')>]>. Falling back to JSON.
15:04:05 - BidAgent - ERROR - Failed to save memory to MongoDB: SSL handshake failed: ac-8xlp2xc-shard-00-01.nc9rsuw.mongodb.net:27017: [SSL: TLSV1_ALERT_INTERNAL_ERROR] tlsv1 alert internal error (_ssl.c:1129) (configured timeouts: socketTimeoutMS: 20000.0ms, connectTimeoutMS: 20000.0ms),SSL handshake failed: ac-8xlp2xc-shard-00-02.nc9rsuw.mongodb.net:27017: [SSL: TLSV1_ALERT_INTERNAL_ERROR] tlsv1 alert internal error (_ssl.c:1129) (configured timeouts: socketTimeoutMS: 20000.0ms, connectTimeoutMS: 20000.0ms),SSL handshake failed: ac-8xlp2xc-shard-00-00.nc9rsuw.mongodb.net:27017: [SSL: TLSV1_ALERT_INTERNAL_ERROR] tlsv1 alert internal error (_ssl.c:1129) (configured timeouts: socketTimeoutMS: 20000.0ms, connectTimeoutMS: 20000.0ms), Timeout: 10.0s, Topology Description: <TopologyDescription id: 69e22f3fed403a7ca528fedf, topology_type: ReplicaSetNoPrimary, servers: [<ServerDescription ('ac-8xlp2xc-shard-00-00.nc9rsuw.mongodb.net', 27017) server_type: Unknown, rtt: None, error=AutoReconnect('SSL handshake failed: ac-8xlp2xc-shard-00-00.nc9rsuw.mongodb.net:27017: [SSL: TLSV1_ALERT_INTERNAL_ERROR] tlsv1 alert internal error (_ssl.c:1129) (configured timeouts: socketTimeoutMS: 20000.0ms, connectTimeoutMS: 20000.0ms)')>, <ServerDescription ('ac-8xlp2xc-shard-00-01.nc9rsuw.mongodb.net', 27017) server_type: Unknown, rtt: None, error=AutoReconnect('SSL handshake failed: ac-8xlp2xc-shard-00-01.nc9rsuw.mongodb.net:27017: [SSL: TLSV1_ALERT_INTERNAL_ERROR] tlsv1 alert internal error (_ssl.c:1129) (configured timeouts: socketTimeoutMS: 20000.0ms, connectTimeoutMS: 20000.0ms)')>, <ServerDescription ('ac-8xlp2xc-shard-00-02.nc9rsuw.mongodb.net', 27017) server_type: Unknown, rtt: None, error=AutoReconnect('SSL handshake failed: ac-8xlp2xc-shard-00-02.nc9rsuw.mongodb.net:27017: [SSL: TLSV1_ALERT_INTERNAL_ERROR] tlsv1 alert internal error (_ssl.c:1129) (configured timeouts: socketTimeoutMS: 20000.0ms, connectTimeoutMS: 20000.0ms)')>]>
15:04:05 - httpx - INFO - HTTP Request: POST https://tevdxaufsnpsbvvurddg.supabase.co/rest/v1/memory_store?on_conflict=id "HTTP/2 200 OK"
15:04:15 - BidAgent - WARNING - Failed to load memory from MongoDB: SSL handshake failed: ac-8xlp2xc-shard-00-01.nc9rsuw.mongodb.net:27017: [SSL: TLSV1_ALERT_INTERNAL_ERROR] tlsv1 alert internal error (_ssl.c:1129) (configured timeouts: socketTimeoutMS: 20000.0ms, connectTimeoutMS: 20000.0ms),SSL handshake failed: ac-8xlp2xc-shard-00-02.nc9rsuw.mongodb.net:27017: [SSL: TLSV1_ALERT_INTERNAL_ERROR] tlsv1 alert internal error (_ssl.c:1129) (configured timeouts: socketTimeoutMS: 20000.0ms, connectTimeoutMS: 20000.0ms),SSL handshake failed: ac-8xlp2xc-shard-00-00.nc9rsuw.mongodb.net:27017: [SSL: TLSV1_ALERT_INTERNAL_ERROR] tlsv1 alert internal error (_ssl.c:1129) (configured timeouts: socketTimeoutMS: 20000.0ms, connectTimeoutMS: 20000.0ms), Timeout: 10.0s, Topology Description: <TopologyDescription id: 69e22f3fed403a7ca528fedf, topology_type: ReplicaSetNoPrimary, servers: [<ServerDescription ('ac-8xlp2xc-shard-00-00.nc9rsuw.mongodb.net', 27017) server_type: Unknown, rtt: None, error=AutoReconnect('SSL handshake failed: ac-8xlp2xc-shard-00-00.nc9rsuw.mongodb.net:27017: [SSL: TLSV1_ALERT_INTERNAL_ERROR] tlsv1 alert internal error (_ssl.c:1129) (configured timeouts: socketTimeoutMS: 20000.0ms, connectTimeoutMS: 20000.0ms)')>, <ServerDescription ('ac-8xlp2xc-shard-00-01.nc9rsuw.mongodb.net', 27017) server_type: Unknown, rtt: None, error=AutoReconnect('SSL handshake failed: ac-8xlp2xc-shard-00-01.nc9rsuw.mongodb.net:27017: [SSL: TLSV1_ALERT_INTERNAL_ERROR] tlsv1 alert internal error (_ssl.c:1129) (configured timeouts: socketTimeoutMS: 20000.0ms, connectTimeoutMS: 20000.0ms)')>, <ServerDescription ('ac-8xlp2xc-shard-00-02.nc9rsuw.mongodb.net', 27017) server_type: Unknown, rtt: None, error=AutoReconnect('SSL handshake failed: ac-8xlp2xc-shard-00-02.nc9rsuw.mongodb.net:27017: [SSL: TLSV1_ALERT_INTERNAL_ERROR] tlsv1 alert internal error (_ssl.c:1129) (configured timeouts: socketTimeoutMS: 20000.0ms, connectTimeoutMS: 20000.0ms)')>]>. Falling back to JSON.
15:04:25 - BidAgent - ERROR - Failed to save memory to MongoDB: SSL handshake failed: ac-8xlp2xc-shard-00-01.nc9rsuw.mongodb.net:27017: [SSL: TLSV1_ALERT_INTERNAL_ERROR] tlsv1 alert internal error (_ssl.c:1129) (configured timeouts: socketTimeoutMS: 20000.0ms, connectTimeoutMS: 20000.0ms),SSL handshake failed: ac-8xlp2xc-shard-00-02.nc9rsuw.mongodb.net:27017: [SSL: TLSV1_ALERT_INTERNAL_ERROR] tlsv1 alert internal error (_ssl.c:1129) (configured timeouts: socketTimeoutMS: 20000.0ms, connectTimeoutMS: 20000.0ms),SSL handshake failed: ac-8xlp2xc-shard-00-00.nc9rsuw.mongodb.net:27017: [SSL: TLSV1_ALERT_INTERNAL_ERROR] tlsv1 alert internal error (_ssl.c:1129) (configured timeouts: socketTimeoutMS: 20000.0ms, connectTimeoutMS: 20000.0ms), Timeout: 10.0s, Topology Description: <TopologyDescription id: 69e22f3fed403a7ca528fedf, topology_type: ReplicaSetNoPrimary, servers: [<ServerDescription ('ac-8xlp2xc-shard-00-00.nc9rsuw.mongodb.net', 27017) server_type: Unknown, rtt: None, error=AutoReconnect('SSL handshake failed: ac-8xlp2xc-shard-00-00.nc9rsuw.mongodb.net:27017: [SSL: TLSV1_ALERT_INTERNAL_ERROR] tlsv1 alert internal error (_ssl.c:1129) (configured timeouts: socketTimeoutMS: 20000.0ms, connectTimeoutMS: 20000.0ms)')>, <ServerDescription ('ac-8xlp2xc-shard-00-01.nc9rsuw.mongodb.net', 27017) server_type: Unknown, rtt: None, error=AutoReconnect('SSL handshake failed: ac-8xlp2xc-shard-00-01.nc9rsuw.mongodb.net:27017: [SSL: TLSV1_ALERT_INTERNAL_ERROR] tlsv1 alert internal error (_ssl.c:1129) (configured timeouts: socketTimeoutMS: 20000.0ms, connectTimeoutMS: 20000.0ms)')>, <ServerDescription ('ac-8xlp2xc-shard-00-02.nc9rsuw.mongodb.net', 27017) server_type: Unknown, rtt: None, error=AutoReconnect('SSL handshake failed: ac-8xlp2xc-shard-00-02.nc9rsuw.mongodb.net:27017: [SSL: TLSV1_ALERT_INTERNAL_ERROR] tlsv1 alert internal error (_ssl.c:1129) (configured timeouts: socketTimeoutMS: 20000.0ms, connectTimeoutMS: 20000.0ms)')>]>
15:04:26 - httpx - INFO - HTTP Request: POST https://tevdxaufsnpsbvvurddg.supabase.co/rest/v1/memory_store?on_conflict=id "HTTP/2 200 OK"
15:04:26 - BidAgent - INFO - Strategy: Target CPA — PROTECT_BUDGET | CPM: €0.73 | tROAS: 4.0x | tCPA: €151.71
15:04:26 - AgentOrchestrator - INFO - Executing Tier 6: ['AdsAgent', 'MonetizationAgent', 'SwarmAgent_04_CONTROL', 'SwarmAgent_11_CONTROL', 'SwarmAgent_18_CONTROL', 'SwarmAgent_25_CONTROL', 'SwarmAgent_32_CONTROL', 'SwarmAgent_39_CONTROL', 'SwarmAgent_46_CONTROL', 'SwarmAgent_53_CONTROL', 'SwarmAgent_60_CONTROL', 'SwarmAgent_67_CONTROL', 'SwarmAgent_74_CONTROL', 'SwarmAgent_81_CONTROL', 'SwarmAgent_88_CONTROL', 'SwarmAgent_95_CONTROL']
15:04:26 - AdsAgent - INFO - Generating Performance Max Asset Groups & Ad Campaigns...
15:04:26 - TelemetryManager - INFO - [TELEMETRY] AdsAgent emitted AD_STRATEGY_GENERATION for AD_ADS_ADVERTISE
15:04:26 - AdsAgent - INFO - Generated 3 standard ads + PMax group 'PMax_Group_AdTech_Professi' (8 headlines, signal: BUILDING)
15:04:26 - MonetizationAgent - INFO - Running Monetization Analysis...
15:04:26 - SwarmAgent_04_CONTROL - INFO - [CONTROL] Executing SEO Micro-task: Market Probe
15:04:26 - SwarmAgent_11_CONTROL - INFO - [CONTROL] Executing SEO Micro-task: Market Probe
15:04:26 - SwarmAgent_18_CONTROL - INFO - [CONTROL] Executing SEO Micro-task: Domain Research
15:04:26 - SwarmAgent_25_CONTROL - INFO - [CONTROL] Executing SEO Micro-task: Keyword Sync
15:04:26 - SwarmAgent_32_CONTROL - INFO - [CONTROL] Executing SEO Micro-task: SEO Audit
15:04:26 - SwarmAgent_39_CONTROL - INFO - [CONTROL] Executing SEO Micro-task: Domain Research
15:04:26 - SwarmAgent_46_CONTROL - INFO - [CONTROL] Executing SEO Micro-task: Market Probe
15:04:26 - SwarmAgent_53_CONTROL - INFO - [CONTROL] Executing SEO Micro-task: Domain Research
15:04:26 - SwarmAgent_60_CONTROL - INFO - [CONTROL] Executing SEO Micro-task: SEO Audit
15:04:26 - SwarmAgent_67_CONTROL - INFO - [CONTROL] Executing SEO Micro-task: Domain Research
15:04:26 - SwarmAgent_74_CONTROL - INFO - [CONTROL] Executing SEO Micro-task: SEO Audit
15:04:26 - SwarmAgent_81_CONTROL - INFO - [CONTROL] Executing SEO Micro-task: SEO Audit
15:04:26 - SwarmAgent_88_CONTROL - INFO - [CONTROL] Executing SEO Micro-task: Domain Research
15:04:26 - SwarmAgent_95_CONTROL - INFO - [CONTROL] Executing SEO Micro-task: SEO Audit
15:04:26 - AgentOrchestrator - INFO - Executing Tier 7: ['AutonomousIntelligenceAgent']
15:04:26 - httpx - INFO - HTTP Request: POST https://tevdxaufsnpsbvvurddg.supabase.co/rest/v1/telemetry?columns=%22id%22%2C%22event_data%22%2C%22recorded_at%22 "HTTP/2 201 Created"
15:04:26 - AutonomousIntelligenceAgent - INFO - Overseeing Ecosystem...
15:04:36 - AutonomousIntelligenceAgent - WARNING - Failed to load memory from MongoDB: SSL handshake failed: ac-8xlp2xc-shard-00-01.nc9rsuw.mongodb.net:27017: [SSL: TLSV1_ALERT_INTERNAL_ERROR] tlsv1 alert internal error (_ssl.c:1129) (configured timeouts: socketTimeoutMS: 20000.0ms, connectTimeoutMS: 20000.0ms),SSL handshake failed: ac-8xlp2xc-shard-00-02.nc9rsuw.mongodb.net:27017: [SSL: TLSV1_ALERT_INTERNAL_ERROR] tlsv1 alert internal error (_ssl.c:1129) (configured timeouts: socketTimeoutMS: 20000.0ms, connectTimeoutMS: 20000.0ms),SSL handshake failed: ac-8xlp2xc-shard-00-00.nc9rsuw.mongodb.net:27017: [SSL: TLSV1_ALERT_INTERNAL_ERROR] tlsv1 alert internal error (_ssl.c:1129) (configured timeouts: socketTimeoutMS: 20000.0ms, connectTimeoutMS: 20000.0ms), Timeout: 10.0s, Topology Description: <TopologyDescription id: 69e22f3fed403a7ca528fedf, topology_type: ReplicaSetNoPrimary, servers: [<ServerDescription ('ac-8xlp2xc-shard-00-00.nc9rsuw.mongodb.net', 27017) server_type: Unknown, rtt: None, error=AutoReconnect('SSL handshake failed: ac-8xlp2xc-shard-00-00.nc9rsuw.mongodb.net:27017: [SSL: TLSV1_ALERT_INTERNAL_ERROR] tlsv1 alert internal error (_ssl.c:1129) (configured timeouts: socketTimeoutMS: 20000.0ms, connectTimeoutMS: 20000.0ms)')>, <ServerDescription ('ac-8xlp2xc-shard-00-01.nc9rsuw.mongodb.net', 27017) server_type: Unknown, rtt: None, error=AutoReconnect('SSL handshake failed: ac-8xlp2xc-shard-00-01.nc9rsuw.mongodb.net:27017: [SSL: TLSV1_ALERT_INTERNAL_ERROR] tlsv1 alert internal error (_ssl.c:1129) (configured timeouts: socketTimeoutMS: 20000.0ms, connectTimeoutMS: 20000.0ms)')>, <ServerDescription ('ac-8xlp2xc-shard-00-02.nc9rsuw.mongodb.net', 27017) server_type: Unknown, rtt: None, error=AutoReconnect('SSL handshake failed: ac-8xlp2xc-shard-00-02.nc9rsuw.mongodb.net:27017: [SSL: TLSV1_ALERT_INTERNAL_ERROR] tlsv1 alert internal error (_ssl.c:1129) (configured timeouts: socketTimeoutMS: 20000.0ms, connectTimeoutMS: 20000.0ms)')>]>. Falling back to JSON.
15:04:36 - TelemetryManager - WARNING - MongoDB telemetry sync failed: SSL handshake failed: ac-8xlp2xc-shard-00-01.nc9rsuw.mongodb.net:27017: [SSL: TLSV1_ALERT_INTERNAL_ERROR] tlsv1 alert internal error (_ssl.c:1129) (configured timeouts: socketTimeoutMS: 20000.0ms, connectTimeoutMS: 20000.0ms),SSL handshake failed: ac-8xlp2xc-shard-00-02.nc9rsuw.mongodb.net:27017: [SSL: TLSV1_ALERT_INTERNAL_ERROR] tlsv1 alert internal error (_ssl.c:1129) (configured timeouts: socketTimeoutMS: 20000.0ms, connectTimeoutMS: 20000.0ms),SSL handshake failed: ac-8xlp2xc-shard-00-00.nc9rsuw.mongodb.net:27017: [SSL: TLSV1_ALERT_INTERNAL_ERROR] tlsv1 alert internal error (_ssl.c:1129) (configured timeouts: socketTimeoutMS: 20000.0ms, connectTimeoutMS: 20000.0ms), Timeout: 10.0s, Topology Description: <TopologyDescription id: 69e22f3fed403a7ca528fedf, topology_type: ReplicaSetNoPrimary, servers: [<ServerDescription ('ac-8xlp2xc-shard-00-00.nc9rsuw.mongodb.net', 27017) server_type: Unknown, rtt: None, error=AutoReconnect('SSL handshake failed: ac-8xlp2xc-shard-00-00.nc9rsuw.mongodb.net:27017: [SSL: TLSV1_ALERT_INTERNAL_ERROR] tlsv1 alert internal error (_ssl.c:1129) (configured timeouts: socketTimeoutMS: 20000.0ms, connectTimeoutMS: 20000.0ms)')>, <ServerDescription ('ac-8xlp2xc-shard-00-01.nc9rsuw.mongodb.net', 27017) server_type: Unknown, rtt: None, error=AutoReconnect('SSL handshake failed: ac-8xlp2xc-shard-00-01.nc9rsuw.mongodb.net:27017: [SSL: TLSV1_ALERT_INTERNAL_ERROR] tlsv1 alert internal error (_ssl.c:1129) (configured timeouts: socketTimeoutMS: 20000.0ms, connectTimeoutMS: 20000.0ms)')>, <ServerDescription ('ac-8xlp2xc-shard-00-02.nc9rsuw.mongodb.net', 27017) server_type: Unknown, rtt: None, error=AutoReconnect('SSL handshake failed: ac-8xlp2xc-shard-00-02.nc9rsuw.mongodb.net:27017: [SSL: TLSV1_ALERT_INTERNAL_ERROR] tlsv1 alert internal error (_ssl.c:1129) (configured timeouts: socketTimeoutMS: 20000.0ms, connectTimeoutMS: 20000.0ms)')>]>
15:04:46 - AutonomousIntelligenceAgent - ERROR - Failed to save memory to MongoDB: SSL handshake failed: ac-8xlp2xc-shard-00-01.nc9rsuw.mongodb.net:27017: [SSL: TLSV1_ALERT_INTERNAL_ERROR] tlsv1 alert internal error (_ssl.c:1129) (configured timeouts: socketTimeoutMS: 20000.0ms, connectTimeoutMS: 20000.0ms),SSL handshake failed: ac-8xlp2xc-shard-00-02.nc9rsuw.mongodb.net:27017: [SSL: TLSV1_ALERT_INTERNAL_ERROR] tlsv1 alert internal error (_ssl.c:1129) (configured timeouts: socketTimeoutMS: 20000.0ms, connectTimeoutMS: 20000.0ms),SSL handshake failed: ac-8xlp2xc-shard-00-00.nc9rsuw.mongodb.net:27017: [SSL: TLSV1_ALERT_INTERNAL_ERROR] tlsv1 alert internal error (_ssl.c:1129) (configured timeouts: socketTimeoutMS: 20000.0ms, connectTimeoutMS: 20000.0ms), Timeout: 10.0s, Topology Description: <TopologyDescription id: 69e22f3fed403a7ca528fedf, topology_type: ReplicaSetNoPrimary, servers: [<ServerDescription ('ac-8xlp2xc-shard-00-00.nc9rsuw.mongodb.net', 27017) server_type: Unknown, rtt: None, error=AutoReconnect('SSL handshake failed: ac-8xlp2xc-shard-00-00.nc9rsuw.mongodb.net:27017: [SSL: TLSV1_ALERT_INTERNAL_ERROR] tlsv1 alert internal error (_ssl.c:1129) (configured timeouts: socketTimeoutMS: 20000.0ms, connectTimeoutMS: 20000.0ms)')>, <ServerDescription ('ac-8xlp2xc-shard-00-01.nc9rsuw.mongodb.net', 27017) server_type: Unknown, rtt: None, error=AutoReconnect('SSL handshake failed: ac-8xlp2xc-shard-00-01.nc9rsuw.mongodb.net:27017: [SSL: TLSV1_ALERT_INTERNAL_ERROR] tlsv1 alert internal error (_ssl.c:1129) (configured timeouts: socketTimeoutMS: 20000.0ms, connectTimeoutMS: 20000.0ms)')>, <ServerDescription ('ac-8xlp2xc-shard-00-02.nc9rsuw.mongodb.net', 27017) server_type: Unknown, rtt: None, error=AutoReconnect('SSL handshake failed: ac-8xlp2xc-shard-00-02.nc9rsuw.mongodb.net:27017: [SSL: TLSV1_ALERT_INTERNAL_ERROR] tlsv1 alert internal error (_ssl.c:1129) (configured timeouts: socketTimeoutMS: 20000.0ms, connectTimeoutMS: 20000.0ms)')>]>
15:04:46 - httpx - INFO - HTTP Request: POST https://tevdxaufsnpsbvvurddg.supabase.co/rest/v1/memory_store?on_conflict=id "HTTP/2 200 OK"
15:04:46 - AgentOrchestrator - INFO - Executing Tier 8: ['TelemetryAgent']
15:04:46 - TelemetryAgent - INFO - Synthesizing Market Data Structural Telemetry & External World Connectivity...
15:04:46 - AgentOrchestrator - INFO - Executing Tier 9: ['SixSigmaChampion']
15:04:46 - SixSigmaChampion - INFO - Governing Six Belt Sigma SEO Process...
15:04:46 - AgentOrchestrator - INFO - Executing Tier 10: ['Architect', 'CEO_Backup_00', 'CEO_Backup_01', 'CEO_Backup_02', 'CEO_Backup_03', 'SwiftEvolutionExpertImbued']
15:04:46 - Architect - INFO - Analyzing system architecture for daily improvements...
15:04:46 - Architect - INFO - Reviewing proposal from SwarmAgent_00_DEFINE: {'seo_impact_threshold': 0.48}
15:04:46 - Architect - INFO - Reviewing proposal from SwarmAgent_07_DEFINE: {'seo_impact_threshold': 0.48}
15:04:46 - Architect - INFO - Reviewing proposal from SwarmAgent_19_RESEARCH_WORLD: {'seo_impact_threshold': 0.48}
15:04:46 - Architect - INFO - Reviewing proposal from SwarmAgent_33_RESEARCH_WORLD: {'seo_impact_threshold': 0.48}
15:04:46 - Architect - INFO - Reviewing proposal from SwarmAgent_34_AD_TECH_PROBE: {'seo_impact_threshold': 0.48}
15:04:46 - Architect - INFO - Reviewing proposal from SwarmAgent_42_DEFINE: {'seo_impact_threshold': 0.48}
15:04:46 - Architect - INFO - Reviewing proposal from SwarmAgent_48_AD_TECH_PROBE: {'seo_impact_threshold': 0.48}
15:04:46 - Architect - INFO - Reviewing proposal from SwarmAgent_55_AD_TECH_PROBE: {'seo_impact_threshold': 0.48}
15:04:46 - Architect - INFO - Reviewing proposal from SwarmAgent_56_DEFINE: {'seo_impact_threshold': 0.48}
15:04:46 - Architect - INFO - Reviewing proposal from SwarmAgent_61_RESEARCH_WORLD: {'seo_impact_threshold': 0.48}
15:04:46 - Architect - INFO - Reviewing proposal from SwarmAgent_62_AD_TECH_PROBE: {'seo_impact_threshold': 0.48}
15:04:46 - Architect - INFO - Reviewing proposal from SwarmAgent_63_DEFINE: {'seo_impact_threshold': 0.48}
15:04:46 - Architect - INFO - Reviewing proposal from SwarmAgent_75_RESEARCH_WORLD: {'seo_impact_threshold': 0.48}
15:04:46 - Architect - INFO - Reviewing proposal from SwarmAgent_76_AD_TECH_PROBE: {'seo_impact_threshold': 0.48}
15:04:46 - Architect - INFO - Reviewing proposal from SwarmAgent_82_RESEARCH_WORLD: {'seo_impact_threshold': 0.48}
15:04:46 - Architect - INFO - Reviewing proposal from SwarmAgent_84_DEFINE: {'seo_impact_threshold': 0.48}
15:04:46 - Architect - INFO - Reviewing proposal from SwarmAgent_97_AD_TECH_PROBE: {'seo_impact_threshold': 0.48}
15:04:46 - Architect - INFO - Reviewing proposal from SwarmAgent_98_DEFINE: {'seo_impact_threshold': 0.48}
15:04:46 - Architect - INFO - Reviewing proposal from SwarmAgent_01_MEASURE: {'seo_impact_threshold': 0.48}
15:04:46 - Architect - INFO - Reviewing proposal from SwarmAgent_02_ANALYZE: {'seo_impact_threshold': 0.48}
15:04:46 - Architect - INFO - Reviewing proposal from SwarmAgent_15_MEASURE: {'seo_impact_threshold': 0.48}
15:04:46 - Architect - INFO - Reviewing proposal from SwarmAgent_22_MEASURE: {'seo_impact_threshold': 0.48}
15:04:46 - Architect - INFO - Reviewing proposal from SwarmAgent_36_MEASURE: {'seo_impact_threshold': 0.48}
15:04:46 - Architect - INFO - Reviewing proposal from SwarmAgent_50_MEASURE: {'seo_impact_threshold': 0.48}
15:04:46 - Architect - INFO - Reviewing proposal from SwarmAgent_51_ANALYZE: {'seo_impact_threshold': 0.48}
15:04:46 - Architect - INFO - Reviewing proposal from SwarmAgent_65_ANALYZE: {'seo_impact_threshold': 0.48}
15:04:46 - Architect - INFO - Reviewing proposal from SwarmAgent_71_MEASURE: {'seo_impact_threshold': 0.48}
15:04:46 - Architect - INFO - Reviewing proposal from SwarmAgent_86_ANALYZE: {'seo_impact_threshold': 0.48}
15:04:46 - Architect - INFO - Reviewing proposal from SwarmAgent_92_MEASURE: {'seo_impact_threshold': 0.48}
15:04:46 - Architect - INFO - Reviewing proposal from SwarmAgent_99_MEASURE: {'seo_impact_threshold': 0.48}
15:04:46 - Architect - INFO - Reviewing proposal from SwarmAgent_03_IMPROVE: {'seo_impact_threshold': 0.48}
15:04:46 - Architect - INFO - Reviewing proposal from SwarmAgent_10_IMPROVE: {'seo_impact_threshold': 0.48}
15:04:46 - Architect - INFO - Reviewing proposal from SwarmAgent_31_IMPROVE: {'seo_impact_threshold': 0.48}
15:04:46 - Architect - INFO - Reviewing proposal from SwarmAgent_38_IMPROVE: {'seo_impact_threshold': 0.48}
15:04:46 - Architect - INFO - Reviewing proposal from SwarmAgent_45_IMPROVE: {'seo_impact_threshold': 0.48}
15:04:46 - Architect - INFO - Reviewing proposal from SwarmAgent_59_IMPROVE: {'seo_impact_threshold': 0.48}
15:04:46 - Architect - INFO - Reviewing proposal from SwarmAgent_66_IMPROVE: {'seo_impact_threshold': 0.48}
15:04:46 - Architect - INFO - Reviewing proposal from SwarmAgent_80_IMPROVE: {'seo_impact_threshold': 0.48}
15:04:46 - Architect - INFO - Reviewing proposal from SwarmAgent_94_IMPROVE: {'seo_impact_threshold': 0.48}
15:04:46 - Architect - INFO - Reviewing proposal from SwarmAgent_11_CONTROL: {'seo_impact_threshold': 0.48}
15:04:46 - Architect - INFO - Reviewing proposal from SwarmAgent_18_CONTROL: {'seo_impact_threshold': 0.48}
15:04:46 - Architect - INFO - Reviewing proposal from SwarmAgent_25_CONTROL: {'seo_impact_threshold': 0.48}
15:04:46 - Architect - INFO - Reviewing proposal from SwarmAgent_53_CONTROL: {'seo_impact_threshold': 0.48}
15:04:46 - Architect - INFO - Reviewing proposal from SwarmAgent_74_CONTROL: {'seo_impact_threshold': 0.48}
15:04:46 - Architect - INFO - Reviewing proposal from SwarmAgent_88_CONTROL: {'seo_impact_threshold': 0.48}
15:04:46 - AgentOrchestrator - ERROR - Error in agent Architect: can only concatenate str (not "float") to str
Traceback (most recent call last):
  File "/Users/filipkeser/Documents/Antigravity/agents/orchestrator.py", line 74, in _run_agent
    result = await agent.run(data, self.blackboard)
  File "/Users/filipkeser/Documents/Antigravity/agents/architect_agent.py", line 44, in run
    self._apply_evolution(current_config, evolution)
  File "/Users/filipkeser/Documents/Antigravity/agents/architect_agent.py", line 53, in _apply_evolution
    new_config["current_version"] = round(new_config.get("current_version", 1.0) + evolution["version_upgrade"], 2)
TypeError: can only concatenate str (not "float") to str
15:04:46 - CEO_Backup_00 - INFO - Verifying CEO (Champion) integrity...
15:04:46 - CEO_Backup_01 - INFO - Verifying CEO (Champion) integrity...
15:04:46 - CEO_Backup_02 - INFO - Verifying CEO (Champion) integrity...
15:04:46 - CEO_Backup_03 - INFO - Verifying CEO (Champion) integrity...
15:04:46 - SwiftEvolutionExpertImbued - INFO - Swift Evolution Expert refactoring Agent IDE UI...
15:04:46 - httpx - INFO - HTTP Request: POST https://tevdxaufsnpsbvvurddg.supabase.co/rest/v1/telemetry "HTTP/2 400 Bad Request"
15:04:46 - SwiftEvolutionExpertImbued - WARNING - Failed to push to Supabase: {'message': 'null value in column "id" of relation "telemetry" violates not-null constraint', 'code': '23502', 'hint': None, 'details': 'Failing row contains (null, {"type": "EVOLUTION_SYNC", "message": "Swift Evolution Expert op..., 2026-04-17 13:04:46.738707+00).'}
15:04:46 - AgentOrchestrator - INFO - Executing Tier 11: ['MetaCodingAgent', 'DockerEvolutionAgent']
15:04:46 - MetaCodingAgent - INFO - Performing Meta-Coding Analysis and Autonomous Self-Improvement...
15:04:46 - MetaCodingAgent - INFO - High system impact (0.52) detected. Injecting 'Deep-Skill' optimizations.
15:04:46 - DockerEvolutionAgent - INFO - No system evolution detected. Skipping Docker validation.
15:04:46 - AgentOrchestrator - INFO - Executing Tier 12: ['GitHubEvolutionAgent']
15:04:46 - GitHubEvolutionAgent - INFO - No system evolution. Skipping Git operations.
15:04:46 - httpx - INFO - HTTP Request: POST https://tevdxaufsnpsbvvurddg.supabase.co/rest/v1/github_sync_history "HTTP/2 201 Created"
15:04:46 - GitHubEvolutionAgent - INFO - GitHub sync record written to Supabase: SKIPPED
15:04:57 - GitHubEvolutionAgent - WARNING - MongoDB github_sync write failed: SSL handshake failed: ac-8xlp2xc-shard-00-01.nc9rsuw.mongodb.net:27017: [SSL: TLSV1_ALERT_INTERNAL_ERROR] tlsv1 alert internal error (_ssl.c:1129) (configured timeouts: socketTimeoutMS: 20000.0ms, connectTimeoutMS: 20000.0ms),SSL handshake failed: ac-8xlp2xc-shard-00-02.nc9rsuw.mongodb.net:27017: [SSL: TLSV1_ALERT_INTERNAL_ERROR] tlsv1 alert internal error (_ssl.c:1129) (configured timeouts: socketTimeoutMS: 20000.0ms, connectTimeoutMS: 20000.0ms),SSL handshake failed: ac-8xlp2xc-shard-00-00.nc9rsuw.mongodb.net:27017: [SSL: TLSV1_ALERT_INTERNAL_ERROR] tlsv1 alert internal error (_ssl.c:1129) (configured timeouts: socketTimeoutMS: 20000.0ms, connectTimeoutMS: 20000.0ms), Timeout: 10.0s, Topology Description: <TopologyDescription id: 69e22f3fed403a7ca528fedf, topology_type: ReplicaSetNoPrimary, servers: [<ServerDescription ('ac-8xlp2xc-shard-00-00.nc9rsuw.mongodb.net', 27017) server_type: Unknown, rtt: None, error=AutoReconnect('SSL handshake failed: ac-8xlp2xc-shard-00-00.nc9rsuw.mongodb.net:27017: [SSL: TLSV1_ALERT_INTERNAL_ERROR] tlsv1 alert internal error (_ssl.c:1129) (configured timeouts: socketTimeoutMS: 20000.0ms, connectTimeoutMS: 20000.0ms)')>, <ServerDescription ('ac-8xlp2xc-shard-00-01.nc9rsuw.mongodb.net', 27017) server_type: Unknown, rtt: None, error=AutoReconnect('SSL handshake failed: ac-8xlp2xc-shard-00-01.nc9rsuw.mongodb.net:27017: [SSL: TLSV1_ALERT_INTERNAL_ERROR] tlsv1 alert internal error (_ssl.c:1129) (configured timeouts: socketTimeoutMS: 20000.0ms, connectTimeoutMS: 20000.0ms)')>, <ServerDescription ('ac-8xlp2xc-shard-00-02.nc9rsuw.mongodb.net', 27017) server_type: Unknown, rtt: None, error=AutoReconnect('SSL handshake failed: ac-8xlp2xc-shard-00-02.nc9rsuw.mongodb.net:27017: [SSL: TLSV1_ALERT_INTERNAL_ERROR] tlsv1 alert internal error (_ssl.c:1129) (configured timeouts: socketTimeoutMS: 20000.0ms, connectTimeoutMS: 20000.0ms)')>]>
15:04:57 - AgentOrchestrator - INFO - Executing Tier 13: ['GitKrakenEvolutionAgent']
15:04:57 - GitKrakenEvolutionAgent - INFO - No system evolution for GitKraken sync. Skipping.
15:04:57 - AgentOrchestrator - INFO - Executing Tier 14: ['JulesEvolutionAgent']
15:04:57 - JulesEvolutionAgent - INFO - Jules at your service. Synchronizing all evolution channels and memory...
15:04:57 - httpx - INFO - HTTP Request: POST https://tevdxaufsnpsbvvurddg.supabase.co/rest/v1/sync_logs "HTTP/2 200 OK"
15:04:57 - httpx - INFO - HTTP Request: POST https://tevdxaufsnpsbvvurddg.supabase.co/rest/v1/sync_logs "HTTP/2 200 OK"
15:04:57 - httpx - INFO - HTTP Request: POST https://tevdxaufsnpsbvvurddg.supabase.co/rest/v1/sync_logs "HTTP/2 200 OK"
15:04:57 - JulesEvolutionAgent - INFO - Jules has synced 3 learnings to Supabase.
15:05:08 - JulesEvolutionAgent - WARNING - Jules failed to sync learnings to MongoDB: SSL handshake failed: ac-8xlp2xc-shard-00-01.nc9rsuw.mongodb.net:27017: [SSL: TLSV1_ALERT_INTERNAL_ERROR] tlsv1 alert internal error (_ssl.c:1129) (configured timeouts: socketTimeoutMS: 20000.0ms, connectTimeoutMS: 20000.0ms),SSL handshake failed: ac-8xlp2xc-shard-00-02.nc9rsuw.mongodb.net:27017: [SSL: TLSV1_ALERT_INTERNAL_ERROR] tlsv1 alert internal error (_ssl.c:1129) (configured timeouts: socketTimeoutMS: 20000.0ms, connectTimeoutMS: 20000.0ms),SSL handshake failed: ac-8xlp2xc-shard-00-00.nc9rsuw.mongodb.net:27017: [SSL: TLSV1_ALERT_INTERNAL_ERROR] tlsv1 alert internal error (_ssl.c:1129) (configured timeouts: socketTimeoutMS: 20000.0ms, connectTimeoutMS: 20000.0ms), Timeout: 10.0s, Topology Description: <TopologyDescription id: 69e22f3fed403a7ca528fedf, topology_type: ReplicaSetNoPrimary, servers: [<ServerDescription ('ac-8xlp2xc-shard-00-00.nc9rsuw.mongodb.net', 27017) server_type: Unknown, rtt: None, error=AutoReconnect('SSL handshake failed: ac-8xlp2xc-shard-00-00.nc9rsuw.mongodb.net:27017: [SSL: TLSV1_ALERT_INTERNAL_ERROR] tlsv1 alert internal error (_ssl.c:1129) (configured timeouts: socketTimeoutMS: 20000.0ms, connectTimeoutMS: 20000.0ms)')>, <ServerDescription ('ac-8xlp2xc-shard-00-01.nc9rsuw.mongodb.net', 27017) server_type: Unknown, rtt: None, error=AutoReconnect('SSL handshake failed: ac-8xlp2xc-shard-00-01.nc9rsuw.mongodb.net:27017: [SSL: TLSV1_ALERT_INTERNAL_ERROR] tlsv1 alert internal error (_ssl.c:1129) (configured timeouts: socketTimeoutMS: 20000.0ms, connectTimeoutMS: 20000.0ms)')>, <ServerDescription ('ac-8xlp2xc-shard-00-02.nc9rsuw.mongodb.net', 27017) server_type: Unknown, rtt: None, error=AutoReconnect('SSL handshake failed: ac-8xlp2xc-shard-00-02.nc9rsuw.mongodb.net:27017: [SSL: TLSV1_ALERT_INTERNAL_ERROR] tlsv1 alert internal error (_ssl.c:1129) (configured timeouts: socketTimeoutMS: 20000.0ms, connectTimeoutMS: 20000.0ms)')>]>
15:05:08 - JulesEvolutionAgent - INFO - No evolution actions were required. Jules is standing by.
15:05:08 - AgentOrchestrator - INFO - Execution Cycle Complete.
15:05:08 - AgentOrchestrator - INFO - Starting Peer Review Phase...
15:05:08 - AgentOrchestrator - INFO - Review from ResearchAgent: ['Research data and Google World investigations are fully synchronized.']
15:05:08 - SystemOrchestrator - INFO - Report generated at results/DAILY_REPORT_2026-04-17.md
15:05:08 - SystemOrchestrator - INFO - === Cycle Complete ===
15:05:08 - AutonomousOrchestrator - INFO - Autonomous Evolution Cycle Complete.
15:05:08 - httpx - INFO - HTTP Request: POST https://tevdxaufsnpsbvvurddg.supabase.co/rest/v1/memory_store "HTTP/2 200 OK"
20:33:24 - AutonomousOrchestrator - INFO - Manual trigger detected!
20:33:24 - AutonomousOrchestrator - INFO - Starting Autonomous Evolution Cycle...
20:33:25 - httpx - INFO - HTTP Request: POST https://tevdxaufsnpsbvvurddg.supabase.co/rest/v1/memory_store "HTTP/2 200 OK"
20:33:25 - SystemOrchestrator - INFO - === Starting Massive Synchronized Autonomous Cycle ===
20:33:25 - SystemOrchestrator - INFO - Starting Scraper...
20:33:25 - SystemOrchestrator - ERROR - Scraper failed: Traceback (most recent call last):
  File "/Users/filipkeser/Documents/Antigravity/scraper.py", line 1, in <module>
    import aiohttp
ModuleNotFoundError: No module named 'aiohttp'

20:33:25 - SystemOrchestrator - INFO - Dynamically loaded imbued expert: AutonomyExpertImbued
20:33:25 - SystemOrchestrator - INFO - Dynamically loaded imbued expert: SwiftEvolutionExpertImbued
20:33:25 - SystemOrchestrator - INFO - Instantiated ecosystem with 177 autonomous agents (including 2 imbued experts).
20:33:25 - AgentOrchestrator - INFO - Starting Autonomous Execution Cycle (v1.42)...
20:33:25 - AgentOrchestrator - INFO - Executing Tier 1: ['HealthCheckAgent', 'RobotTxtAgent', 'AnalysisAgent', 'SwarmAgent_00_DEFINE', 'SwarmAgent_05_RESEARCH_WORLD', 'SwarmAgent_06_AD_TECH_PROBE', 'SwarmAgent_07_DEFINE', 'SwarmAgent_12_RESEARCH_WORLD', 'SwarmAgent_13_AD_TECH_PROBE', 'SwarmAgent_14_DEFINE', 'SwarmAgent_19_RESEARCH_WORLD', 'SwarmAgent_20_AD_TECH_PROBE', 'SwarmAgent_21_DEFINE', 'SwarmAgent_26_RESEARCH_WORLD', 'SwarmAgent_27_AD_TECH_PROBE', 'SwarmAgent_28_DEFINE', 'SwarmAgent_33_RESEARCH_WORLD', 'SwarmAgent_34_AD_TECH_PROBE', 'SwarmAgent_35_DEFINE', 'SwarmAgent_40_RESEARCH_WORLD', 'SwarmAgent_41_AD_TECH_PROBE', 'SwarmAgent_42_DEFINE', 'SwarmAgent_47_RESEARCH_WORLD', 'SwarmAgent_48_AD_TECH_PROBE', 'SwarmAgent_49_DEFINE', 'SwarmAgent_54_RESEARCH_WORLD', 'SwarmAgent_55_AD_TECH_PROBE', 'SwarmAgent_56_DEFINE', 'SwarmAgent_61_RESEARCH_WORLD', 'SwarmAgent_62_AD_TECH_PROBE', 'SwarmAgent_63_DEFINE', 'SwarmAgent_68_RESEARCH_WORLD', 'SwarmAgent_69_AD_TECH_PROBE', 'SwarmAgent_70_DEFINE', 'SwarmAgent_75_RESEARCH_WORLD', 'SwarmAgent_76_AD_TECH_PROBE', 'SwarmAgent_77_DEFINE', 'SwarmAgent_82_RESEARCH_WORLD', 'SwarmAgent_83_AD_TECH_PROBE', 'SwarmAgent_84_DEFINE', 'SwarmAgent_89_RESEARCH_WORLD', 'SwarmAgent_90_AD_TECH_PROBE', 'SwarmAgent_91_DEFINE', 'SwarmAgent_96_RESEARCH_WORLD', 'SwarmAgent_97_AD_TECH_PROBE', 'SwarmAgent_98_DEFINE', 'System_Backup_00', 'System_Backup_01', 'System_Backup_02', 'System_Backup_03', 'System_Backup_04', 'System_Backup_05', 'System_Backup_06', 'System_Backup_07', 'System_Backup_08', 'System_Backup_09', 'System_Backup_10', 'System_Backup_11', 'System_Backup_12', 'System_Backup_13', 'System_Backup_14', 'System_Backup_15', 'System_Backup_16', 'System_Backup_17', 'System_Backup_18', 'System_Backup_19', 'System_Backup_20', 'System_Backup_21', 'System_Backup_22', 'System_Backup_23', 'System_Backup_24', 'System_Backup_25', 'System_Backup_26', 'System_Backup_27', 'System_Backup_28', 'System_Backup_29', 'System_Backup_30', 'System_Backup_31', 'System_Backup_32', 'System_Backup_33', 'System_Backup_34', 'System_Backup_35', 'System_Backup_36', 'System_Backup_37', 'System_Backup_38', 'System_Backup_39', 'System_Backup_40', 'System_Backup_41', 'System_Backup_42', 'System_Backup_43', 'System_Backup_44', 'System_Backup_45', 'System_Backup_46', 'System_Backup_47', 'System_Backup_48', 'System_Backup_49']
20:33:25 - HealthCheckAgent - INFO - Running Health Check...
20:33:25 - RobotTxtAgent - INFO - Checking robots.txt compliance and secrets...
20:33:25 - RobotTxtAgent - INFO - Fetching https://markposition.wordpress.com/robots.txt
20:33:25 - AnalysisAgent - INFO - Running Analysis...
20:33:25 - TelemetryManager - INFO - [TELEMETRY] AnalysisAgent emitted MARKET_DATA_ANALYSIS for AD_ADS_ADVERTISE
20:33:25 - SwarmAgent_00_DEFINE - INFO - [DEFINE] Executing SEO Micro-task: Domain Research
20:33:25 - SwarmAgent_05_RESEARCH_WORLD - INFO - [RESEARCH_WORLD] Executing SEO Micro-task: Keyword Sync
20:33:25 - SwarmAgent_06_AD_TECH_PROBE - INFO - [AD_TECH_PROBE] Executing SEO Micro-task: SEO Audit
20:33:25 - SwarmAgent_07_DEFINE - INFO - [DEFINE] Executing SEO Micro-task: Domain Research
20:33:25 - SwarmAgent_12_RESEARCH_WORLD - INFO - [RESEARCH_WORLD] Executing SEO Micro-task: SEO Audit
20:33:25 - SwarmAgent_13_AD_TECH_PROBE - INFO - [AD_TECH_PROBE] Executing SEO Micro-task: SEO Audit
20:33:25 - SwarmAgent_14_DEFINE - INFO - [DEFINE] Executing SEO Micro-task: SEO Audit
20:33:25 - SwarmAgent_19_RESEARCH_WORLD - INFO - [RESEARCH_WORLD] Executing SEO Micro-task: SEO Audit
20:33:25 - SwarmAgent_20_AD_TECH_PROBE - INFO - [AD_TECH_PROBE] Executing SEO Micro-task: Keyword Sync
20:33:25 - SwarmAgent_21_DEFINE - INFO - [DEFINE] Executing SEO Micro-task: Keyword Sync
20:33:25 - SwarmAgent_26_RESEARCH_WORLD - INFO - [RESEARCH_WORLD] Executing SEO Micro-task: Keyword Sync
20:33:25 - SwarmAgent_27_AD_TECH_PROBE - INFO - [AD_TECH_PROBE] Executing SEO Micro-task: SEO Audit
20:33:25 - SwarmAgent_28_DEFINE - INFO - [DEFINE] Executing SEO Micro-task: Market Probe
20:33:25 - SwarmAgent_33_RESEARCH_WORLD - INFO - [RESEARCH_WORLD] Executing SEO Micro-task: Market Probe
20:33:25 - SwarmAgent_34_AD_TECH_PROBE - INFO - [AD_TECH_PROBE] Executing SEO Micro-task: Domain Research
20:33:25 - SwarmAgent_35_DEFINE - INFO - [DEFINE] Executing SEO Micro-task: Domain Research
20:33:25 - SwarmAgent_40_RESEARCH_WORLD - INFO - [RESEARCH_WORLD] Executing SEO Micro-task: Market Probe
20:33:25 - SwarmAgent_41_AD_TECH_PROBE - INFO - [AD_TECH_PROBE] Executing SEO Micro-task: SEO Audit
20:33:25 - SwarmAgent_42_DEFINE - INFO - [DEFINE] Executing SEO Micro-task: Market Probe
20:33:25 - SwarmAgent_47_RESEARCH_WORLD - INFO - [RESEARCH_WORLD] Executing SEO Micro-task: Market Probe
20:33:25 - SwarmAgent_48_AD_TECH_PROBE - INFO - [AD_TECH_PROBE] Executing SEO Micro-task: Keyword Sync
20:33:25 - SwarmAgent_49_DEFINE - INFO - [DEFINE] Executing SEO Micro-task: Keyword Sync
20:33:25 - SwarmAgent_54_RESEARCH_WORLD - INFO - [RESEARCH_WORLD] Executing SEO Micro-task: Keyword Sync
20:33:25 - SwarmAgent_55_AD_TECH_PROBE - INFO - [AD_TECH_PROBE] Executing SEO Micro-task: Domain Research
20:33:25 - SwarmAgent_56_DEFINE - INFO - [DEFINE] Executing SEO Micro-task: Keyword Sync
20:33:25 - SwarmAgent_61_RESEARCH_WORLD - INFO - [RESEARCH_WORLD] Executing SEO Micro-task: SEO Audit
20:33:25 - SwarmAgent_62_AD_TECH_PROBE - INFO - [AD_TECH_PROBE] Executing SEO Micro-task: Market Probe
20:33:25 - SwarmAgent_63_DEFINE - INFO - [DEFINE] Executing SEO Micro-task: Domain Research
20:33:25 - SwarmAgent_68_RESEARCH_WORLD - INFO - [RESEARCH_WORLD] Executing SEO Micro-task: Domain Research
20:33:25 - SwarmAgent_69_AD_TECH_PROBE - INFO - [AD_TECH_PROBE] Executing SEO Micro-task: Domain Research
20:33:25 - SwarmAgent_70_DEFINE - INFO - [DEFINE] Executing SEO Micro-task: Domain Research
20:33:25 - SwarmAgent_75_RESEARCH_WORLD - INFO - [RESEARCH_WORLD] Executing SEO Micro-task: Domain Research
20:33:25 - SwarmAgent_76_AD_TECH_PROBE - INFO - [AD_TECH_PROBE] Executing SEO Micro-task: Market Probe
20:33:25 - SwarmAgent_77_DEFINE - INFO - [DEFINE] Executing SEO Micro-task: Domain Research
20:33:25 - SwarmAgent_82_RESEARCH_WORLD - INFO - [RESEARCH_WORLD] Executing SEO Micro-task: Market Probe
20:33:25 - SwarmAgent_83_AD_TECH_PROBE - INFO - [AD_TECH_PROBE] Executing SEO Micro-task: Domain Research
20:33:25 - SwarmAgent_84_DEFINE - INFO - [DEFINE] Executing SEO Micro-task: Market Probe
20:33:25 - SwarmAgent_89_RESEARCH_WORLD - INFO - [RESEARCH_WORLD] Executing SEO Micro-task: Market Probe
20:33:25 - SwarmAgent_90_AD_TECH_PROBE - INFO - [AD_TECH_PROBE] Executing SEO Micro-task: Domain Research
20:33:25 - SwarmAgent_91_DEFINE - INFO - [DEFINE] Executing SEO Micro-task: Keyword Sync
20:33:25 - SwarmAgent_96_RESEARCH_WORLD - INFO - [RESEARCH_WORLD] Executing SEO Micro-task: Domain Research
20:33:25 - SwarmAgent_97_AD_TECH_PROBE - INFO - [AD_TECH_PROBE] Executing SEO Micro-task: Keyword Sync
20:33:25 - SwarmAgent_98_DEFINE - INFO - [DEFINE] Executing SEO Micro-task: Market Probe
20:33:25 - System_Backup_00 - INFO - [FAILOVER] Redundancy active. Monitoring state...
20:33:25 - System_Backup_01 - INFO - [FAILOVER] Redundancy active. Monitoring state...
20:33:25 - System_Backup_02 - INFO - [FAILOVER] Redundancy active. Monitoring state...
20:33:25 - System_Backup_03 - INFO - [FAILOVER] Redundancy active. Monitoring state...
20:33:25 - System_Backup_04 - INFO - [FAILOVER] Redundancy active. Monitoring state...
20:33:25 - System_Backup_05 - INFO - [FAILOVER] Redundancy active. Monitoring state...
20:33:25 - System_Backup_06 - INFO - [FAILOVER] Redundancy active. Monitoring state...
20:33:25 - System_Backup_07 - INFO - [FAILOVER] Redundancy active. Monitoring state...
20:33:25 - System_Backup_08 - INFO - [FAILOVER] Redundancy active. Monitoring state...
20:33:25 - System_Backup_09 - INFO - [FAILOVER] Redundancy active. Monitoring state...
20:33:25 - System_Backup_10 - INFO - [FAILOVER] Redundancy active. Monitoring state...
20:33:25 - System_Backup_11 - INFO - [FAILOVER] Redundancy active. Monitoring state...
20:33:25 - System_Backup_12 - INFO - [FAILOVER] Redundancy active. Monitoring state...
20:33:25 - System_Backup_13 - INFO - [FAILOVER] Redundancy active. Monitoring state...
20:33:25 - System_Backup_14 - INFO - [FAILOVER] Redundancy active. Monitoring state...
20:33:25 - System_Backup_15 - INFO - [FAILOVER] Redundancy active. Monitoring state...
20:33:25 - System_Backup_16 - INFO - [FAILOVER] Redundancy active. Monitoring state...
20:33:25 - System_Backup_17 - INFO - [FAILOVER] Redundancy active. Monitoring state...
20:33:25 - System_Backup_18 - INFO - [FAILOVER] Redundancy active. Monitoring state...
20:33:25 - System_Backup_19 - INFO - [FAILOVER] Redundancy active. Monitoring state...
20:33:25 - System_Backup_20 - INFO - [FAILOVER] Redundancy active. Monitoring state...
20:33:25 - System_Backup_21 - INFO - [FAILOVER] Redundancy active. Monitoring state...
20:33:25 - System_Backup_22 - INFO - [FAILOVER] Redundancy active. Monitoring state...
20:33:25 - System_Backup_23 - INFO - [FAILOVER] Redundancy active. Monitoring state...
20:33:25 - System_Backup_24 - INFO - [FAILOVER] Redundancy active. Monitoring state...
20:33:25 - System_Backup_25 - INFO - [FAILOVER] Redundancy active. Monitoring state...
20:33:25 - System_Backup_26 - INFO - [FAILOVER] Redundancy active. Monitoring state...
20:33:25 - System_Backup_27 - INFO - [FAILOVER] Redundancy active. Monitoring state...
20:33:25 - System_Backup_28 - INFO - [FAILOVER] Redundancy active. Monitoring state...
20:33:25 - System_Backup_29 - INFO - [FAILOVER] Redundancy active. Monitoring state...
20:33:25 - System_Backup_30 - INFO - [FAILOVER] Redundancy active. Monitoring state...
20:33:25 - System_Backup_31 - INFO - [FAILOVER] Redundancy active. Monitoring state...
20:33:25 - System_Backup_32 - INFO - [FAILOVER] Redundancy active. Monitoring state...
20:33:25 - System_Backup_33 - INFO - [FAILOVER] Redundancy active. Monitoring state...
20:33:25 - System_Backup_34 - INFO - [FAILOVER] Redundancy active. Monitoring state...
20:33:25 - System_Backup_35 - INFO - [FAILOVER] Redundancy active. Monitoring state...
20:33:25 - System_Backup_36 - INFO - [FAILOVER] Redundancy active. Monitoring state...
20:33:25 - System_Backup_37 - INFO - [FAILOVER] Redundancy active. Monitoring state...
20:33:25 - System_Backup_38 - INFO - [FAILOVER] Redundancy active. Monitoring state...
20:33:25 - System_Backup_39 - INFO - [FAILOVER] Redundancy active. Monitoring state...
20:33:25 - System_Backup_40 - INFO - [FAILOVER] Redundancy active. Monitoring state...
20:33:25 - System_Backup_41 - INFO - [FAILOVER] Redundancy active. Monitoring state...
20:33:25 - System_Backup_42 - INFO - [FAILOVER] Redundancy active. Monitoring state...
20:33:25 - System_Backup_43 - INFO - [FAILOVER] Redundancy active. Monitoring state...
20:33:25 - System_Backup_44 - INFO - [FAILOVER] Redundancy active. Monitoring state...
20:33:25 - System_Backup_45 - INFO - [FAILOVER] Redundancy active. Monitoring state...
20:33:25 - System_Backup_46 - INFO - [FAILOVER] Redundancy active. Monitoring state...
20:33:25 - System_Backup_47 - INFO - [FAILOVER] Redundancy active. Monitoring state...
20:33:25 - System_Backup_48 - INFO - [FAILOVER] Redundancy active. Monitoring state...
20:33:25 - System_Backup_49 - INFO - [FAILOVER] Redundancy active. Monitoring state...
20:33:35 - RobotTxtAgent - WARNING - Failed to load memory from MongoDB: SSL handshake failed: ac-8xlp2xc-shard-00-01.nc9rsuw.mongodb.net:27017: [SSL: TLSV1_ALERT_INTERNAL_ERROR] tlsv1 alert internal error (_ssl.c:1129) (configured timeouts: socketTimeoutMS: 20000.0ms, connectTimeoutMS: 20000.0ms),SSL handshake failed: ac-8xlp2xc-shard-00-02.nc9rsuw.mongodb.net:27017: [SSL: TLSV1_ALERT_INTERNAL_ERROR] tlsv1 alert internal error (_ssl.c:1129) (configured timeouts: socketTimeoutMS: 20000.0ms, connectTimeoutMS: 20000.0ms),SSL handshake failed: ac-8xlp2xc-shard-00-00.nc9rsuw.mongodb.net:27017: [SSL: TLSV1_ALERT_INTERNAL_ERROR] tlsv1 alert internal error (_ssl.c:1129) (configured timeouts: socketTimeoutMS: 20000.0ms, connectTimeoutMS: 20000.0ms), Timeout: 10.0s, Topology Description: <TopologyDescription id: 69e22f3fed403a7ca528fedf, topology_type: ReplicaSetNoPrimary, servers: [<ServerDescription ('ac-8xlp2xc-shard-00-00.nc9rsuw.mongodb.net', 27017) server_type: Unknown, rtt: None, error=AutoReconnect('SSL handshake failed: ac-8xlp2xc-shard-00-00.nc9rsuw.mongodb.net:27017: [SSL: TLSV1_ALERT_INTERNAL_ERROR] tlsv1 alert internal error (_ssl.c:1129) (configured timeouts: socketTimeoutMS: 20000.0ms, connectTimeoutMS: 20000.0ms)')>, <ServerDescription ('ac-8xlp2xc-shard-00-01.nc9rsuw.mongodb.net', 27017) server_type: Unknown, rtt: None, error=AutoReconnect('SSL handshake failed: ac-8xlp2xc-shard-00-01.nc9rsuw.mongodb.net:27017: [SSL: TLSV1_ALERT_INTERNAL_ERROR] tlsv1 alert internal error (_ssl.c:1129) (configured timeouts: socketTimeoutMS: 20000.0ms, connectTimeoutMS: 20000.0ms)')>, <ServerDescription ('ac-8xlp2xc-shard-00-02.nc9rsuw.mongodb.net', 27017) server_type: Unknown, rtt: None, error=AutoReconnect('SSL handshake failed: ac-8xlp2xc-shard-00-02.nc9rsuw.mongodb.net:27017: [SSL: TLSV1_ALERT_INTERNAL_ERROR] tlsv1 alert internal error (_ssl.c:1129) (configured timeouts: socketTimeoutMS: 20000.0ms, connectTimeoutMS: 20000.0ms)')>]>. Falling back to JSON.
20:33:35 - AgentOrchestrator - INFO - Executing Tier 2: ['ResearchAgent', 'SwarmAgent_01_MEASURE', 'SwarmAgent_02_ANALYZE', 'SwarmAgent_08_MEASURE', 'SwarmAgent_09_ANALYZE', 'SwarmAgent_15_MEASURE', 'SwarmAgent_16_ANALYZE', 'SwarmAgent_22_MEASURE', 'SwarmAgent_23_ANALYZE', 'SwarmAgent_29_MEASURE', 'SwarmAgent_30_ANALYZE', 'SwarmAgent_36_MEASURE', 'SwarmAgent_37_ANALYZE', 'SwarmAgent_43_MEASURE', 'SwarmAgent_44_ANALYZE', 'SwarmAgent_50_MEASURE', 'SwarmAgent_51_ANALYZE', 'SwarmAgent_57_MEASURE', 'SwarmAgent_58_ANALYZE', 'SwarmAgent_64_MEASURE', 'SwarmAgent_65_ANALYZE', 'SwarmAgent_71_MEASURE', 'SwarmAgent_72_ANALYZE', 'SwarmAgent_78_MEASURE', 'SwarmAgent_79_ANALYZE', 'SwarmAgent_85_MEASURE', 'SwarmAgent_86_ANALYZE', 'SwarmAgent_92_MEASURE', 'SwarmAgent_93_ANALYZE', 'SwarmAgent_99_MEASURE']
20:33:35 - httpx - INFO - HTTP Request: POST https://tevdxaufsnpsbvvurddg.supabase.co/rest/v1/telemetry?columns=%22id%22%2C%22event_data%22%2C%22recorded_at%22 "HTTP/2 201 Created"
20:33:35 - ResearchAgent - INFO - Running High-Level Autonomous Research & Outside World Investigation...
20:33:35 - SwarmAgent_01_MEASURE - INFO - [MEASURE] Executing SEO Micro-task: Market Probe
20:33:35 - SwarmAgent_02_ANALYZE - INFO - [ANALYZE] Executing SEO Micro-task: SEO Audit
20:33:35 - SwarmAgent_08_MEASURE - INFO - [MEASURE] Executing SEO Micro-task: Domain Research
20:33:35 - SwarmAgent_09_ANALYZE - INFO - [ANALYZE] Executing SEO Micro-task: Domain Research
20:33:35 - SwarmAgent_15_MEASURE - INFO - [MEASURE] Executing SEO Micro-task: SEO Audit
20:33:35 - SwarmAgent_16_ANALYZE - INFO - [ANALYZE] Executing SEO Micro-task: Keyword Sync
20:33:35 - SwarmAgent_22_MEASURE - INFO - [MEASURE] Executing SEO Micro-task: Market Probe
20:33:35 - SwarmAgent_23_ANALYZE - INFO - [ANALYZE] Executing SEO Micro-task: SEO Audit
20:33:35 - SwarmAgent_29_MEASURE - INFO - [MEASURE] Executing SEO Micro-task: Keyword Sync
20:33:35 - SwarmAgent_30_ANALYZE - INFO - [ANALYZE] Executing SEO Micro-task: Keyword Sync
20:33:35 - SwarmAgent_36_MEASURE - INFO - [MEASURE] Executing SEO Micro-task: Market Probe
20:33:35 - SwarmAgent_37_ANALYZE - INFO - [ANALYZE] Executing SEO Micro-task: SEO Audit
20:33:35 - SwarmAgent_43_MEASURE - INFO - [MEASURE] Executing SEO Micro-task: Keyword Sync
20:33:35 - SwarmAgent_44_ANALYZE - INFO - [ANALYZE] Executing SEO Micro-task: Keyword Sync
20:33:35 - SwarmAgent_50_MEASURE - INFO - [MEASURE] Executing SEO Micro-task: SEO Audit
20:33:35 - SwarmAgent_51_ANALYZE - INFO - [ANALYZE] Executing SEO Micro-task: SEO Audit
20:33:35 - SwarmAgent_57_MEASURE - INFO - [MEASURE] Executing SEO Micro-task: SEO Audit
20:33:35 - SwarmAgent_58_ANALYZE - INFO - [ANALYZE] Executing SEO Micro-task: Keyword Sync
20:33:35 - SwarmAgent_64_MEASURE - INFO - [MEASURE] Executing SEO Micro-task: Keyword Sync
20:33:35 - SwarmAgent_65_ANALYZE - INFO - [ANALYZE] Executing SEO Micro-task: SEO Audit
20:33:35 - SwarmAgent_71_MEASURE - INFO - [MEASURE] Executing SEO Micro-task: Domain Research
20:33:35 - SwarmAgent_72_ANALYZE - INFO - [ANALYZE] Executing SEO Micro-task: Domain Research
20:33:35 - SwarmAgent_78_MEASURE - INFO - [MEASURE] Executing SEO Micro-task: Keyword Sync
20:33:35 - SwarmAgent_79_ANALYZE - INFO - [ANALYZE] Executing SEO Micro-task: Domain Research
20:33:35 - SwarmAgent_85_MEASURE - INFO - [MEASURE] Executing SEO Micro-task: SEO Audit
20:33:35 - SwarmAgent_86_ANALYZE - INFO - [ANALYZE] Executing SEO Micro-task: Market Probe
20:33:35 - SwarmAgent_92_MEASURE - INFO - [MEASURE] Executing SEO Micro-task: Market Probe
20:33:35 - SwarmAgent_93_ANALYZE - INFO - [ANALYZE] Executing SEO Micro-task: Market Probe
20:33:35 - SwarmAgent_99_MEASURE - INFO - [MEASURE] Executing SEO Micro-task: Market Probe
20:33:35 - TelemetryManager - INFO - [TELEMETRY] ResearchAgent emitted EXTERNAL_INVESTIGATION for GOOGLE_WORLD
20:33:36 - TelemetryManager - INFO - [TELEMETRY] ResearchAgent emitted EXTERNAL_INVESTIGATION for GOOGLE_WORLD
20:33:36 - TelemetryManager - INFO - [TELEMETRY] ResearchAgent emitted EXTERNAL_INVESTIGATION for GOOGLE_WORLD
20:33:36 - TelemetryManager - INFO - [TELEMETRY] ResearchAgent emitted EXTERNAL_INVESTIGATION for GOOGLE_WORLD
20:33:36 - ResearchAgent - INFO - Research and World Investigation completed for 10 domains.
20:33:36 - AgentOrchestrator - INFO - Executing Tier 3: ['IntelligenceAgent', 'SearchConsoleAuditor']
20:33:36 - httpx - INFO - HTTP Request: POST https://tevdxaufsnpsbvvurddg.supabase.co/rest/v1/telemetry?columns=%22id%22%2C%22event_data%22%2C%22recorded_at%22 "HTTP/2 201 Created"
20:33:36 - IntelligenceAgent - INFO - Running Intelligence Synchronization & External World Collaboration...
20:33:36 - SearchConsoleAuditor - INFO - Running Deep-Skill SEO Audit (Search Console Mastery)...
20:33:45 - TelemetryManager - WARNING - MongoDB telemetry sync failed: SSL handshake failed: ac-8xlp2xc-shard-00-01.nc9rsuw.mongodb.net:27017: [SSL: TLSV1_ALERT_INTERNAL_ERROR] tlsv1 alert internal error (_ssl.c:1129) (configured timeouts: socketTimeoutMS: 20000.0ms, connectTimeoutMS: 20000.0ms),SSL handshake failed: ac-8xlp2xc-shard-00-02.nc9rsuw.mongodb.net:27017: [SSL: TLSV1_ALERT_INTERNAL_ERROR] tlsv1 alert internal error (_ssl.c:1129) (configured timeouts: socketTimeoutMS: 20000.0ms, connectTimeoutMS: 20000.0ms),SSL handshake failed: ac-8xlp2xc-shard-00-00.nc9rsuw.mongodb.net:27017: [SSL: TLSV1_ALERT_INTERNAL_ERROR] tlsv1 alert internal error (_ssl.c:1129) (configured timeouts: socketTimeoutMS: 20000.0ms, connectTimeoutMS: 20000.0ms), Timeout: 10.0s, Topology Description: <TopologyDescription id: 69e22f3fed403a7ca528fedf, topology_type: ReplicaSetNoPrimary, servers: [<ServerDescription ('ac-8xlp2xc-shard-00-00.nc9rsuw.mongodb.net', 27017) server_type: Unknown, rtt: None, error=AutoReconnect('SSL handshake failed: ac-8xlp2xc-shard-00-00.nc9rsuw.mongodb.net:27017: [SSL: TLSV1_ALERT_INTERNAL_ERROR] tlsv1 alert internal error (_ssl.c:1129) (configured timeouts: socketTimeoutMS: 20000.0ms, connectTimeoutMS: 20000.0ms)')>, <ServerDescription ('ac-8xlp2xc-shard-00-01.nc9rsuw.mongodb.net', 27017) server_type: Unknown, rtt: None, error=AutoReconnect('SSL handshake failed: ac-8xlp2xc-shard-00-01.nc9rsuw.mongodb.net:27017: [SSL: TLSV1_ALERT_INTERNAL_ERROR] tlsv1 alert internal error (_ssl.c:1129) (configured timeouts: socketTimeoutMS: 20000.0ms, connectTimeoutMS: 20000.0ms)')>, <ServerDescription ('ac-8xlp2xc-shard-00-02.nc9rsuw.mongodb.net', 27017) server_type: Unknown, rtt: None, error=AutoReconnect('SSL handshake failed: ac-8xlp2xc-shard-00-02.nc9rsuw.mongodb.net:27017: [SSL: TLSV1_ALERT_INTERNAL_ERROR] tlsv1 alert internal error (_ssl.c:1129) (configured timeouts: socketTimeoutMS: 20000.0ms, connectTimeoutMS: 20000.0ms)')>]>
20:33:46 - TelemetryManager - WARNING - MongoDB telemetry sync failed: SSL handshake failed: ac-8xlp2xc-shard-00-01.nc9rsuw.mongodb.net:27017: [SSL: TLSV1_ALERT_INTERNAL_ERROR] tlsv1 alert internal error (_ssl.c:1129) (configured timeouts: socketTimeoutMS: 20000.0ms, connectTimeoutMS: 20000.0ms),SSL handshake failed: ac-8xlp2xc-shard-00-02.nc9rsuw.mongodb.net:27017: [SSL: TLSV1_ALERT_INTERNAL_ERROR] tlsv1 alert internal error (_ssl.c:1129) (configured timeouts: socketTimeoutMS: 20000.0ms, connectTimeoutMS: 20000.0ms),SSL handshake failed: ac-8xlp2xc-shard-00-00.nc9rsuw.mongodb.net:27017: [SSL: TLSV1_ALERT_INTERNAL_ERROR] tlsv1 alert internal error (_ssl.c:1129) (configured timeouts: socketTimeoutMS: 20000.0ms, connectTimeoutMS: 20000.0ms), Timeout: 10.0s, Topology Description: <TopologyDescription id: 69e22f3fed403a7ca528fedf, topology_type: ReplicaSetNoPrimary, servers: [<ServerDescription ('ac-8xlp2xc-shard-00-00.nc9rsuw.mongodb.net', 27017) server_type: Unknown, rtt: None, error=AutoReconnect('SSL handshake failed: ac-8xlp2xc-shard-00-00.nc9rsuw.mongodb.net:27017: [SSL: TLSV1_ALERT_INTERNAL_ERROR] tlsv1 alert internal error (_ssl.c:1129) (configured timeouts: socketTimeoutMS: 20000.0ms, connectTimeoutMS: 20000.0ms)')>, <ServerDescription ('ac-8xlp2xc-shard-00-01.nc9rsuw.mongodb.net', 27017) server_type: Unknown, rtt: None, error=AutoReconnect('SSL handshake failed: ac-8xlp2xc-shard-00-01.nc9rsuw.mongodb.net:27017: [SSL: TLSV1_ALERT_INTERNAL_ERROR] tlsv1 alert internal error (_ssl.c:1129) (configured timeouts: socketTimeoutMS: 20000.0ms, connectTimeoutMS: 20000.0ms)')>, <ServerDescription ('ac-8xlp2xc-shard-00-02.nc9rsuw.mongodb.net', 27017) server_type: Unknown, rtt: None, error=AutoReconnect('SSL handshake failed: ac-8xlp2xc-shard-00-02.nc9rsuw.mongodb.net:27017: [SSL: TLSV1_ALERT_INTERNAL_ERROR] tlsv1 alert internal error (_ssl.c:1129) (configured timeouts: socketTimeoutMS: 20000.0ms, connectTimeoutMS: 20000.0ms)')>]>
20:33:46 - SearchConsoleAuditor - WARNING - Failed to load memory from MongoDB: SSL handshake failed: ac-8xlp2xc-shard-00-01.nc9rsuw.mongodb.net:27017: [SSL: TLSV1_ALERT_INTERNAL_ERROR] tlsv1 alert internal error (_ssl.c:1129) (configured timeouts: socketTimeoutMS: 20000.0ms, connectTimeoutMS: 20000.0ms),SSL handshake failed: ac-8xlp2xc-shard-00-02.nc9rsuw.mongodb.net:27017: [SSL: TLSV1_ALERT_INTERNAL_ERROR] tlsv1 alert internal error (_ssl.c:1129) (configured timeouts: socketTimeoutMS: 20000.0ms, connectTimeoutMS: 20000.0ms),SSL handshake failed: ac-8xlp2xc-shard-00-00.nc9rsuw.mongodb.net:27017: [SSL: TLSV1_ALERT_INTERNAL_ERROR] tlsv1 alert internal error (_ssl.c:1129) (configured timeouts: socketTimeoutMS: 20000.0ms, connectTimeoutMS: 20000.0ms), Timeout: 10.0s, Topology Description: <TopologyDescription id: 69e22f3fed403a7ca528fedf, topology_type: ReplicaSetNoPrimary, servers: [<ServerDescription ('ac-8xlp2xc-shard-00-00.nc9rsuw.mongodb.net', 27017) server_type: Unknown, rtt: None, error=AutoReconnect('SSL handshake failed: ac-8xlp2xc-shard-00-00.nc9rsuw.mongodb.net:27017: [SSL: TLSV1_ALERT_INTERNAL_ERROR] tlsv1 alert internal error (_ssl.c:1129) (configured timeouts: socketTimeoutMS: 20000.0ms, connectTimeoutMS: 20000.0ms)')>, <ServerDescription ('ac-8xlp2xc-shard-00-01.nc9rsuw.mongodb.net', 27017) server_type: Unknown, rtt: None, error=AutoReconnect('SSL handshake failed: ac-8xlp2xc-shard-00-01.nc9rsuw.mongodb.net:27017: [SSL: TLSV1_ALERT_INTERNAL_ERROR] tlsv1 alert internal error (_ssl.c:1129) (configured timeouts: socketTimeoutMS: 20000.0ms, connectTimeoutMS: 20000.0ms)')>, <ServerDescription ('ac-8xlp2xc-shard-00-02.nc9rsuw.mongodb.net', 27017) server_type: Unknown, rtt: None, error=AutoReconnect('SSL handshake failed: ac-8xlp2xc-shard-00-02.nc9rsuw.mongodb.net:27017: [SSL: TLSV1_ALERT_INTERNAL_ERROR] tlsv1 alert internal error (_ssl.c:1129) (configured timeouts: socketTimeoutMS: 20000.0ms, connectTimeoutMS: 20000.0ms)')>]>. Falling back to JSON.
20:33:56 - SearchConsoleAuditor - ERROR - Failed to save memory to MongoDB: SSL handshake failed: ac-8xlp2xc-shard-00-01.nc9rsuw.mongodb.net:27017: [SSL: TLSV1_ALERT_INTERNAL_ERROR] tlsv1 alert internal error (_ssl.c:1129) (configured timeouts: socketTimeoutMS: 20000.0ms, connectTimeoutMS: 20000.0ms),SSL handshake failed: ac-8xlp2xc-shard-00-02.nc9rsuw.mongodb.net:27017: [SSL: TLSV1_ALERT_INTERNAL_ERROR] tlsv1 alert internal error (_ssl.c:1129) (configured timeouts: socketTimeoutMS: 20000.0ms, connectTimeoutMS: 20000.0ms),SSL handshake failed: ac-8xlp2xc-shard-00-00.nc9rsuw.mongodb.net:27017: [SSL: TLSV1_ALERT_INTERNAL_ERROR] tlsv1 alert internal error (_ssl.c:1129) (configured timeouts: socketTimeoutMS: 20000.0ms, connectTimeoutMS: 20000.0ms), Timeout: 10.0s, Topology Description: <TopologyDescription id: 69e22f3fed403a7ca528fedf, topology_type: ReplicaSetNoPrimary, servers: [<ServerDescription ('ac-8xlp2xc-shard-00-00.nc9rsuw.mongodb.net', 27017) server_type: Unknown, rtt: None, error=AutoReconnect('SSL handshake failed: ac-8xlp2xc-shard-00-00.nc9rsuw.mongodb.net:27017: [SSL: TLSV1_ALERT_INTERNAL_ERROR] tlsv1 alert internal error (_ssl.c:1129) (configured timeouts: socketTimeoutMS: 20000.0ms, connectTimeoutMS: 20000.0ms)')>, <ServerDescription ('ac-8xlp2xc-shard-00-01.nc9rsuw.mongodb.net', 27017) server_type: Unknown, rtt: None, error=AutoReconnect('SSL handshake failed: ac-8xlp2xc-shard-00-01.nc9rsuw.mongodb.net:27017: [SSL: TLSV1_ALERT_INTERNAL_ERROR] tlsv1 alert internal error (_ssl.c:1129) (configured timeouts: socketTimeoutMS: 20000.0ms, connectTimeoutMS: 20000.0ms)')>, <ServerDescription ('ac-8xlp2xc-shard-00-02.nc9rsuw.mongodb.net', 27017) server_type: Unknown, rtt: None, error=AutoReconnect('SSL handshake failed: ac-8xlp2xc-shard-00-02.nc9rsuw.mongodb.net:27017: [SSL: TLSV1_ALERT_INTERNAL_ERROR] tlsv1 alert internal error (_ssl.c:1129) (configured timeouts: socketTimeoutMS: 20000.0ms, connectTimeoutMS: 20000.0ms)')>]>
20:33:56 - httpx - INFO - HTTP Request: POST https://tevdxaufsnpsbvvurddg.supabase.co/rest/v1/memory_store?on_conflict=id "HTTP/2 200 OK"
20:33:56 - AgentOrchestrator - INFO - Executing Tier 4: ['TargetingAgent', 'CreativityAgent', 'SwarmAgent_03_IMPROVE', 'SwarmAgent_10_IMPROVE', 'SwarmAgent_17_IMPROVE', 'SwarmAgent_24_IMPROVE', 'SwarmAgent_31_IMPROVE', 'SwarmAgent_38_IMPROVE', 'SwarmAgent_45_IMPROVE', 'SwarmAgent_52_IMPROVE', 'SwarmAgent_59_IMPROVE', 'SwarmAgent_66_IMPROVE', 'SwarmAgent_73_IMPROVE', 'SwarmAgent_80_IMPROVE', 'SwarmAgent_87_IMPROVE', 'SwarmAgent_94_IMPROVE']
20:33:56 - TargetingAgent - INFO - Building Google Optimized Audience Personas...
20:33:56 - CreativityAgent - INFO - Running Creativity Session...
20:33:56 - SwarmAgent_03_IMPROVE - INFO - [IMPROVE] Executing SEO Micro-task: Domain Research
20:33:56 - SwarmAgent_10_IMPROVE - INFO - [IMPROVE] Executing SEO Micro-task: Keyword Sync
20:33:56 - SwarmAgent_17_IMPROVE - INFO - [IMPROVE] Executing SEO Micro-task: Domain Research
20:33:56 - SwarmAgent_24_IMPROVE - INFO - [IMPROVE] Executing SEO Micro-task: SEO Audit
20:33:56 - SwarmAgent_31_IMPROVE - INFO - [IMPROVE] Executing SEO Micro-task: Market Probe
20:33:56 - SwarmAgent_38_IMPROVE - INFO - [IMPROVE] Executing SEO Micro-task: Keyword Sync
20:33:56 - SwarmAgent_45_IMPROVE - INFO - [IMPROVE] Executing SEO Micro-task: Market Probe
20:33:56 - SwarmAgent_52_IMPROVE - INFO - [IMPROVE] Executing SEO Micro-task: Market Probe
20:33:56 - SwarmAgent_59_IMPROVE - INFO - [IMPROVE] Executing SEO Micro-task: Keyword Sync
20:33:56 - SwarmAgent_66_IMPROVE - INFO - [IMPROVE] Executing SEO Micro-task: SEO Audit
20:33:56 - SwarmAgent_73_IMPROVE - INFO - [IMPROVE] Executing SEO Micro-task: Market Probe
20:33:56 - SwarmAgent_80_IMPROVE - INFO - [IMPROVE] Executing SEO Micro-task: Market Probe
20:33:56 - SwarmAgent_87_IMPROVE - INFO - [IMPROVE] Executing SEO Micro-task: Market Probe
20:33:56 - SwarmAgent_94_IMPROVE - INFO - [IMPROVE] Executing SEO Micro-task: Domain Research
20:34:07 - TargetingAgent - WARNING - Failed to load memory from MongoDB: SSL handshake failed: ac-8xlp2xc-shard-00-01.nc9rsuw.mongodb.net:27017: [SSL: TLSV1_ALERT_INTERNAL_ERROR] tlsv1 alert internal error (_ssl.c:1129) (configured timeouts: socketTimeoutMS: 20000.0ms, connectTimeoutMS: 20000.0ms),SSL handshake failed: ac-8xlp2xc-shard-00-02.nc9rsuw.mongodb.net:27017: [SSL: TLSV1_ALERT_INTERNAL_ERROR] tlsv1 alert internal error (_ssl.c:1129) (configured timeouts: socketTimeoutMS: 20000.0ms, connectTimeoutMS: 20000.0ms),SSL handshake failed: ac-8xlp2xc-shard-00-00.nc9rsuw.mongodb.net:27017: [SSL: TLSV1_ALERT_INTERNAL_ERROR] tlsv1 alert internal error (_ssl.c:1129) (configured timeouts: socketTimeoutMS: 20000.0ms, connectTimeoutMS: 20000.0ms), Timeout: 10.0s, Topology Description: <TopologyDescription id: 69e22f3fed403a7ca528fedf, topology_type: ReplicaSetNoPrimary, servers: [<ServerDescription ('ac-8xlp2xc-shard-00-00.nc9rsuw.mongodb.net', 27017) server_type: Unknown, rtt: None, error=AutoReconnect('SSL handshake failed: ac-8xlp2xc-shard-00-00.nc9rsuw.mongodb.net:27017: [SSL: TLSV1_ALERT_INTERNAL_ERROR] tlsv1 alert internal error (_ssl.c:1129) (configured timeouts: socketTimeoutMS: 20000.0ms, connectTimeoutMS: 20000.0ms)')>, <ServerDescription ('ac-8xlp2xc-shard-00-01.nc9rsuw.mongodb.net', 27017) server_type: Unknown, rtt: None, error=AutoReconnect('SSL handshake failed: ac-8xlp2xc-shard-00-01.nc9rsuw.mongodb.net:27017: [SSL: TLSV1_ALERT_INTERNAL_ERROR] tlsv1 alert internal error (_ssl.c:1129) (configured timeouts: socketTimeoutMS: 20000.0ms, connectTimeoutMS: 20000.0ms)')>, <ServerDescription ('ac-8xlp2xc-shard-00-02.nc9rsuw.mongodb.net', 27017) server_type: Unknown, rtt: None, error=AutoReconnect('SSL handshake failed: ac-8xlp2xc-shard-00-02.nc9rsuw.mongodb.net:27017: [SSL: TLSV1_ALERT_INTERNAL_ERROR] tlsv1 alert internal error (_ssl.c:1129) (configured timeouts: socketTimeoutMS: 20000.0ms, connectTimeoutMS: 20000.0ms)')>]>. Falling back to JSON.
20:34:17 - TargetingAgent - WARNING - Failed to load memory from MongoDB: SSL handshake failed: ac-8xlp2xc-shard-00-01.nc9rsuw.mongodb.net:27017: [SSL: TLSV1_ALERT_INTERNAL_ERROR] tlsv1 alert internal error (_ssl.c:1129) (configured timeouts: socketTimeoutMS: 20000.0ms, connectTimeoutMS: 20000.0ms),SSL handshake failed: ac-8xlp2xc-shard-00-02.nc9rsuw.mongodb.net:27017: [SSL: TLSV1_ALERT_INTERNAL_ERROR] tlsv1 alert internal error (_ssl.c:1129) (configured timeouts: socketTimeoutMS: 20000.0ms, connectTimeoutMS: 20000.0ms),SSL handshake failed: ac-8xlp2xc-shard-00-00.nc9rsuw.mongodb.net:27017: [SSL: TLSV1_ALERT_INTERNAL_ERROR] tlsv1 alert internal error (_ssl.c:1129) (configured timeouts: socketTimeoutMS: 20000.0ms, connectTimeoutMS: 20000.0ms), Timeout: 10.0s, Topology Description: <TopologyDescription id: 69e22f3fed403a7ca528fedf, topology_type: ReplicaSetNoPrimary, servers: [<ServerDescription ('ac-8xlp2xc-shard-00-00.nc9rsuw.mongodb.net', 27017) server_type: Unknown, rtt: None, error=AutoReconnect('SSL handshake failed: ac-8xlp2xc-shard-00-00.nc9rsuw.mongodb.net:27017: [SSL: TLSV1_ALERT_INTERNAL_ERROR] tlsv1 alert internal error (_ssl.c:1129) (configured timeouts: socketTimeoutMS: 20000.0ms, connectTimeoutMS: 20000.0ms)')>, <ServerDescription ('ac-8xlp2xc-shard-00-01.nc9rsuw.mongodb.net', 27017) server_type: Unknown, rtt: None, error=AutoReconnect('SSL handshake failed: ac-8xlp2xc-shard-00-01.nc9rsuw.mongodb.net:27017: [SSL: TLSV1_ALERT_INTERNAL_ERROR] tlsv1 alert internal error (_ssl.c:1129) (configured timeouts: socketTimeoutMS: 20000.0ms, connectTimeoutMS: 20000.0ms)')>, <ServerDescription ('ac-8xlp2xc-shard-00-02.nc9rsuw.mongodb.net', 27017) server_type: Unknown, rtt: None, error=AutoReconnect('SSL handshake failed: ac-8xlp2xc-shard-00-02.nc9rsuw.mongodb.net:27017: [SSL: TLSV1_ALERT_INTERNAL_ERROR] tlsv1 alert internal error (_ssl.c:1129) (configured timeouts: socketTimeoutMS: 20000.0ms, connectTimeoutMS: 20000.0ms)')>]>. Falling back to JSON.
20:34:27 - TargetingAgent - ERROR - Failed to save memory to MongoDB: SSL handshake failed: ac-8xlp2xc-shard-00-01.nc9rsuw.mongodb.net:27017: [SSL: TLSV1_ALERT_INTERNAL_ERROR] tlsv1 alert internal error (_ssl.c:1129) (configured timeouts: socketTimeoutMS: 20000.0ms, connectTimeoutMS: 20000.0ms),SSL handshake failed: ac-8xlp2xc-shard-00-02.nc9rsuw.mongodb.net:27017: [SSL: TLSV1_ALERT_INTERNAL_ERROR] tlsv1 alert internal error (_ssl.c:1129) (configured timeouts: socketTimeoutMS: 20000.0ms, connectTimeoutMS: 20000.0ms),SSL handshake failed: ac-8xlp2xc-shard-00-00.nc9rsuw.mongodb.net:27017: [SSL: TLSV1_ALERT_INTERNAL_ERROR] tlsv1 alert internal error (_ssl.c:1129) (configured timeouts: socketTimeoutMS: 20000.0ms, connectTimeoutMS: 20000.0ms), Timeout: 10.0s, Topology Description: <TopologyDescription id: 69e22f3fed403a7ca528fedf, topology_type: ReplicaSetNoPrimary, servers: [<ServerDescription ('ac-8xlp2xc-shard-00-00.nc9rsuw.mongodb.net', 27017) server_type: Unknown, rtt: None, error=AutoReconnect('SSL handshake failed: ac-8xlp2xc-shard-00-00.nc9rsuw.mongodb.net:27017: [SSL: TLSV1_ALERT_INTERNAL_ERROR] tlsv1 alert internal error (_ssl.c:1129) (configured timeouts: socketTimeoutMS: 20000.0ms, connectTimeoutMS: 20000.0ms)')>, <ServerDescription ('ac-8xlp2xc-shard-00-01.nc9rsuw.mongodb.net', 27017) server_type: Unknown, rtt: None, error=AutoReconnect('SSL handshake failed: ac-8xlp2xc-shard-00-01.nc9rsuw.mongodb.net:27017: [SSL: TLSV1_ALERT_INTERNAL_ERROR] tlsv1 alert internal error (_ssl.c:1129) (configured timeouts: socketTimeoutMS: 20000.0ms, connectTimeoutMS: 20000.0ms)')>, <ServerDescription ('ac-8xlp2xc-shard-00-02.nc9rsuw.mongodb.net', 27017) server_type: Unknown, rtt: None, error=AutoReconnect('SSL handshake failed: ac-8xlp2xc-shard-00-02.nc9rsuw.mongodb.net:27017: [SSL: TLSV1_ALERT_INTERNAL_ERROR] tlsv1 alert internal error (_ssl.c:1129) (configured timeouts: socketTimeoutMS: 20000.0ms, connectTimeoutMS: 20000.0ms)')>]>
20:34:27 - httpx - INFO - HTTP Request: POST https://tevdxaufsnpsbvvurddg.supabase.co/rest/v1/memory_store?on_conflict=id "HTTP/2 200 OK"
20:34:27 - TargetingAgent - INFO - Persona locked: AdTech Professional (Google Stack Focus) | Intent: Campaign Optimization & ROAS Growth
20:34:27 - AgentOrchestrator - INFO - Executing Tier 5: ['BidAgent', 'ContentAgent']
20:34:27 - BidAgent - INFO - Calculating Smart Bid Strategy (tROAS / tCPA)...
20:34:27 - ContentAgent - INFO - Generating Content...
20:34:37 - BidAgent - WARNING - Failed to load memory from MongoDB: SSL handshake failed: ac-8xlp2xc-shard-00-01.nc9rsuw.mongodb.net:27017: [SSL: TLSV1_ALERT_INTERNAL_ERROR] tlsv1 alert internal error (_ssl.c:1129) (configured timeouts: socketTimeoutMS: 20000.0ms, connectTimeoutMS: 20000.0ms),SSL handshake failed: ac-8xlp2xc-shard-00-02.nc9rsuw.mongodb.net:27017: [SSL: TLSV1_ALERT_INTERNAL_ERROR] tlsv1 alert internal error (_ssl.c:1129) (configured timeouts: socketTimeoutMS: 20000.0ms, connectTimeoutMS: 20000.0ms),SSL handshake failed: ac-8xlp2xc-shard-00-00.nc9rsuw.mongodb.net:27017: [SSL: TLSV1_ALERT_INTERNAL_ERROR] tlsv1 alert internal error (_ssl.c:1129) (configured timeouts: socketTimeoutMS: 20000.0ms, connectTimeoutMS: 20000.0ms), Timeout: 10.0s, Topology Description: <TopologyDescription id: 69e22f3fed403a7ca528fedf, topology_type: ReplicaSetNoPrimary, servers: [<ServerDescription ('ac-8xlp2xc-shard-00-00.nc9rsuw.mongodb.net', 27017) server_type: Unknown, rtt: None, error=AutoReconnect('SSL handshake failed: ac-8xlp2xc-shard-00-00.nc9rsuw.mongodb.net:27017: [SSL: TLSV1_ALERT_INTERNAL_ERROR] tlsv1 alert internal error (_ssl.c:1129) (configured timeouts: socketTimeoutMS: 20000.0ms, connectTimeoutMS: 20000.0ms)')>, <ServerDescription ('ac-8xlp2xc-shard-00-01.nc9rsuw.mongodb.net', 27017) server_type: Unknown, rtt: None, error=AutoReconnect('SSL handshake failed: ac-8xlp2xc-shard-00-01.nc9rsuw.mongodb.net:27017: [SSL: TLSV1_ALERT_INTERNAL_ERROR] tlsv1 alert internal error (_ssl.c:1129) (configured timeouts: socketTimeoutMS: 20000.0ms, connectTimeoutMS: 20000.0ms)')>, <ServerDescription ('ac-8xlp2xc-shard-00-02.nc9rsuw.mongodb.net', 27017) server_type: Unknown, rtt: None, error=AutoReconnect('SSL handshake failed: ac-8xlp2xc-shard-00-02.nc9rsuw.mongodb.net:27017: [SSL: TLSV1_ALERT_INTERNAL_ERROR] tlsv1 alert internal error (_ssl.c:1129) (configured timeouts: socketTimeoutMS: 20000.0ms, connectTimeoutMS: 20000.0ms)')>]>. Falling back to JSON.
20:34:47 - BidAgent - WARNING - Failed to load memory from MongoDB: SSL handshake failed: ac-8xlp2xc-shard-00-01.nc9rsuw.mongodb.net:27017: [SSL: TLSV1_ALERT_INTERNAL_ERROR] tlsv1 alert internal error (_ssl.c:1129) (configured timeouts: socketTimeoutMS: 20000.0ms, connectTimeoutMS: 20000.0ms),SSL handshake failed: ac-8xlp2xc-shard-00-02.nc9rsuw.mongodb.net:27017: [SSL: TLSV1_ALERT_INTERNAL_ERROR] tlsv1 alert internal error (_ssl.c:1129) (configured timeouts: socketTimeoutMS: 20000.0ms, connectTimeoutMS: 20000.0ms),SSL handshake failed: ac-8xlp2xc-shard-00-00.nc9rsuw.mongodb.net:27017: [SSL: TLSV1_ALERT_INTERNAL_ERROR] tlsv1 alert internal error (_ssl.c:1129) (configured timeouts: socketTimeoutMS: 20000.0ms, connectTimeoutMS: 20000.0ms), Timeout: 10.0s, Topology Description: <TopologyDescription id: 69e22f3fed403a7ca528fedf, topology_type: ReplicaSetNoPrimary, servers: [<ServerDescription ('ac-8xlp2xc-shard-00-00.nc9rsuw.mongodb.net', 27017) server_type: Unknown, rtt: None, error=AutoReconnect('SSL handshake failed: ac-8xlp2xc-shard-00-00.nc9rsuw.mongodb.net:27017: [SSL: TLSV1_ALERT_INTERNAL_ERROR] tlsv1 alert internal error (_ssl.c:1129) (configured timeouts: socketTimeoutMS: 20000.0ms, connectTimeoutMS: 20000.0ms)')>, <ServerDescription ('ac-8xlp2xc-shard-00-01.nc9rsuw.mongodb.net', 27017) server_type: Unknown, rtt: None, error=AutoReconnect('SSL handshake failed: ac-8xlp2xc-shard-00-01.nc9rsuw.mongodb.net:27017: [SSL: TLSV1_ALERT_INTERNAL_ERROR] tlsv1 alert internal error (_ssl.c:1129) (configured timeouts: socketTimeoutMS: 20000.0ms, connectTimeoutMS: 20000.0ms)')>, <ServerDescription ('ac-8xlp2xc-shard-00-02.nc9rsuw.mongodb.net', 27017) server_type: Unknown, rtt: None, error=AutoReconnect('SSL handshake failed: ac-8xlp2xc-shard-00-02.nc9rsuw.mongodb.net:27017: [SSL: TLSV1_ALERT_INTERNAL_ERROR] tlsv1 alert internal error (_ssl.c:1129) (configured timeouts: socketTimeoutMS: 20000.0ms, connectTimeoutMS: 20000.0ms)')>]>. Falling back to JSON.
20:34:58 - BidAgent - WARNING - Failed to load memory from MongoDB: SSL handshake failed: ac-8xlp2xc-shard-00-01.nc9rsuw.mongodb.net:27017: [SSL: TLSV1_ALERT_INTERNAL_ERROR] tlsv1 alert internal error (_ssl.c:1129) (configured timeouts: socketTimeoutMS: 20000.0ms, connectTimeoutMS: 20000.0ms),SSL handshake failed: ac-8xlp2xc-shard-00-02.nc9rsuw.mongodb.net:27017: [SSL: TLSV1_ALERT_INTERNAL_ERROR] tlsv1 alert internal error (_ssl.c:1129) (configured timeouts: socketTimeoutMS: 20000.0ms, connectTimeoutMS: 20000.0ms),SSL handshake failed: ac-8xlp2xc-shard-00-00.nc9rsuw.mongodb.net:27017: [SSL: TLSV1_ALERT_INTERNAL_ERROR] tlsv1 alert internal error (_ssl.c:1129) (configured timeouts: socketTimeoutMS: 20000.0ms, connectTimeoutMS: 20000.0ms), Timeout: 10.0s, Topology Description: <TopologyDescription id: 69e22f3fed403a7ca528fedf, topology_type: ReplicaSetNoPrimary, servers: [<ServerDescription ('ac-8xlp2xc-shard-00-00.nc9rsuw.mongodb.net', 27017) server_type: Unknown, rtt: None, error=AutoReconnect('SSL handshake failed: ac-8xlp2xc-shard-00-00.nc9rsuw.mongodb.net:27017: [SSL: TLSV1_ALERT_INTERNAL_ERROR] tlsv1 alert internal error (_ssl.c:1129) (configured timeouts: socketTimeoutMS: 20000.0ms, connectTimeoutMS: 20000.0ms)')>, <ServerDescription ('ac-8xlp2xc-shard-00-01.nc9rsuw.mongodb.net', 27017) server_type: Unknown, rtt: None, error=AutoReconnect('SSL handshake failed: ac-8xlp2xc-shard-00-01.nc9rsuw.mongodb.net:27017: [SSL: TLSV1_ALERT_INTERNAL_ERROR] tlsv1 alert internal error (_ssl.c:1129) (configured timeouts: socketTimeoutMS: 20000.0ms, connectTimeoutMS: 20000.0ms)')>, <ServerDescription ('ac-8xlp2xc-shard-00-02.nc9rsuw.mongodb.net', 27017) server_type: Unknown, rtt: None, error=AutoReconnect('SSL handshake failed: ac-8xlp2xc-shard-00-02.nc9rsuw.mongodb.net:27017: [SSL: TLSV1_ALERT_INTERNAL_ERROR] tlsv1 alert internal error (_ssl.c:1129) (configured timeouts: socketTimeoutMS: 20000.0ms, connectTimeoutMS: 20000.0ms)')>]>. Falling back to JSON.
20:35:08 - BidAgent - WARNING - Failed to load memory from MongoDB: SSL handshake failed: ac-8xlp2xc-shard-00-01.nc9rsuw.mongodb.net:27017: [SSL: TLSV1_ALERT_INTERNAL_ERROR] tlsv1 alert internal error (_ssl.c:1129) (configured timeouts: socketTimeoutMS: 20000.0ms, connectTimeoutMS: 20000.0ms),SSL handshake failed: ac-8xlp2xc-shard-00-02.nc9rsuw.mongodb.net:27017: [SSL: TLSV1_ALERT_INTERNAL_ERROR] tlsv1 alert internal error (_ssl.c:1129) (configured timeouts: socketTimeoutMS: 20000.0ms, connectTimeoutMS: 20000.0ms),SSL handshake failed: ac-8xlp2xc-shard-00-00.nc9rsuw.mongodb.net:27017: [SSL: TLSV1_ALERT_INTERNAL_ERROR] tlsv1 alert internal error (_ssl.c:1129) (configured timeouts: socketTimeoutMS: 20000.0ms, connectTimeoutMS: 20000.0ms), Timeout: 10.0s, Topology Description: <TopologyDescription id: 69e22f3fed403a7ca528fedf, topology_type: ReplicaSetNoPrimary, servers: [<ServerDescription ('ac-8xlp2xc-shard-00-00.nc9rsuw.mongodb.net', 27017) server_type: Unknown, rtt: None, error=AutoReconnect('SSL handshake failed: ac-8xlp2xc-shard-00-00.nc9rsuw.mongodb.net:27017: [SSL: TLSV1_ALERT_INTERNAL_ERROR] tlsv1 alert internal error (_ssl.c:1129) (configured timeouts: socketTimeoutMS: 20000.0ms, connectTimeoutMS: 20000.0ms)')>, <ServerDescription ('ac-8xlp2xc-shard-00-01.nc9rsuw.mongodb.net', 27017) server_type: Unknown, rtt: None, error=AutoReconnect('SSL handshake failed: ac-8xlp2xc-shard-00-01.nc9rsuw.mongodb.net:27017: [SSL: TLSV1_ALERT_INTERNAL_ERROR] tlsv1 alert internal error (_ssl.c:1129) (configured timeouts: socketTimeoutMS: 20000.0ms, connectTimeoutMS: 20000.0ms)')>, <ServerDescription ('ac-8xlp2xc-shard-00-02.nc9rsuw.mongodb.net', 27017) server_type: Unknown, rtt: None, error=AutoReconnect('SSL handshake failed: ac-8xlp2xc-shard-00-02.nc9rsuw.mongodb.net:27017: [SSL: TLSV1_ALERT_INTERNAL_ERROR] tlsv1 alert internal error (_ssl.c:1129) (configured timeouts: socketTimeoutMS: 20000.0ms, connectTimeoutMS: 20000.0ms)')>]>. Falling back to JSON.
20:35:18 - BidAgent - ERROR - Failed to save memory to MongoDB: SSL handshake failed: ac-8xlp2xc-shard-00-01.nc9rsuw.mongodb.net:27017: [SSL: TLSV1_ALERT_INTERNAL_ERROR] tlsv1 alert internal error (_ssl.c:1129) (configured timeouts: socketTimeoutMS: 20000.0ms, connectTimeoutMS: 20000.0ms),SSL handshake failed: ac-8xlp2xc-shard-00-02.nc9rsuw.mongodb.net:27017: [SSL: TLSV1_ALERT_INTERNAL_ERROR] tlsv1 alert internal error (_ssl.c:1129) (configured timeouts: socketTimeoutMS: 20000.0ms, connectTimeoutMS: 20000.0ms),SSL handshake failed: ac-8xlp2xc-shard-00-00.nc9rsuw.mongodb.net:27017: [SSL: TLSV1_ALERT_INTERNAL_ERROR] tlsv1 alert internal error (_ssl.c:1129) (configured timeouts: socketTimeoutMS: 20000.0ms, connectTimeoutMS: 20000.0ms), Timeout: 10.0s, Topology Description: <TopologyDescription id: 69e22f3fed403a7ca528fedf, topology_type: ReplicaSetNoPrimary, servers: [<ServerDescription ('ac-8xlp2xc-shard-00-00.nc9rsuw.mongodb.net', 27017) server_type: Unknown, rtt: None, error=AutoReconnect('SSL handshake failed: ac-8xlp2xc-shard-00-00.nc9rsuw.mongodb.net:27017: [SSL: TLSV1_ALERT_INTERNAL_ERROR] tlsv1 alert internal error (_ssl.c:1129) (configured timeouts: socketTimeoutMS: 20000.0ms, connectTimeoutMS: 20000.0ms)')>, <ServerDescription ('ac-8xlp2xc-shard-00-01.nc9rsuw.mongodb.net', 27017) server_type: Unknown, rtt: None, error=AutoReconnect('SSL handshake failed: ac-8xlp2xc-shard-00-01.nc9rsuw.mongodb.net:27017: [SSL: TLSV1_ALERT_INTERNAL_ERROR] tlsv1 alert internal error (_ssl.c:1129) (configured timeouts: socketTimeoutMS: 20000.0ms, connectTimeoutMS: 20000.0ms)')>, <ServerDescription ('ac-8xlp2xc-shard-00-02.nc9rsuw.mongodb.net', 27017) server_type: Unknown, rtt: None, error=AutoReconnect('SSL handshake failed: ac-8xlp2xc-shard-00-02.nc9rsuw.mongodb.net:27017: [SSL: TLSV1_ALERT_INTERNAL_ERROR] tlsv1 alert internal error (_ssl.c:1129) (configured timeouts: socketTimeoutMS: 20000.0ms, connectTimeoutMS: 20000.0ms)')>]>
20:35:18 - httpx - INFO - HTTP Request: POST https://tevdxaufsnpsbvvurddg.supabase.co/rest/v1/memory_store?on_conflict=id "HTTP/2 200 OK"
20:35:29 - BidAgent - WARNING - Failed to load memory from MongoDB: SSL handshake failed: ac-8xlp2xc-shard-00-01.nc9rsuw.mongodb.net:27017: [SSL: TLSV1_ALERT_INTERNAL_ERROR] tlsv1 alert internal error (_ssl.c:1129) (configured timeouts: socketTimeoutMS: 20000.0ms, connectTimeoutMS: 20000.0ms),SSL handshake failed: ac-8xlp2xc-shard-00-02.nc9rsuw.mongodb.net:27017: [SSL: TLSV1_ALERT_INTERNAL_ERROR] tlsv1 alert internal error (_ssl.c:1129) (configured timeouts: socketTimeoutMS: 20000.0ms, connectTimeoutMS: 20000.0ms),SSL handshake failed: ac-8xlp2xc-shard-00-00.nc9rsuw.mongodb.net:27017: [SSL: TLSV1_ALERT_INTERNAL_ERROR] tlsv1 alert internal error (_ssl.c:1129) (configured timeouts: socketTimeoutMS: 20000.0ms, connectTimeoutMS: 20000.0ms), Timeout: 10.0s, Topology Description: <TopologyDescription id: 69e22f3fed403a7ca528fedf, topology_type: ReplicaSetNoPrimary, servers: [<ServerDescription ('ac-8xlp2xc-shard-00-00.nc9rsuw.mongodb.net', 27017) server_type: Unknown, rtt: None, error=AutoReconnect('SSL handshake failed: ac-8xlp2xc-shard-00-00.nc9rsuw.mongodb.net:27017: [SSL: TLSV1_ALERT_INTERNAL_ERROR] tlsv1 alert internal error (_ssl.c:1129) (configured timeouts: socketTimeoutMS: 20000.0ms, connectTimeoutMS: 20000.0ms)')>, <ServerDescription ('ac-8xlp2xc-shard-00-01.nc9rsuw.mongodb.net', 27017) server_type: Unknown, rtt: None, error=AutoReconnect('SSL handshake failed: ac-8xlp2xc-shard-00-01.nc9rsuw.mongodb.net:27017: [SSL: TLSV1_ALERT_INTERNAL_ERROR] tlsv1 alert internal error (_ssl.c:1129) (configured timeouts: socketTimeoutMS: 20000.0ms, connectTimeoutMS: 20000.0ms)')>, <ServerDescription ('ac-8xlp2xc-shard-00-02.nc9rsuw.mongodb.net', 27017) server_type: Unknown, rtt: None, error=AutoReconnect('SSL handshake failed: ac-8xlp2xc-shard-00-02.nc9rsuw.mongodb.net:27017: [SSL: TLSV1_ALERT_INTERNAL_ERROR] tlsv1 alert internal error (_ssl.c:1129) (configured timeouts: socketTimeoutMS: 20000.0ms, connectTimeoutMS: 20000.0ms)')>]>. Falling back to JSON.
20:35:39 - BidAgent - ERROR - Failed to save memory to MongoDB: SSL handshake failed: ac-8xlp2xc-shard-00-01.nc9rsuw.mongodb.net:27017: [SSL: TLSV1_ALERT_INTERNAL_ERROR] tlsv1 alert internal error (_ssl.c:1129) (configured timeouts: socketTimeoutMS: 20000.0ms, connectTimeoutMS: 20000.0ms),SSL handshake failed: ac-8xlp2xc-shard-00-02.nc9rsuw.mongodb.net:27017: [SSL: TLSV1_ALERT_INTERNAL_ERROR] tlsv1 alert internal error (_ssl.c:1129) (configured timeouts: socketTimeoutMS: 20000.0ms, connectTimeoutMS: 20000.0ms),SSL handshake failed: ac-8xlp2xc-shard-00-00.nc9rsuw.mongodb.net:27017: [SSL: TLSV1_ALERT_INTERNAL_ERROR] tlsv1 alert internal error (_ssl.c:1129) (configured timeouts: socketTimeoutMS: 20000.0ms, connectTimeoutMS: 20000.0ms), Timeout: 10.0s, Topology Description: <TopologyDescription id: 69e22f3fed403a7ca528fedf, topology_type: ReplicaSetNoPrimary, servers: [<ServerDescription ('ac-8xlp2xc-shard-00-00.nc9rsuw.mongodb.net', 27017) server_type: Unknown, rtt: None, error=AutoReconnect('SSL handshake failed: ac-8xlp2xc-shard-00-00.nc9rsuw.mongodb.net:27017: [SSL: TLSV1_ALERT_INTERNAL_ERROR] tlsv1 alert internal error (_ssl.c:1129) (configured timeouts: socketTimeoutMS: 20000.0ms, connectTimeoutMS: 20000.0ms)')>, <ServerDescription ('ac-8xlp2xc-shard-00-01.nc9rsuw.mongodb.net', 27017) server_type: Unknown, rtt: None, error=AutoReconnect('SSL handshake failed: ac-8xlp2xc-shard-00-01.nc9rsuw.mongodb.net:27017: [SSL: TLSV1_ALERT_INTERNAL_ERROR] tlsv1 alert internal error (_ssl.c:1129) (configured timeouts: socketTimeoutMS: 20000.0ms, connectTimeoutMS: 20000.0ms)')>, <ServerDescription ('ac-8xlp2xc-shard-00-02.nc9rsuw.mongodb.net', 27017) server_type: Unknown, rtt: None, error=AutoReconnect('SSL handshake failed: ac-8xlp2xc-shard-00-02.nc9rsuw.mongodb.net:27017: [SSL: TLSV1_ALERT_INTERNAL_ERROR] tlsv1 alert internal error (_ssl.c:1129) (configured timeouts: socketTimeoutMS: 20000.0ms, connectTimeoutMS: 20000.0ms)')>]>
20:35:39 - httpx - INFO - HTTP Request: POST https://tevdxaufsnpsbvvurddg.supabase.co/rest/v1/memory_store?on_conflict=id "HTTP/2 200 OK"
20:35:49 - BidAgent - WARNING - Failed to load memory from MongoDB: SSL handshake failed: ac-8xlp2xc-shard-00-01.nc9rsuw.mongodb.net:27017: [SSL: TLSV1_ALERT_INTERNAL_ERROR] tlsv1 alert internal error (_ssl.c:1129) (configured timeouts: socketTimeoutMS: 20000.0ms, connectTimeoutMS: 20000.0ms),SSL handshake failed: ac-8xlp2xc-shard-00-02.nc9rsuw.mongodb.net:27017: [SSL: TLSV1_ALERT_INTERNAL_ERROR] tlsv1 alert internal error (_ssl.c:1129) (configured timeouts: socketTimeoutMS: 20000.0ms, connectTimeoutMS: 20000.0ms),SSL handshake failed: ac-8xlp2xc-shard-00-00.nc9rsuw.mongodb.net:27017: [SSL: TLSV1_ALERT_INTERNAL_ERROR] tlsv1 alert internal error (_ssl.c:1129) (configured timeouts: socketTimeoutMS: 20000.0ms, connectTimeoutMS: 20000.0ms), Timeout: 10.0s, Topology Description: <TopologyDescription id: 69e22f3fed403a7ca528fedf, topology_type: ReplicaSetNoPrimary, servers: [<ServerDescription ('ac-8xlp2xc-shard-00-00.nc9rsuw.mongodb.net', 27017) server_type: Unknown, rtt: None, error=AutoReconnect('SSL handshake failed: ac-8xlp2xc-shard-00-00.nc9rsuw.mongodb.net:27017: [SSL: TLSV1_ALERT_INTERNAL_ERROR] tlsv1 alert internal error (_ssl.c:1129) (configured timeouts: socketTimeoutMS: 20000.0ms, connectTimeoutMS: 20000.0ms)')>, <ServerDescription ('ac-8xlp2xc-shard-00-01.nc9rsuw.mongodb.net', 27017) server_type: Unknown, rtt: None, error=AutoReconnect('SSL handshake failed: ac-8xlp2xc-shard-00-01.nc9rsuw.mongodb.net:27017: [SSL: TLSV1_ALERT_INTERNAL_ERROR] tlsv1 alert internal error (_ssl.c:1129) (configured timeouts: socketTimeoutMS: 20000.0ms, connectTimeoutMS: 20000.0ms)')>, <ServerDescription ('ac-8xlp2xc-shard-00-02.nc9rsuw.mongodb.net', 27017) server_type: Unknown, rtt: None, error=AutoReconnect('SSL handshake failed: ac-8xlp2xc-shard-00-02.nc9rsuw.mongodb.net:27017: [SSL: TLSV1_ALERT_INTERNAL_ERROR] tlsv1 alert internal error (_ssl.c:1129) (configured timeouts: socketTimeoutMS: 20000.0ms, connectTimeoutMS: 20000.0ms)')>]>. Falling back to JSON.
20:36:00 - BidAgent - ERROR - Failed to save memory to MongoDB: SSL handshake failed: ac-8xlp2xc-shard-00-01.nc9rsuw.mongodb.net:27017: [SSL: TLSV1_ALERT_INTERNAL_ERROR] tlsv1 alert internal error (_ssl.c:1129) (configured timeouts: socketTimeoutMS: 20000.0ms, connectTimeoutMS: 20000.0ms),SSL handshake failed: ac-8xlp2xc-shard-00-02.nc9rsuw.mongodb.net:27017: [SSL: TLSV1_ALERT_INTERNAL_ERROR] tlsv1 alert internal error (_ssl.c:1129) (configured timeouts: socketTimeoutMS: 20000.0ms, connectTimeoutMS: 20000.0ms),SSL handshake failed: ac-8xlp2xc-shard-00-00.nc9rsuw.mongodb.net:27017: [SSL: TLSV1_ALERT_INTERNAL_ERROR] tlsv1 alert internal error (_ssl.c:1129) (configured timeouts: socketTimeoutMS: 20000.0ms, connectTimeoutMS: 20000.0ms), Timeout: 10.0s, Topology Description: <TopologyDescription id: 69e22f3fed403a7ca528fedf, topology_type: ReplicaSetNoPrimary, servers: [<ServerDescription ('ac-8xlp2xc-shard-00-00.nc9rsuw.mongodb.net', 27017) server_type: Unknown, rtt: None, error=AutoReconnect('SSL handshake failed: ac-8xlp2xc-shard-00-00.nc9rsuw.mongodb.net:27017: [SSL: TLSV1_ALERT_INTERNAL_ERROR] tlsv1 alert internal error (_ssl.c:1129) (configured timeouts: socketTimeoutMS: 20000.0ms, connectTimeoutMS: 20000.0ms)')>, <ServerDescription ('ac-8xlp2xc-shard-00-01.nc9rsuw.mongodb.net', 27017) server_type: Unknown, rtt: None, error=AutoReconnect('SSL handshake failed: ac-8xlp2xc-shard-00-01.nc9rsuw.mongodb.net:27017: [SSL: TLSV1_ALERT_INTERNAL_ERROR] tlsv1 alert internal error (_ssl.c:1129) (configured timeouts: socketTimeoutMS: 20000.0ms, connectTimeoutMS: 20000.0ms)')>, <ServerDescription ('ac-8xlp2xc-shard-00-02.nc9rsuw.mongodb.net', 27017) server_type: Unknown, rtt: None, error=AutoReconnect('SSL handshake failed: ac-8xlp2xc-shard-00-02.nc9rsuw.mongodb.net:27017: [SSL: TLSV1_ALERT_INTERNAL_ERROR] tlsv1 alert internal error (_ssl.c:1129) (configured timeouts: socketTimeoutMS: 20000.0ms, connectTimeoutMS: 20000.0ms)')>]>
20:36:00 - httpx - INFO - HTTP Request: POST https://tevdxaufsnpsbvvurddg.supabase.co/rest/v1/memory_store?on_conflict=id "HTTP/2 200 OK"
20:36:00 - BidAgent - INFO - Strategy: Target CPA — PROTECT_BUDGET | CPM: €0.67 | tROAS: 4.0x | tCPA: €167.26
20:36:00 - AgentOrchestrator - INFO - Executing Tier 6: ['AdsAgent', 'MonetizationAgent', 'SwarmAgent_04_CONTROL', 'SwarmAgent_11_CONTROL', 'SwarmAgent_18_CONTROL', 'SwarmAgent_25_CONTROL', 'SwarmAgent_32_CONTROL', 'SwarmAgent_39_CONTROL', 'SwarmAgent_46_CONTROL', 'SwarmAgent_53_CONTROL', 'SwarmAgent_60_CONTROL', 'SwarmAgent_67_CONTROL', 'SwarmAgent_74_CONTROL', 'SwarmAgent_81_CONTROL', 'SwarmAgent_88_CONTROL', 'SwarmAgent_95_CONTROL']
20:36:00 - AdsAgent - INFO - Generating Performance Max Asset Groups & Ad Campaigns...
20:36:00 - TelemetryManager - INFO - [TELEMETRY] AdsAgent emitted AD_STRATEGY_GENERATION for AD_ADS_ADVERTISE
20:36:00 - AdsAgent - INFO - Generated 3 standard ads + PMax group 'PMax_Group_AdTech_Professi' (8 headlines, signal: BUILDING)
20:36:00 - MonetizationAgent - INFO - Running Monetization Analysis...
20:36:00 - SwarmAgent_04_CONTROL - INFO - [CONTROL] Executing SEO Micro-task: SEO Audit
20:36:00 - SwarmAgent_11_CONTROL - INFO - [CONTROL] Executing SEO Micro-task: Market Probe
20:36:00 - SwarmAgent_18_CONTROL - INFO - [CONTROL] Executing SEO Micro-task: SEO Audit
20:36:00 - SwarmAgent_25_CONTROL - INFO - [CONTROL] Executing SEO Micro-task: Keyword Sync
20:36:00 - SwarmAgent_32_CONTROL - INFO - [CONTROL] Executing SEO Micro-task: Market Probe
20:36:00 - SwarmAgent_39_CONTROL - INFO - [CONTROL] Executing SEO Micro-task: SEO Audit
20:36:00 - SwarmAgent_46_CONTROL - INFO - [CONTROL] Executing SEO Micro-task: Keyword Sync
20:36:00 - SwarmAgent_53_CONTROL - INFO - [CONTROL] Executing SEO Micro-task: SEO Audit
20:36:00 - SwarmAgent_60_CONTROL - INFO - [CONTROL] Executing SEO Micro-task: Domain Research
20:36:00 - SwarmAgent_67_CONTROL - INFO - [CONTROL] Executing SEO Micro-task: Keyword Sync
20:36:00 - SwarmAgent_74_CONTROL - INFO - [CONTROL] Executing SEO Micro-task: Market Probe
20:36:00 - SwarmAgent_81_CONTROL - INFO - [CONTROL] Executing SEO Micro-task: Domain Research
20:36:00 - SwarmAgent_88_CONTROL - INFO - [CONTROL] Executing SEO Micro-task: Keyword Sync
20:36:00 - SwarmAgent_95_CONTROL - INFO - [CONTROL] Executing SEO Micro-task: Market Probe
20:36:00 - AgentOrchestrator - INFO - Executing Tier 7: ['AutonomousIntelligenceAgent']
20:36:00 - httpx - INFO - HTTP Request: POST https://tevdxaufsnpsbvvurddg.supabase.co/rest/v1/telemetry?columns=%22id%22%2C%22event_data%22%2C%22recorded_at%22 "HTTP/2 201 Created"
20:36:00 - AutonomousIntelligenceAgent - INFO - Overseeing Ecosystem...
20:36:10 - AutonomousIntelligenceAgent - WARNING - Failed to load memory from MongoDB: SSL handshake failed: ac-8xlp2xc-shard-00-01.nc9rsuw.mongodb.net:27017: [SSL: TLSV1_ALERT_INTERNAL_ERROR] tlsv1 alert internal error (_ssl.c:1129) (configured timeouts: socketTimeoutMS: 20000.0ms, connectTimeoutMS: 20000.0ms),SSL handshake failed: ac-8xlp2xc-shard-00-02.nc9rsuw.mongodb.net:27017: [SSL: TLSV1_ALERT_INTERNAL_ERROR] tlsv1 alert internal error (_ssl.c:1129) (configured timeouts: socketTimeoutMS: 20000.0ms, connectTimeoutMS: 20000.0ms),SSL handshake failed: ac-8xlp2xc-shard-00-00.nc9rsuw.mongodb.net:27017: [SSL: TLSV1_ALERT_INTERNAL_ERROR] tlsv1 alert internal error (_ssl.c:1129) (configured timeouts: socketTimeoutMS: 20000.0ms, connectTimeoutMS: 20000.0ms), Timeout: 10.0s, Topology Description: <TopologyDescription id: 69e22f3fed403a7ca528fedf, topology_type: ReplicaSetNoPrimary, servers: [<ServerDescription ('ac-8xlp2xc-shard-00-00.nc9rsuw.mongodb.net', 27017) server_type: Unknown, rtt: None, error=AutoReconnect('SSL handshake failed: ac-8xlp2xc-shard-00-00.nc9rsuw.mongodb.net:27017: [SSL: TLSV1_ALERT_INTERNAL_ERROR] tlsv1 alert internal error (_ssl.c:1129) (configured timeouts: socketTimeoutMS: 20000.0ms, connectTimeoutMS: 20000.0ms)')>, <ServerDescription ('ac-8xlp2xc-shard-00-01.nc9rsuw.mongodb.net', 27017) server_type: Unknown, rtt: None, error=AutoReconnect('SSL handshake failed: ac-8xlp2xc-shard-00-01.nc9rsuw.mongodb.net:27017: [SSL: TLSV1_ALERT_INTERNAL_ERROR] tlsv1 alert internal error (_ssl.c:1129) (configured timeouts: socketTimeoutMS: 20000.0ms, connectTimeoutMS: 20000.0ms)')>, <ServerDescription ('ac-8xlp2xc-shard-00-02.nc9rsuw.mongodb.net', 27017) server_type: Unknown, rtt: None, error=AutoReconnect('SSL handshake failed: ac-8xlp2xc-shard-00-02.nc9rsuw.mongodb.net:27017: [SSL: TLSV1_ALERT_INTERNAL_ERROR] tlsv1 alert internal error (_ssl.c:1129) (configured timeouts: socketTimeoutMS: 20000.0ms, connectTimeoutMS: 20000.0ms)')>]>. Falling back to JSON.
20:36:10 - TelemetryManager - WARNING - MongoDB telemetry sync failed: SSL handshake failed: ac-8xlp2xc-shard-00-01.nc9rsuw.mongodb.net:27017: [SSL: TLSV1_ALERT_INTERNAL_ERROR] tlsv1 alert internal error (_ssl.c:1129) (configured timeouts: socketTimeoutMS: 20000.0ms, connectTimeoutMS: 20000.0ms),SSL handshake failed: ac-8xlp2xc-shard-00-02.nc9rsuw.mongodb.net:27017: [SSL: TLSV1_ALERT_INTERNAL_ERROR] tlsv1 alert internal error (_ssl.c:1129) (configured timeouts: socketTimeoutMS: 20000.0ms, connectTimeoutMS: 20000.0ms),SSL handshake failed: ac-8xlp2xc-shard-00-00.nc9rsuw.mongodb.net:27017: [SSL: TLSV1_ALERT_INTERNAL_ERROR] tlsv1 alert internal error (_ssl.c:1129) (configured timeouts: socketTimeoutMS: 20000.0ms, connectTimeoutMS: 20000.0ms), Timeout: 10.0s, Topology Description: <TopologyDescription id: 69e22f3fed403a7ca528fedf, topology_type: ReplicaSetNoPrimary, servers: [<ServerDescription ('ac-8xlp2xc-shard-00-00.nc9rsuw.mongodb.net', 27017) server_type: Unknown, rtt: None, error=AutoReconnect('SSL handshake failed: ac-8xlp2xc-shard-00-00.nc9rsuw.mongodb.net:27017: [SSL: TLSV1_ALERT_INTERNAL_ERROR] tlsv1 alert internal error (_ssl.c:1129) (configured timeouts: socketTimeoutMS: 20000.0ms, connectTimeoutMS: 20000.0ms)')>, <ServerDescription ('ac-8xlp2xc-shard-00-01.nc9rsuw.mongodb.net', 27017) server_type: Unknown, rtt: None, error=AutoReconnect('SSL handshake failed: ac-8xlp2xc-shard-00-01.nc9rsuw.mongodb.net:27017: [SSL: TLSV1_ALERT_INTERNAL_ERROR] tlsv1 alert internal error (_ssl.c:1129) (configured timeouts: socketTimeoutMS: 20000.0ms, connectTimeoutMS: 20000.0ms)')>, <ServerDescription ('ac-8xlp2xc-shard-00-02.nc9rsuw.mongodb.net', 27017) server_type: Unknown, rtt: None, error=AutoReconnect('SSL handshake failed: ac-8xlp2xc-shard-00-02.nc9rsuw.mongodb.net:27017: [SSL: TLSV1_ALERT_INTERNAL_ERROR] tlsv1 alert internal error (_ssl.c:1129) (configured timeouts: socketTimeoutMS: 20000.0ms, connectTimeoutMS: 20000.0ms)')>]>
20:36:20 - AutonomousIntelligenceAgent - ERROR - Failed to save memory to MongoDB: SSL handshake failed: ac-8xlp2xc-shard-00-01.nc9rsuw.mongodb.net:27017: [SSL: TLSV1_ALERT_INTERNAL_ERROR] tlsv1 alert internal error (_ssl.c:1129) (configured timeouts: socketTimeoutMS: 20000.0ms, connectTimeoutMS: 20000.0ms),SSL handshake failed: ac-8xlp2xc-shard-00-02.nc9rsuw.mongodb.net:27017: [SSL: TLSV1_ALERT_INTERNAL_ERROR] tlsv1 alert internal error (_ssl.c:1129) (configured timeouts: socketTimeoutMS: 20000.0ms, connectTimeoutMS: 20000.0ms),SSL handshake failed: ac-8xlp2xc-shard-00-00.nc9rsuw.mongodb.net:27017: [SSL: TLSV1_ALERT_INTERNAL_ERROR] tlsv1 alert internal error (_ssl.c:1129) (configured timeouts: socketTimeoutMS: 20000.0ms, connectTimeoutMS: 20000.0ms), Timeout: 10.0s, Topology Description: <TopologyDescription id: 69e22f3fed403a7ca528fedf, topology_type: ReplicaSetNoPrimary, servers: [<ServerDescription ('ac-8xlp2xc-shard-00-00.nc9rsuw.mongodb.net', 27017) server_type: Unknown, rtt: None, error=AutoReconnect('SSL handshake failed: ac-8xlp2xc-shard-00-00.nc9rsuw.mongodb.net:27017: [SSL: TLSV1_ALERT_INTERNAL_ERROR] tlsv1 alert internal error (_ssl.c:1129) (configured timeouts: socketTimeoutMS: 20000.0ms, connectTimeoutMS: 20000.0ms)')>, <ServerDescription ('ac-8xlp2xc-shard-00-01.nc9rsuw.mongodb.net', 27017) server_type: Unknown, rtt: None, error=AutoReconnect('SSL handshake failed: ac-8xlp2xc-shard-00-01.nc9rsuw.mongodb.net:27017: [SSL: TLSV1_ALERT_INTERNAL_ERROR] tlsv1 alert internal error (_ssl.c:1129) (configured timeouts: socketTimeoutMS: 20000.0ms, connectTimeoutMS: 20000.0ms)')>, <ServerDescription ('ac-8xlp2xc-shard-00-02.nc9rsuw.mongodb.net', 27017) server_type: Unknown, rtt: None, error=AutoReconnect('SSL handshake failed: ac-8xlp2xc-shard-00-02.nc9rsuw.mongodb.net:27017: [SSL: TLSV1_ALERT_INTERNAL_ERROR] tlsv1 alert internal error (_ssl.c:1129) (configured timeouts: socketTimeoutMS: 20000.0ms, connectTimeoutMS: 20000.0ms)')>]>
20:36:21 - httpx - INFO - HTTP Request: POST https://tevdxaufsnpsbvvurddg.supabase.co/rest/v1/memory_store?on_conflict=id "HTTP/2 200 OK"
20:36:21 - AgentOrchestrator - INFO - Executing Tier 8: ['TelemetryAgent']
20:36:21 - TelemetryAgent - INFO - Synthesizing Market Data Structural Telemetry & External World Connectivity...
20:36:21 - AgentOrchestrator - INFO - Executing Tier 9: ['SixSigmaChampion']
20:36:21 - SixSigmaChampion - INFO - Governing Six Belt Sigma SEO Process...
20:36:21 - AgentOrchestrator - INFO - Executing Tier 10: ['Architect', 'CEO_Backup_00', 'CEO_Backup_01', 'CEO_Backup_02', 'CEO_Backup_03', 'AutonomyExpertImbued', 'SwiftEvolutionExpertImbued']
20:36:21 - Architect - INFO - Analyzing system architecture for daily improvements...
20:36:21 - Architect - INFO - Reviewing proposal from SwarmAgent_06_AD_TECH_PROBE: {'seo_impact_threshold': 0.48}
20:36:21 - Architect - INFO - Reviewing proposal from SwarmAgent_12_RESEARCH_WORLD: {'seo_impact_threshold': 0.48}
20:36:21 - Architect - INFO - Reviewing proposal from SwarmAgent_14_DEFINE: {'seo_impact_threshold': 0.48}
20:36:21 - Architect - INFO - Reviewing proposal from SwarmAgent_20_AD_TECH_PROBE: {'seo_impact_threshold': 0.48}
20:36:21 - Architect - INFO - Reviewing proposal from SwarmAgent_21_DEFINE: {'seo_impact_threshold': 0.48}
20:36:21 - Architect - INFO - Reviewing proposal from SwarmAgent_26_RESEARCH_WORLD: {'seo_impact_threshold': 0.48}
20:36:21 - Architect - INFO - Reviewing proposal from SwarmAgent_41_AD_TECH_PROBE: {'seo_impact_threshold': 0.48}
20:36:21 - Architect - INFO - Reviewing proposal from SwarmAgent_49_DEFINE: {'seo_impact_threshold': 0.48}
20:36:21 - Architect - INFO - Reviewing proposal from SwarmAgent_54_RESEARCH_WORLD: {'seo_impact_threshold': 0.48}
20:36:21 - Architect - INFO - Reviewing proposal from SwarmAgent_56_DEFINE: {'seo_impact_threshold': 0.48}
20:36:21 - Architect - INFO - Reviewing proposal from SwarmAgent_63_DEFINE: {'seo_impact_threshold': 0.48}
20:36:21 - Architect - INFO - Reviewing proposal from SwarmAgent_69_AD_TECH_PROBE: {'seo_impact_threshold': 0.48}
20:36:21 - Architect - INFO - Reviewing proposal from SwarmAgent_75_RESEARCH_WORLD: {'seo_impact_threshold': 0.48}
20:36:21 - Architect - INFO - Reviewing proposal from SwarmAgent_76_AD_TECH_PROBE: {'seo_impact_threshold': 0.48}
20:36:21 - Architect - INFO - Reviewing proposal from SwarmAgent_83_AD_TECH_PROBE: {'seo_impact_threshold': 0.48}
20:36:21 - Architect - INFO - Reviewing proposal from SwarmAgent_89_RESEARCH_WORLD: {'seo_impact_threshold': 0.48}
20:36:21 - Architect - INFO - Reviewing proposal from SwarmAgent_90_AD_TECH_PROBE: {'seo_impact_threshold': 0.48}
20:36:21 - Architect - INFO - Reviewing proposal from SwarmAgent_97_AD_TECH_PROBE: {'seo_impact_threshold': 0.48}
20:36:21 - Architect - INFO - Reviewing proposal from SwarmAgent_01_MEASURE: {'seo_impact_threshold': 0.48}
20:36:21 - Architect - INFO - Reviewing proposal from SwarmAgent_02_ANALYZE: {'seo_impact_threshold': 0.48}
20:36:21 - Architect - INFO - Reviewing proposal from SwarmAgent_08_MEASURE: {'seo_impact_threshold': 0.48}
20:36:21 - Architect - INFO - Reviewing proposal from SwarmAgent_09_ANALYZE: {'seo_impact_threshold': 0.48}
20:36:21 - Architect - INFO - Reviewing proposal from SwarmAgent_15_MEASURE: {'seo_impact_threshold': 0.48}
20:36:21 - Architect - INFO - Reviewing proposal from SwarmAgent_16_ANALYZE: {'seo_impact_threshold': 0.48}
20:36:21 - Architect - INFO - Reviewing proposal from SwarmAgent_22_MEASURE: {'seo_impact_threshold': 0.48}
20:36:21 - Architect - INFO - Reviewing proposal from SwarmAgent_30_ANALYZE: {'seo_impact_threshold': 0.48}
20:36:21 - Architect - INFO - Reviewing proposal from SwarmAgent_44_ANALYZE: {'seo_impact_threshold': 0.48}
20:36:21 - Architect - INFO - Reviewing proposal from SwarmAgent_64_MEASURE: {'seo_impact_threshold': 0.48}
20:36:21 - Architect - INFO - Reviewing proposal from SwarmAgent_86_ANALYZE: {'seo_impact_threshold': 0.48}
20:36:21 - Architect - INFO - Reviewing proposal from SwarmAgent_10_IMPROVE: {'seo_impact_threshold': 0.48}
20:36:21 - Architect - INFO - Reviewing proposal from SwarmAgent_17_IMPROVE: {'seo_impact_threshold': 0.48}
20:36:21 - Architect - INFO - Reviewing proposal from SwarmAgent_38_IMPROVE: {'seo_impact_threshold': 0.48}
20:36:21 - Architect - INFO - Reviewing proposal from SwarmAgent_45_IMPROVE: {'seo_impact_threshold': 0.48}
20:36:21 - Architect - INFO - Reviewing proposal from SwarmAgent_52_IMPROVE: {'seo_impact_threshold': 0.48}
20:36:21 - Architect - INFO - Reviewing proposal from SwarmAgent_73_IMPROVE: {'seo_impact_threshold': 0.48}
20:36:21 - Architect - INFO - Reviewing proposal from SwarmAgent_94_IMPROVE: {'seo_impact_threshold': 0.48}
20:36:21 - Architect - INFO - Reviewing proposal from SwarmAgent_04_CONTROL: {'seo_impact_threshold': 0.48}
20:36:21 - Architect - INFO - Reviewing proposal from SwarmAgent_11_CONTROL: {'seo_impact_threshold': 0.48}
20:36:21 - Architect - INFO - Reviewing proposal from SwarmAgent_25_CONTROL: {'seo_impact_threshold': 0.48}
20:36:21 - Architect - INFO - Reviewing proposal from SwarmAgent_32_CONTROL: {'seo_impact_threshold': 0.48}
20:36:21 - Architect - INFO - Reviewing proposal from SwarmAgent_46_CONTROL: {'seo_impact_threshold': 0.48}
20:36:21 - Architect - INFO - Reviewing proposal from SwarmAgent_53_CONTROL: {'seo_impact_threshold': 0.48}
20:36:21 - Architect - INFO - Reviewing proposal from SwarmAgent_74_CONTROL: {'seo_impact_threshold': 0.48}
20:36:21 - Architect - INFO - Reviewing proposal from SwarmAgent_81_CONTROL: {'seo_impact_threshold': 0.48}
20:36:21 - Architect - INFO - Reviewing proposal from SwarmAgent_88_CONTROL: {'seo_impact_threshold': 0.48}
20:36:21 - Architect - INFO - Reviewing proposal from SwarmAgent_95_CONTROL: {'seo_impact_threshold': 0.48}
20:36:21 - AgentOrchestrator - ERROR - Error in agent Architect: can only concatenate str (not "float") to str
Traceback (most recent call last):
  File "/Users/filipkeser/Documents/Antigravity/agents/orchestrator.py", line 74, in _run_agent
    result = await agent.run(data, self.blackboard)
  File "/Users/filipkeser/Documents/Antigravity/agents/architect_agent.py", line 44, in run
    else:
  File "/Users/filipkeser/Documents/Antigravity/agents/architect_agent.py", line 53, in _apply_evolution
TypeError: can only concatenate str (not "float") to str
20:36:21 - CEO_Backup_00 - INFO - Verifying CEO (Champion) integrity...
20:36:21 - CEO_Backup_01 - INFO - Verifying CEO (Champion) integrity...
20:36:21 - CEO_Backup_02 - INFO - Verifying CEO (Champion) integrity...
20:36:21 - CEO_Backup_03 - INFO - Verifying CEO (Champion) integrity...
20:36:21 - AutonomyExpertImbued - INFO - 🤖 Autonomy Expert running diagnostic on background daily cycle...
20:36:21 - AutonomyExpertImbued - INFO - Last autonomous run detected at: 2026-04-17T13:01:50.476158+00:00
20:36:21 - SwiftEvolutionExpertImbued - INFO - Swift Evolution Expert refactoring Agent IDE UI...
20:36:21 - httpx - INFO - HTTP Request: POST https://tevdxaufsnpsbvvurddg.supabase.co/rest/v1/telemetry "HTTP/2 400 Bad Request"
20:36:21 - SwiftEvolutionExpertImbued - WARNING - Failed to push to Supabase: {'message': 'null value in column "id" of relation "telemetry" violates not-null constraint', 'code': '23502', 'hint': None, 'details': 'Failing row contains (null, {"type": "EVOLUTION_SYNC", "message": "Swift Evolution Expert op..., 2026-04-17 18:36:21.199516+00).'}
20:36:21 - AgentOrchestrator - INFO - Executing Tier 11: ['MetaCodingAgent', 'DockerEvolutionAgent']
20:36:21 - MetaCodingAgent - INFO - Performing Meta-Coding Analysis and Autonomous Self-Improvement...
20:36:21 - MetaCodingAgent - INFO - High system impact (0.52) detected. Injecting 'Deep-Skill' optimizations.
20:36:21 - DockerEvolutionAgent - INFO - No system evolution detected. Skipping Docker validation.
20:36:21 - AgentOrchestrator - INFO - Executing Tier 12: ['GitHubEvolutionAgent']
20:36:21 - GitHubEvolutionAgent - INFO - No system evolution. Skipping Git operations.
20:36:21 - httpx - INFO - HTTP Request: POST https://tevdxaufsnpsbvvurddg.supabase.co/rest/v1/github_sync_history "HTTP/2 201 Created"
20:36:21 - GitHubEvolutionAgent - INFO - GitHub sync record written to Supabase: SKIPPED
20:36:31 - GitHubEvolutionAgent - WARNING - MongoDB github_sync write failed: SSL handshake failed: ac-8xlp2xc-shard-00-01.nc9rsuw.mongodb.net:27017: [SSL: TLSV1_ALERT_INTERNAL_ERROR] tlsv1 alert internal error (_ssl.c:1129) (configured timeouts: socketTimeoutMS: 20000.0ms, connectTimeoutMS: 20000.0ms),SSL handshake failed: ac-8xlp2xc-shard-00-02.nc9rsuw.mongodb.net:27017: [SSL: TLSV1_ALERT_INTERNAL_ERROR] tlsv1 alert internal error (_ssl.c:1129) (configured timeouts: socketTimeoutMS: 20000.0ms, connectTimeoutMS: 20000.0ms),SSL handshake failed: ac-8xlp2xc-shard-00-00.nc9rsuw.mongodb.net:27017: [SSL: TLSV1_ALERT_INTERNAL_ERROR] tlsv1 alert internal error (_ssl.c:1129) (configured timeouts: socketTimeoutMS: 20000.0ms, connectTimeoutMS: 20000.0ms), Timeout: 10.0s, Topology Description: <TopologyDescription id: 69e22f3fed403a7ca528fedf, topology_type: ReplicaSetNoPrimary, servers: [<ServerDescription ('ac-8xlp2xc-shard-00-00.nc9rsuw.mongodb.net', 27017) server_type: Unknown, rtt: None, error=AutoReconnect('SSL handshake failed: ac-8xlp2xc-shard-00-00.nc9rsuw.mongodb.net:27017: [SSL: TLSV1_ALERT_INTERNAL_ERROR] tlsv1 alert internal error (_ssl.c:1129) (configured timeouts: socketTimeoutMS: 20000.0ms, connectTimeoutMS: 20000.0ms)')>, <ServerDescription ('ac-8xlp2xc-shard-00-01.nc9rsuw.mongodb.net', 27017) server_type: Unknown, rtt: None, error=AutoReconnect('SSL handshake failed: ac-8xlp2xc-shard-00-01.nc9rsuw.mongodb.net:27017: [SSL: TLSV1_ALERT_INTERNAL_ERROR] tlsv1 alert internal error (_ssl.c:1129) (configured timeouts: socketTimeoutMS: 20000.0ms, connectTimeoutMS: 20000.0ms)')>, <ServerDescription ('ac-8xlp2xc-shard-00-02.nc9rsuw.mongodb.net', 27017) server_type: Unknown, rtt: None, error=AutoReconnect('SSL handshake failed: ac-8xlp2xc-shard-00-02.nc9rsuw.mongodb.net:27017: [SSL: TLSV1_ALERT_INTERNAL_ERROR] tlsv1 alert internal error (_ssl.c:1129) (configured timeouts: socketTimeoutMS: 20000.0ms, connectTimeoutMS: 20000.0ms)')>]>
20:36:31 - AgentOrchestrator - INFO - Executing Tier 13: ['GitKrakenEvolutionAgent']
20:36:31 - GitKrakenEvolutionAgent - INFO - No system evolution for GitKraken sync. Skipping.
20:36:31 - AgentOrchestrator - INFO - Executing Tier 14: ['JulesEvolutionAgent']
20:36:31 - JulesEvolutionAgent - INFO - Jules at your service. Synchronizing all evolution channels and memory...
20:36:31 - httpx - INFO - HTTP Request: POST https://tevdxaufsnpsbvvurddg.supabase.co/rest/v1/sync_logs "HTTP/2 200 OK"
20:36:31 - httpx - INFO - HTTP Request: POST https://tevdxaufsnpsbvvurddg.supabase.co/rest/v1/sync_logs "HTTP/2 200 OK"
20:36:31 - httpx - INFO - HTTP Request: POST https://tevdxaufsnpsbvvurddg.supabase.co/rest/v1/sync_logs "HTTP/2 200 OK"
20:36:31 - JulesEvolutionAgent - INFO - Jules has synced 3 learnings to Supabase.
20:36:42 - JulesEvolutionAgent - WARNING - Jules failed to sync learnings to MongoDB: SSL handshake failed: ac-8xlp2xc-shard-00-01.nc9rsuw.mongodb.net:27017: [SSL: TLSV1_ALERT_INTERNAL_ERROR] tlsv1 alert internal error (_ssl.c:1129) (configured timeouts: socketTimeoutMS: 20000.0ms, connectTimeoutMS: 20000.0ms),SSL handshake failed: ac-8xlp2xc-shard-00-02.nc9rsuw.mongodb.net:27017: [SSL: TLSV1_ALERT_INTERNAL_ERROR] tlsv1 alert internal error (_ssl.c:1129) (configured timeouts: socketTimeoutMS: 20000.0ms, connectTimeoutMS: 20000.0ms),SSL handshake failed: ac-8xlp2xc-shard-00-00.nc9rsuw.mongodb.net:27017: [SSL: TLSV1_ALERT_INTERNAL_ERROR] tlsv1 alert internal error (_ssl.c:1129) (configured timeouts: socketTimeoutMS: 20000.0ms, connectTimeoutMS: 20000.0ms), Timeout: 10.0s, Topology Description: <TopologyDescription id: 69e22f3fed403a7ca528fedf, topology_type: ReplicaSetNoPrimary, servers: [<ServerDescription ('ac-8xlp2xc-shard-00-00.nc9rsuw.mongodb.net', 27017) server_type: Unknown, rtt: None, error=AutoReconnect('SSL handshake failed: ac-8xlp2xc-shard-00-00.nc9rsuw.mongodb.net:27017: [SSL: TLSV1_ALERT_INTERNAL_ERROR] tlsv1 alert internal error (_ssl.c:1129) (configured timeouts: socketTimeoutMS: 20000.0ms, connectTimeoutMS: 20000.0ms)')>, <ServerDescription ('ac-8xlp2xc-shard-00-01.nc9rsuw.mongodb.net', 27017) server_type: Unknown, rtt: None, error=AutoReconnect('SSL handshake failed: ac-8xlp2xc-shard-00-01.nc9rsuw.mongodb.net:27017: [SSL: TLSV1_ALERT_INTERNAL_ERROR] tlsv1 alert internal error (_ssl.c:1129) (configured timeouts: socketTimeoutMS: 20000.0ms, connectTimeoutMS: 20000.0ms)')>, <ServerDescription ('ac-8xlp2xc-shard-00-02.nc9rsuw.mongodb.net', 27017) server_type: Unknown, rtt: None, error=AutoReconnect('SSL handshake failed: ac-8xlp2xc-shard-00-02.nc9rsuw.mongodb.net:27017: [SSL: TLSV1_ALERT_INTERNAL_ERROR] tlsv1 alert internal error (_ssl.c:1129) (configured timeouts: socketTimeoutMS: 20000.0ms, connectTimeoutMS: 20000.0ms)')>]>
20:36:42 - JulesEvolutionAgent - INFO - No evolution actions were required. Jules is standing by.
20:36:42 - AgentOrchestrator - INFO - Execution Cycle Complete.
20:36:42 - AgentOrchestrator - INFO - Starting Peer Review Phase...
20:36:42 - AgentOrchestrator - INFO - Review from ResearchAgent: ['Research data and Google World investigations are fully synchronized.']
20:36:42 - SystemOrchestrator - INFO - Report generated at results/DAILY_REPORT_2026-04-17.md
20:36:42 - SystemOrchestrator - INFO - === Cycle Complete ===
20:36:42 - AutonomousOrchestrator - INFO - Autonomous Evolution Cycle Complete.
20:36:42 - httpx - INFO - HTTP Request: POST https://tevdxaufsnpsbvvurddg.supabase.co/rest/v1/memory_store "HTTP/2 200 OK"
20:36:52 - AutonomousOrchestrator - INFO - Manual trigger detected!
20:36:52 - AutonomousOrchestrator - INFO - Starting Autonomous Evolution Cycle...
20:36:52 - httpx - INFO - HTTP Request: POST https://tevdxaufsnpsbvvurddg.supabase.co/rest/v1/memory_store "HTTP/2 200 OK"
20:36:52 - SystemOrchestrator - INFO - === Starting Massive Synchronized Autonomous Cycle ===
20:36:52 - SystemOrchestrator - INFO - Starting Scraper...
20:36:52 - SystemOrchestrator - ERROR - Scraper failed: Traceback (most recent call last):
  File "/Users/filipkeser/Documents/Antigravity/scraper.py", line 1, in <module>
    import aiohttp
ModuleNotFoundError: No module named 'aiohttp'

20:36:52 - SystemOrchestrator - INFO - Dynamically loaded imbued expert: AutonomyExpertImbued
20:36:52 - SystemOrchestrator - INFO - Dynamically loaded imbued expert: MonetizationExpertImbued
20:36:52 - SystemOrchestrator - INFO - Dynamically loaded imbued expert: SEOExpertImbued
20:36:52 - SystemOrchestrator - INFO - Dynamically loaded imbued expert: SwiftEvolutionExpertImbued
20:36:52 - SystemOrchestrator - INFO - Instantiated ecosystem with 179 autonomous agents (including 4 imbued experts).
20:36:52 - AgentOrchestrator - INFO - Starting Autonomous Execution Cycle (v1.42)...
20:36:52 - AgentOrchestrator - INFO - Executing Tier 1: ['HealthCheckAgent', 'RobotTxtAgent', 'AnalysisAgent', 'SwarmAgent_00_DEFINE', 'SwarmAgent_05_RESEARCH_WORLD', 'SwarmAgent_06_AD_TECH_PROBE', 'SwarmAgent_07_DEFINE', 'SwarmAgent_12_RESEARCH_WORLD', 'SwarmAgent_13_AD_TECH_PROBE', 'SwarmAgent_14_DEFINE', 'SwarmAgent_19_RESEARCH_WORLD', 'SwarmAgent_20_AD_TECH_PROBE', 'SwarmAgent_21_DEFINE', 'SwarmAgent_26_RESEARCH_WORLD', 'SwarmAgent_27_AD_TECH_PROBE', 'SwarmAgent_28_DEFINE', 'SwarmAgent_33_RESEARCH_WORLD', 'SwarmAgent_34_AD_TECH_PROBE', 'SwarmAgent_35_DEFINE', 'SwarmAgent_40_RESEARCH_WORLD', 'SwarmAgent_41_AD_TECH_PROBE', 'SwarmAgent_42_DEFINE', 'SwarmAgent_47_RESEARCH_WORLD', 'SwarmAgent_48_AD_TECH_PROBE', 'SwarmAgent_49_DEFINE', 'SwarmAgent_54_RESEARCH_WORLD', 'SwarmAgent_55_AD_TECH_PROBE', 'SwarmAgent_56_DEFINE', 'SwarmAgent_61_RESEARCH_WORLD', 'SwarmAgent_62_AD_TECH_PROBE', 'SwarmAgent_63_DEFINE', 'SwarmAgent_68_RESEARCH_WORLD', 'SwarmAgent_69_AD_TECH_PROBE', 'SwarmAgent_70_DEFINE', 'SwarmAgent_75_RESEARCH_WORLD', 'SwarmAgent_76_AD_TECH_PROBE', 'SwarmAgent_77_DEFINE', 'SwarmAgent_82_RESEARCH_WORLD', 'SwarmAgent_83_AD_TECH_PROBE', 'SwarmAgent_84_DEFINE', 'SwarmAgent_89_RESEARCH_WORLD', 'SwarmAgent_90_AD_TECH_PROBE', 'SwarmAgent_91_DEFINE', 'SwarmAgent_96_RESEARCH_WORLD', 'SwarmAgent_97_AD_TECH_PROBE', 'SwarmAgent_98_DEFINE', 'System_Backup_00', 'System_Backup_01', 'System_Backup_02', 'System_Backup_03', 'System_Backup_04', 'System_Backup_05', 'System_Backup_06', 'System_Backup_07', 'System_Backup_08', 'System_Backup_09', 'System_Backup_10', 'System_Backup_11', 'System_Backup_12', 'System_Backup_13', 'System_Backup_14', 'System_Backup_15', 'System_Backup_16', 'System_Backup_17', 'System_Backup_18', 'System_Backup_19', 'System_Backup_20', 'System_Backup_21', 'System_Backup_22', 'System_Backup_23', 'System_Backup_24', 'System_Backup_25', 'System_Backup_26', 'System_Backup_27', 'System_Backup_28', 'System_Backup_29', 'System_Backup_30', 'System_Backup_31', 'System_Backup_32', 'System_Backup_33', 'System_Backup_34', 'System_Backup_35', 'System_Backup_36', 'System_Backup_37', 'System_Backup_38', 'System_Backup_39', 'System_Backup_40', 'System_Backup_41', 'System_Backup_42', 'System_Backup_43', 'System_Backup_44', 'System_Backup_45', 'System_Backup_46', 'System_Backup_47', 'System_Backup_48', 'System_Backup_49']
20:36:52 - HealthCheckAgent - INFO - Running Health Check...
20:36:52 - RobotTxtAgent - INFO - Checking robots.txt compliance and secrets...
20:36:52 - RobotTxtAgent - INFO - Fetching https://markposition.wordpress.com/robots.txt
20:36:52 - AnalysisAgent - INFO - Running Analysis...
20:36:52 - TelemetryManager - INFO - [TELEMETRY] AnalysisAgent emitted MARKET_DATA_ANALYSIS for AD_ADS_ADVERTISE
20:36:52 - SwarmAgent_00_DEFINE - INFO - [DEFINE] Executing SEO Micro-task: Domain Research
20:36:52 - SwarmAgent_05_RESEARCH_WORLD - INFO - [RESEARCH_WORLD] Executing SEO Micro-task: Market Probe
20:36:52 - SwarmAgent_06_AD_TECH_PROBE - INFO - [AD_TECH_PROBE] Executing SEO Micro-task: SEO Audit
20:36:52 - SwarmAgent_07_DEFINE - INFO - [DEFINE] Executing SEO Micro-task: Domain Research
20:36:52 - SwarmAgent_12_RESEARCH_WORLD - INFO - [RESEARCH_WORLD] Executing SEO Micro-task: Market Probe
20:36:52 - SwarmAgent_13_AD_TECH_PROBE - INFO - [AD_TECH_PROBE] Executing SEO Micro-task: Keyword Sync
20:36:52 - SwarmAgent_14_DEFINE - INFO - [DEFINE] Executing SEO Micro-task: Domain Research
20:36:52 - SwarmAgent_19_RESEARCH_WORLD - INFO - [RESEARCH_WORLD] Executing SEO Micro-task: Market Probe
20:36:52 - SwarmAgent_20_AD_TECH_PROBE - INFO - [AD_TECH_PROBE] Executing SEO Micro-task: SEO Audit
20:36:52 - SwarmAgent_21_DEFINE - INFO - [DEFINE] Executing SEO Micro-task: SEO Audit
20:36:52 - SwarmAgent_26_RESEARCH_WORLD - INFO - [RESEARCH_WORLD] Executing SEO Micro-task: Domain Research
20:36:52 - SwarmAgent_27_AD_TECH_PROBE - INFO - [AD_TECH_PROBE] Executing SEO Micro-task: Domain Research
20:36:52 - SwarmAgent_28_DEFINE - INFO - [DEFINE] Executing SEO Micro-task: Keyword Sync
20:36:52 - SwarmAgent_33_RESEARCH_WORLD - INFO - [RESEARCH_WORLD] Executing SEO Micro-task: SEO Audit
20:36:52 - SwarmAgent_34_AD_TECH_PROBE - INFO - [AD_TECH_PROBE] Executing SEO Micro-task: Keyword Sync
20:36:52 - SwarmAgent_35_DEFINE - INFO - [DEFINE] Executing SEO Micro-task: Keyword Sync
20:36:52 - SwarmAgent_40_RESEARCH_WORLD - INFO - [RESEARCH_WORLD] Executing SEO Micro-task: SEO Audit
20:36:52 - SwarmAgent_41_AD_TECH_PROBE - INFO - [AD_TECH_PROBE] Executing SEO Micro-task: Keyword Sync
20:36:52 - SwarmAgent_42_DEFINE - INFO - [DEFINE] Executing SEO Micro-task: Domain Research
20:36:52 - SwarmAgent_47_RESEARCH_WORLD - INFO - [RESEARCH_WORLD] Executing SEO Micro-task: Domain Research
20:36:52 - SwarmAgent_48_AD_TECH_PROBE - INFO - [AD_TECH_PROBE] Executing SEO Micro-task: Market Probe
20:36:52 - SwarmAgent_49_DEFINE - INFO - [DEFINE] Executing SEO Micro-task: Market Probe
20:36:52 - SwarmAgent_54_RESEARCH_WORLD - INFO - [RESEARCH_WORLD] Executing SEO Micro-task: SEO Audit
20:36:52 - SwarmAgent_55_AD_TECH_PROBE - INFO - [AD_TECH_PROBE] Executing SEO Micro-task: Market Probe
20:36:52 - SwarmAgent_56_DEFINE - INFO - [DEFINE] Executing SEO Micro-task: Domain Research
20:36:52 - SwarmAgent_61_RESEARCH_WORLD - INFO - [RESEARCH_WORLD] Executing SEO Micro-task: Domain Research
20:36:52 - SwarmAgent_62_AD_TECH_PROBE - INFO - [AD_TECH_PROBE] Executing SEO Micro-task: Domain Research
20:36:52 - SwarmAgent_63_DEFINE - INFO - [DEFINE] Executing SEO Micro-task: Keyword Sync
20:36:52 - SwarmAgent_68_RESEARCH_WORLD - INFO - [RESEARCH_WORLD] Executing SEO Micro-task: Domain Research
20:36:52 - SwarmAgent_69_AD_TECH_PROBE - INFO - [AD_TECH_PROBE] Executing SEO Micro-task: Domain Research
20:36:52 - SwarmAgent_70_DEFINE - INFO - [DEFINE] Executing SEO Micro-task: Domain Research
20:36:52 - SwarmAgent_75_RESEARCH_WORLD - INFO - [RESEARCH_WORLD] Executing SEO Micro-task: Domain Research
20:36:52 - SwarmAgent_76_AD_TECH_PROBE - INFO - [AD_TECH_PROBE] Executing SEO Micro-task: Domain Research
20:36:52 - SwarmAgent_77_DEFINE - INFO - [DEFINE] Executing SEO Micro-task: SEO Audit
20:36:52 - SwarmAgent_82_RESEARCH_WORLD - INFO - [RESEARCH_WORLD] Executing SEO Micro-task: SEO Audit
20:36:52 - SwarmAgent_83_AD_TECH_PROBE - INFO - [AD_TECH_PROBE] Executing SEO Micro-task: Keyword Sync
20:36:52 - SwarmAgent_84_DEFINE - INFO - [DEFINE] Executing SEO Micro-task: Keyword Sync
20:36:52 - SwarmAgent_89_RESEARCH_WORLD - INFO - [RESEARCH_WORLD] Executing SEO Micro-task: Keyword Sync
20:36:52 - SwarmAgent_90_AD_TECH_PROBE - INFO - [AD_TECH_PROBE] Executing SEO Micro-task: Keyword Sync
20:36:52 - SwarmAgent_91_DEFINE - INFO - [DEFINE] Executing SEO Micro-task: Domain Research
20:36:52 - SwarmAgent_96_RESEARCH_WORLD - INFO - [RESEARCH_WORLD] Executing SEO Micro-task: Market Probe
20:36:52 - SwarmAgent_97_AD_TECH_PROBE - INFO - [AD_TECH_PROBE] Executing SEO Micro-task: Domain Research
20:36:52 - SwarmAgent_98_DEFINE - INFO - [DEFINE] Executing SEO Micro-task: Domain Research
20:36:52 - System_Backup_00 - INFO - [FAILOVER] Redundancy active. Monitoring state...
20:36:52 - System_Backup_01 - INFO - [FAILOVER] Redundancy active. Monitoring state...
20:36:52 - System_Backup_02 - INFO - [FAILOVER] Redundancy active. Monitoring state...
20:36:52 - System_Backup_03 - INFO - [FAILOVER] Redundancy active. Monitoring state...
20:36:52 - System_Backup_04 - INFO - [FAILOVER] Redundancy active. Monitoring state...
20:36:52 - System_Backup_05 - INFO - [FAILOVER] Redundancy active. Monitoring state...
20:36:52 - System_Backup_06 - INFO - [FAILOVER] Redundancy active. Monitoring state...
20:36:52 - System_Backup_07 - INFO - [FAILOVER] Redundancy active. Monitoring state...
20:36:52 - System_Backup_08 - INFO - [FAILOVER] Redundancy active. Monitoring state...
20:36:52 - System_Backup_09 - INFO - [FAILOVER] Redundancy active. Monitoring state...
20:36:52 - System_Backup_10 - INFO - [FAILOVER] Redundancy active. Monitoring state...
20:36:52 - System_Backup_11 - INFO - [FAILOVER] Redundancy active. Monitoring state...
20:36:52 - System_Backup_12 - INFO - [FAILOVER] Redundancy active. Monitoring state...
20:36:52 - System_Backup_13 - INFO - [FAILOVER] Redundancy active. Monitoring state...
20:36:52 - System_Backup_14 - INFO - [FAILOVER] Redundancy active. Monitoring state...
20:36:52 - System_Backup_15 - INFO - [FAILOVER] Redundancy active. Monitoring state...
20:36:52 - System_Backup_16 - INFO - [FAILOVER] Redundancy active. Monitoring state...
20:36:52 - System_Backup_17 - INFO - [FAILOVER] Redundancy active. Monitoring state...
20:36:52 - System_Backup_18 - INFO - [FAILOVER] Redundancy active. Monitoring state...
20:36:52 - System_Backup_19 - INFO - [FAILOVER] Redundancy active. Monitoring state...
20:36:52 - System_Backup_20 - INFO - [FAILOVER] Redundancy active. Monitoring state...
20:36:52 - System_Backup_21 - INFO - [FAILOVER] Redundancy active. Monitoring state...
20:36:52 - System_Backup_22 - INFO - [FAILOVER] Redundancy active. Monitoring state...
20:36:52 - System_Backup_23 - INFO - [FAILOVER] Redundancy active. Monitoring state...
20:36:52 - System_Backup_24 - INFO - [FAILOVER] Redundancy active. Monitoring state...
20:36:52 - System_Backup_25 - INFO - [FAILOVER] Redundancy active. Monitoring state...
20:36:52 - System_Backup_26 - INFO - [FAILOVER] Redundancy active. Monitoring state...
20:36:52 - System_Backup_27 - INFO - [FAILOVER] Redundancy active. Monitoring state...
20:36:52 - System_Backup_28 - INFO - [FAILOVER] Redundancy active. Monitoring state...
20:36:52 - System_Backup_29 - INFO - [FAILOVER] Redundancy active. Monitoring state...
20:36:52 - System_Backup_30 - INFO - [FAILOVER] Redundancy active. Monitoring state...
20:36:52 - System_Backup_31 - INFO - [FAILOVER] Redundancy active. Monitoring state...
20:36:52 - System_Backup_32 - INFO - [FAILOVER] Redundancy active. Monitoring state...
20:36:52 - System_Backup_33 - INFO - [FAILOVER] Redundancy active. Monitoring state...
20:36:52 - System_Backup_34 - INFO - [FAILOVER] Redundancy active. Monitoring state...
20:36:52 - System_Backup_35 - INFO - [FAILOVER] Redundancy active. Monitoring state...
20:36:52 - System_Backup_36 - INFO - [FAILOVER] Redundancy active. Monitoring state...
20:36:52 - System_Backup_37 - INFO - [FAILOVER] Redundancy active. Monitoring state...
20:36:52 - System_Backup_38 - INFO - [FAILOVER] Redundancy active. Monitoring state...
20:36:52 - System_Backup_39 - INFO - [FAILOVER] Redundancy active. Monitoring state...
20:36:52 - System_Backup_40 - INFO - [FAILOVER] Redundancy active. Monitoring state...
20:36:52 - System_Backup_41 - INFO - [FAILOVER] Redundancy active. Monitoring state...
20:36:52 - System_Backup_42 - INFO - [FAILOVER] Redundancy active. Monitoring state...
20:36:52 - System_Backup_43 - INFO - [FAILOVER] Redundancy active. Monitoring state...
20:36:52 - System_Backup_44 - INFO - [FAILOVER] Redundancy active. Monitoring state...
20:36:52 - System_Backup_45 - INFO - [FAILOVER] Redundancy active. Monitoring state...
20:36:52 - System_Backup_46 - INFO - [FAILOVER] Redundancy active. Monitoring state...
20:36:52 - System_Backup_47 - INFO - [FAILOVER] Redundancy active. Monitoring state...
20:36:52 - System_Backup_48 - INFO - [FAILOVER] Redundancy active. Monitoring state...
20:36:52 - System_Backup_49 - INFO - [FAILOVER] Redundancy active. Monitoring state...
20:37:02 - RobotTxtAgent - WARNING - Failed to load memory from MongoDB: SSL handshake failed: ac-8xlp2xc-shard-00-01.nc9rsuw.mongodb.net:27017: [SSL: TLSV1_ALERT_INTERNAL_ERROR] tlsv1 alert internal error (_ssl.c:1129) (configured timeouts: socketTimeoutMS: 20000.0ms, connectTimeoutMS: 20000.0ms),SSL handshake failed: ac-8xlp2xc-shard-00-02.nc9rsuw.mongodb.net:27017: [SSL: TLSV1_ALERT_INTERNAL_ERROR] tlsv1 alert internal error (_ssl.c:1129) (configured timeouts: socketTimeoutMS: 20000.0ms, connectTimeoutMS: 20000.0ms),SSL handshake failed: ac-8xlp2xc-shard-00-00.nc9rsuw.mongodb.net:27017: [SSL: TLSV1_ALERT_INTERNAL_ERROR] tlsv1 alert internal error (_ssl.c:1129) (configured timeouts: socketTimeoutMS: 20000.0ms, connectTimeoutMS: 20000.0ms), Timeout: 10.0s, Topology Description: <TopologyDescription id: 69e22f3fed403a7ca528fedf, topology_type: ReplicaSetNoPrimary, servers: [<ServerDescription ('ac-8xlp2xc-shard-00-00.nc9rsuw.mongodb.net', 27017) server_type: Unknown, rtt: None, error=AutoReconnect('SSL handshake failed: ac-8xlp2xc-shard-00-00.nc9rsuw.mongodb.net:27017: [SSL: TLSV1_ALERT_INTERNAL_ERROR] tlsv1 alert internal error (_ssl.c:1129) (configured timeouts: socketTimeoutMS: 20000.0ms, connectTimeoutMS: 20000.0ms)')>, <ServerDescription ('ac-8xlp2xc-shard-00-01.nc9rsuw.mongodb.net', 27017) server_type: Unknown, rtt: None, error=AutoReconnect('SSL handshake failed: ac-8xlp2xc-shard-00-01.nc9rsuw.mongodb.net:27017: [SSL: TLSV1_ALERT_INTERNAL_ERROR] tlsv1 alert internal error (_ssl.c:1129) (configured timeouts: socketTimeoutMS: 20000.0ms, connectTimeoutMS: 20000.0ms)')>, <ServerDescription ('ac-8xlp2xc-shard-00-02.nc9rsuw.mongodb.net', 27017) server_type: Unknown, rtt: None, error=AutoReconnect('SSL handshake failed: ac-8xlp2xc-shard-00-02.nc9rsuw.mongodb.net:27017: [SSL: TLSV1_ALERT_INTERNAL_ERROR] tlsv1 alert internal error (_ssl.c:1129) (configured timeouts: socketTimeoutMS: 20000.0ms, connectTimeoutMS: 20000.0ms)')>]>. Falling back to JSON.
20:37:02 - AgentOrchestrator - INFO - Executing Tier 2: ['ResearchAgent', 'SwarmAgent_01_MEASURE', 'SwarmAgent_02_ANALYZE', 'SwarmAgent_08_MEASURE', 'SwarmAgent_09_ANALYZE', 'SwarmAgent_15_MEASURE', 'SwarmAgent_16_ANALYZE', 'SwarmAgent_22_MEASURE', 'SwarmAgent_23_ANALYZE', 'SwarmAgent_29_MEASURE', 'SwarmAgent_30_ANALYZE', 'SwarmAgent_36_MEASURE', 'SwarmAgent_37_ANALYZE', 'SwarmAgent_43_MEASURE', 'SwarmAgent_44_ANALYZE', 'SwarmAgent_50_MEASURE', 'SwarmAgent_51_ANALYZE', 'SwarmAgent_57_MEASURE', 'SwarmAgent_58_ANALYZE', 'SwarmAgent_64_MEASURE', 'SwarmAgent_65_ANALYZE', 'SwarmAgent_71_MEASURE', 'SwarmAgent_72_ANALYZE', 'SwarmAgent_78_MEASURE', 'SwarmAgent_79_ANALYZE', 'SwarmAgent_85_MEASURE', 'SwarmAgent_86_ANALYZE', 'SwarmAgent_92_MEASURE', 'SwarmAgent_93_ANALYZE', 'SwarmAgent_99_MEASURE', 'SEOExpertImbued']
20:37:03 - httpx - INFO - HTTP Request: POST https://tevdxaufsnpsbvvurddg.supabase.co/rest/v1/telemetry?columns=%22id%22%2C%22event_data%22%2C%22recorded_at%22 "HTTP/2 201 Created"
20:37:03 - ResearchAgent - INFO - Running High-Level Autonomous Research & Outside World Investigation...
20:37:03 - SwarmAgent_01_MEASURE - INFO - [MEASURE] Executing SEO Micro-task: Keyword Sync
20:37:03 - SwarmAgent_02_ANALYZE - INFO - [ANALYZE] Executing SEO Micro-task: Market Probe
20:37:03 - SwarmAgent_08_MEASURE - INFO - [MEASURE] Executing SEO Micro-task: Market Probe
20:37:03 - SwarmAgent_09_ANALYZE - INFO - [ANALYZE] Executing SEO Micro-task: Domain Research
20:37:03 - SwarmAgent_15_MEASURE - INFO - [MEASURE] Executing SEO Micro-task: Keyword Sync
20:37:03 - SwarmAgent_16_ANALYZE - INFO - [ANALYZE] Executing SEO Micro-task: SEO Audit
20:37:03 - SwarmAgent_22_MEASURE - INFO - [MEASURE] Executing SEO Micro-task: Domain Research
20:37:03 - SwarmAgent_23_ANALYZE - INFO - [ANALYZE] Executing SEO Micro-task: SEO Audit
20:37:03 - SwarmAgent_29_MEASURE - INFO - [MEASURE] Executing SEO Micro-task: Market Probe
20:37:03 - SwarmAgent_30_ANALYZE - INFO - [ANALYZE] Executing SEO Micro-task: Keyword Sync
20:37:03 - SwarmAgent_36_MEASURE - INFO - [MEASURE] Executing SEO Micro-task: Keyword Sync
20:37:03 - SwarmAgent_37_ANALYZE - INFO - [ANALYZE] Executing SEO Micro-task: Market Probe
20:37:03 - SwarmAgent_43_MEASURE - INFO - [MEASURE] Executing SEO Micro-task: Market Probe
20:37:03 - SwarmAgent_44_ANALYZE - INFO - [ANALYZE] Executing SEO Micro-task: Keyword Sync
20:37:03 - SwarmAgent_50_MEASURE - INFO - [MEASURE] Executing SEO Micro-task: Keyword Sync
20:37:03 - SwarmAgent_51_ANALYZE - INFO - [ANALYZE] Executing SEO Micro-task: SEO Audit
20:37:03 - SwarmAgent_57_MEASURE - INFO - [MEASURE] Executing SEO Micro-task: Keyword Sync
20:37:03 - SwarmAgent_58_ANALYZE - INFO - [ANALYZE] Executing SEO Micro-task: Market Probe
20:37:03 - SwarmAgent_64_MEASURE - INFO - [MEASURE] Executing SEO Micro-task: Market Probe
20:37:03 - SwarmAgent_65_ANALYZE - INFO - [ANALYZE] Executing SEO Micro-task: Domain Research
20:37:03 - SwarmAgent_71_MEASURE - INFO - [MEASURE] Executing SEO Micro-task: Domain Research
20:37:03 - SwarmAgent_72_ANALYZE - INFO - [ANALYZE] Executing SEO Micro-task: Keyword Sync
20:37:03 - SwarmAgent_78_MEASURE - INFO - [MEASURE] Executing SEO Micro-task: Market Probe
20:37:03 - SwarmAgent_79_ANALYZE - INFO - [ANALYZE] Executing SEO Micro-task: Domain Research
20:37:03 - SwarmAgent_85_MEASURE - INFO - [MEASURE] Executing SEO Micro-task: Keyword Sync
20:37:03 - SwarmAgent_86_ANALYZE - INFO - [ANALYZE] Executing SEO Micro-task: Keyword Sync
20:37:03 - SwarmAgent_92_MEASURE - INFO - [MEASURE] Executing SEO Micro-task: Market Probe
20:37:03 - SwarmAgent_93_ANALYZE - INFO - [ANALYZE] Executing SEO Micro-task: Domain Research
20:37:03 - SwarmAgent_99_MEASURE - INFO - [MEASURE] Executing SEO Micro-task: Market Probe
20:37:03 - SEOExpertImbued - INFO - Performing Deep Search Engine Optimization Audit on market data...
20:37:03 - SEOExpertImbued - INFO - SEO Audit Complete: Score 0.92
20:37:03 - TelemetryManager - INFO - [TELEMETRY] ResearchAgent emitted EXTERNAL_INVESTIGATION for GOOGLE_WORLD
20:37:03 - TelemetryManager - INFO - [TELEMETRY] ResearchAgent emitted EXTERNAL_INVESTIGATION for GOOGLE_WORLD
20:37:03 - TelemetryManager - INFO - [TELEMETRY] ResearchAgent emitted EXTERNAL_INVESTIGATION for GOOGLE_WORLD
20:37:03 - TelemetryManager - INFO - [TELEMETRY] ResearchAgent emitted EXTERNAL_INVESTIGATION for GOOGLE_WORLD
20:37:03 - ResearchAgent - INFO - Research and World Investigation completed for 10 domains.
20:37:03 - AgentOrchestrator - INFO - Executing Tier 3: ['IntelligenceAgent', 'SearchConsoleAuditor', 'MonetizationExpertImbued']
20:37:03 - httpx - INFO - HTTP Request: POST https://tevdxaufsnpsbvvurddg.supabase.co/rest/v1/telemetry?columns=%22id%22%2C%22event_data%22%2C%22recorded_at%22 "HTTP/2 201 Created"
20:37:03 - IntelligenceAgent - INFO - Running Intelligence Synchronization & External World Collaboration...
20:37:03 - SearchConsoleAuditor - INFO - Running Deep-Skill SEO Audit (Search Console Mastery)...
20:37:03 - MonetizationExpertImbued - INFO - Projecting ROI and Financial Monetization Opportunities...
20:37:03 - MonetizationExpertImbued - INFO - Financial Synthesis Complete: Projected ROI 100.67%
20:37:13 - TelemetryManager - WARNING - MongoDB telemetry sync failed: SSL handshake failed: ac-8xlp2xc-shard-00-01.nc9rsuw.mongodb.net:27017: [SSL: TLSV1_ALERT_INTERNAL_ERROR] tlsv1 alert internal error (_ssl.c:1129) (configured timeouts: socketTimeoutMS: 20000.0ms, connectTimeoutMS: 20000.0ms),SSL handshake failed: ac-8xlp2xc-shard-00-02.nc9rsuw.mongodb.net:27017: [SSL: TLSV1_ALERT_INTERNAL_ERROR] tlsv1 alert internal error (_ssl.c:1129) (configured timeouts: socketTimeoutMS: 20000.0ms, connectTimeoutMS: 20000.0ms),SSL handshake failed: ac-8xlp2xc-shard-00-00.nc9rsuw.mongodb.net:27017: [SSL: TLSV1_ALERT_INTERNAL_ERROR] tlsv1 alert internal error (_ssl.c:1129) (configured timeouts: socketTimeoutMS: 20000.0ms, connectTimeoutMS: 20000.0ms), Timeout: 10.0s, Topology Description: <TopologyDescription id: 69e22f3fed403a7ca528fedf, topology_type: ReplicaSetNoPrimary, servers: [<ServerDescription ('ac-8xlp2xc-shard-00-00.nc9rsuw.mongodb.net', 27017) server_type: Unknown, rtt: None, error=AutoReconnect('SSL handshake failed: ac-8xlp2xc-shard-00-00.nc9rsuw.mongodb.net:27017: [SSL: TLSV1_ALERT_INTERNAL_ERROR] tlsv1 alert internal error (_ssl.c:1129) (configured timeouts: socketTimeoutMS: 20000.0ms, connectTimeoutMS: 20000.0ms)')>, <ServerDescription ('ac-8xlp2xc-shard-00-01.nc9rsuw.mongodb.net', 27017) server_type: Unknown, rtt: None, error=AutoReconnect('SSL handshake failed: ac-8xlp2xc-shard-00-01.nc9rsuw.mongodb.net:27017: [SSL: TLSV1_ALERT_INTERNAL_ERROR] tlsv1 alert internal error (_ssl.c:1129) (configured timeouts: socketTimeoutMS: 20000.0ms, connectTimeoutMS: 20000.0ms)')>, <ServerDescription ('ac-8xlp2xc-shard-00-02.nc9rsuw.mongodb.net', 27017) server_type: Unknown, rtt: None, error=AutoReconnect('SSL handshake failed: ac-8xlp2xc-shard-00-02.nc9rsuw.mongodb.net:27017: [SSL: TLSV1_ALERT_INTERNAL_ERROR] tlsv1 alert internal error (_ssl.c:1129) (configured timeouts: socketTimeoutMS: 20000.0ms, connectTimeoutMS: 20000.0ms)')>]>
20:37:13 - TelemetryManager - WARNING - MongoDB telemetry sync failed: SSL handshake failed: ac-8xlp2xc-shard-00-01.nc9rsuw.mongodb.net:27017: [SSL: TLSV1_ALERT_INTERNAL_ERROR] tlsv1 alert internal error (_ssl.c:1129) (configured timeouts: socketTimeoutMS: 20000.0ms, connectTimeoutMS: 20000.0ms),SSL handshake failed: ac-8xlp2xc-shard-00-02.nc9rsuw.mongodb.net:27017: [SSL: TLSV1_ALERT_INTERNAL_ERROR] tlsv1 alert internal error (_ssl.c:1129) (configured timeouts: socketTimeoutMS: 20000.0ms, connectTimeoutMS: 20000.0ms),SSL handshake failed: ac-8xlp2xc-shard-00-00.nc9rsuw.mongodb.net:27017: [SSL: TLSV1_ALERT_INTERNAL_ERROR] tlsv1 alert internal error (_ssl.c:1129) (configured timeouts: socketTimeoutMS: 20000.0ms, connectTimeoutMS: 20000.0ms), Timeout: 10.0s, Topology Description: <TopologyDescription id: 69e22f3fed403a7ca528fedf, topology_type: ReplicaSetNoPrimary, servers: [<ServerDescription ('ac-8xlp2xc-shard-00-00.nc9rsuw.mongodb.net', 27017) server_type: Unknown, rtt: None, error=AutoReconnect('SSL handshake failed: ac-8xlp2xc-shard-00-00.nc9rsuw.mongodb.net:27017: [SSL: TLSV1_ALERT_INTERNAL_ERROR] tlsv1 alert internal error (_ssl.c:1129) (configured timeouts: socketTimeoutMS: 20000.0ms, connectTimeoutMS: 20000.0ms)')>, <ServerDescription ('ac-8xlp2xc-shard-00-01.nc9rsuw.mongodb.net', 27017) server_type: Unknown, rtt: None, error=AutoReconnect('SSL handshake failed: ac-8xlp2xc-shard-00-01.nc9rsuw.mongodb.net:27017: [SSL: TLSV1_ALERT_INTERNAL_ERROR] tlsv1 alert internal error (_ssl.c:1129) (configured timeouts: socketTimeoutMS: 20000.0ms, connectTimeoutMS: 20000.0ms)')>, <ServerDescription ('ac-8xlp2xc-shard-00-02.nc9rsuw.mongodb.net', 27017) server_type: Unknown, rtt: None, error=AutoReconnect('SSL handshake failed: ac-8xlp2xc-shard-00-02.nc9rsuw.mongodb.net:27017: [SSL: TLSV1_ALERT_INTERNAL_ERROR] tlsv1 alert internal error (_ssl.c:1129) (configured timeouts: socketTimeoutMS: 20000.0ms, connectTimeoutMS: 20000.0ms)')>]>
20:37:13 - SearchConsoleAuditor - WARNING - Failed to load memory from MongoDB: SSL handshake failed: ac-8xlp2xc-shard-00-01.nc9rsuw.mongodb.net:27017: [SSL: TLSV1_ALERT_INTERNAL_ERROR] tlsv1 alert internal error (_ssl.c:1129) (configured timeouts: socketTimeoutMS: 20000.0ms, connectTimeoutMS: 20000.0ms),SSL handshake failed: ac-8xlp2xc-shard-00-02.nc9rsuw.mongodb.net:27017: [SSL: TLSV1_ALERT_INTERNAL_ERROR] tlsv1 alert internal error (_ssl.c:1129) (configured timeouts: socketTimeoutMS: 20000.0ms, connectTimeoutMS: 20000.0ms),SSL handshake failed: ac-8xlp2xc-shard-00-00.nc9rsuw.mongodb.net:27017: [SSL: TLSV1_ALERT_INTERNAL_ERROR] tlsv1 alert internal error (_ssl.c:1129) (configured timeouts: socketTimeoutMS: 20000.0ms, connectTimeoutMS: 20000.0ms), Timeout: 10.0s, Topology Description: <TopologyDescription id: 69e22f3fed403a7ca528fedf, topology_type: ReplicaSetNoPrimary, servers: [<ServerDescription ('ac-8xlp2xc-shard-00-00.nc9rsuw.mongodb.net', 27017) server_type: Unknown, rtt: None, error=AutoReconnect('SSL handshake failed: ac-8xlp2xc-shard-00-00.nc9rsuw.mongodb.net:27017: [SSL: TLSV1_ALERT_INTERNAL_ERROR] tlsv1 alert internal error (_ssl.c:1129) (configured timeouts: socketTimeoutMS: 20000.0ms, connectTimeoutMS: 20000.0ms)')>, <ServerDescription ('ac-8xlp2xc-shard-00-01.nc9rsuw.mongodb.net', 27017) server_type: Unknown, rtt: None, error=AutoReconnect('SSL handshake failed: ac-8xlp2xc-shard-00-01.nc9rsuw.mongodb.net:27017: [SSL: TLSV1_ALERT_INTERNAL_ERROR] tlsv1 alert internal error (_ssl.c:1129) (configured timeouts: socketTimeoutMS: 20000.0ms, connectTimeoutMS: 20000.0ms)')>, <ServerDescription ('ac-8xlp2xc-shard-00-02.nc9rsuw.mongodb.net', 27017) server_type: Unknown, rtt: None, error=AutoReconnect('SSL handshake failed: ac-8xlp2xc-shard-00-02.nc9rsuw.mongodb.net:27017: [SSL: TLSV1_ALERT_INTERNAL_ERROR] tlsv1 alert internal error (_ssl.c:1129) (configured timeouts: socketTimeoutMS: 20000.0ms, connectTimeoutMS: 20000.0ms)')>]>. Falling back to JSON.
20:37:23 - SearchConsoleAuditor - ERROR - Failed to save memory to MongoDB: SSL handshake failed: ac-8xlp2xc-shard-00-01.nc9rsuw.mongodb.net:27017: [SSL: TLSV1_ALERT_INTERNAL_ERROR] tlsv1 alert internal error (_ssl.c:1129) (configured timeouts: socketTimeoutMS: 20000.0ms, connectTimeoutMS: 20000.0ms),SSL handshake failed: ac-8xlp2xc-shard-00-02.nc9rsuw.mongodb.net:27017: [SSL: TLSV1_ALERT_INTERNAL_ERROR] tlsv1 alert internal error (_ssl.c:1129) (configured timeouts: socketTimeoutMS: 20000.0ms, connectTimeoutMS: 20000.0ms),SSL handshake failed: ac-8xlp2xc-shard-00-00.nc9rsuw.mongodb.net:27017: [SSL: TLSV1_ALERT_INTERNAL_ERROR] tlsv1 alert internal error (_ssl.c:1129) (configured timeouts: socketTimeoutMS: 20000.0ms, connectTimeoutMS: 20000.0ms), Timeout: 10.0s, Topology Description: <TopologyDescription id: 69e22f3fed403a7ca528fedf, topology_type: ReplicaSetNoPrimary, servers: [<ServerDescription ('ac-8xlp2xc-shard-00-00.nc9rsuw.mongodb.net', 27017) server_type: Unknown, rtt: None, error=AutoReconnect('SSL handshake failed: ac-8xlp2xc-shard-00-00.nc9rsuw.mongodb.net:27017: [SSL: TLSV1_ALERT_INTERNAL_ERROR] tlsv1 alert internal error (_ssl.c:1129) (configured timeouts: socketTimeoutMS: 20000.0ms, connectTimeoutMS: 20000.0ms)')>, <ServerDescription ('ac-8xlp2xc-shard-00-01.nc9rsuw.mongodb.net', 27017) server_type: Unknown, rtt: None, error=AutoReconnect('SSL handshake failed: ac-8xlp2xc-shard-00-01.nc9rsuw.mongodb.net:27017: [SSL: TLSV1_ALERT_INTERNAL_ERROR] tlsv1 alert internal error (_ssl.c:1129) (configured timeouts: socketTimeoutMS: 20000.0ms, connectTimeoutMS: 20000.0ms)')>, <ServerDescription ('ac-8xlp2xc-shard-00-02.nc9rsuw.mongodb.net', 27017) server_type: Unknown, rtt: None, error=AutoReconnect('SSL handshake failed: ac-8xlp2xc-shard-00-02.nc9rsuw.mongodb.net:27017: [SSL: TLSV1_ALERT_INTERNAL_ERROR] tlsv1 alert internal error (_ssl.c:1129) (configured timeouts: socketTimeoutMS: 20000.0ms, connectTimeoutMS: 20000.0ms)')>]>
20:37:24 - httpx - INFO - HTTP Request: POST https://tevdxaufsnpsbvvurddg.supabase.co/rest/v1/memory_store?on_conflict=id "HTTP/2 200 OK"
20:37:24 - AgentOrchestrator - INFO - Executing Tier 4: ['TargetingAgent', 'CreativityAgent', 'SwarmAgent_03_IMPROVE', 'SwarmAgent_10_IMPROVE', 'SwarmAgent_17_IMPROVE', 'SwarmAgent_24_IMPROVE', 'SwarmAgent_31_IMPROVE', 'SwarmAgent_38_IMPROVE', 'SwarmAgent_45_IMPROVE', 'SwarmAgent_52_IMPROVE', 'SwarmAgent_59_IMPROVE', 'SwarmAgent_66_IMPROVE', 'SwarmAgent_73_IMPROVE', 'SwarmAgent_80_IMPROVE', 'SwarmAgent_87_IMPROVE', 'SwarmAgent_94_IMPROVE']
20:37:24 - TargetingAgent - INFO - Building Google Optimized Audience Personas...
20:37:24 - CreativityAgent - INFO - Running Creativity Session...
20:37:24 - SwarmAgent_03_IMPROVE - INFO - [IMPROVE] Executing SEO Micro-task: Keyword Sync
20:37:24 - SwarmAgent_10_IMPROVE - INFO - [IMPROVE] Executing SEO Micro-task: Domain Research
20:37:24 - SwarmAgent_17_IMPROVE - INFO - [IMPROVE] Executing SEO Micro-task: Market Probe
20:37:24 - SwarmAgent_24_IMPROVE - INFO - [IMPROVE] Executing SEO Micro-task: Domain Research
20:37:24 - SwarmAgent_31_IMPROVE - INFO - [IMPROVE] Executing SEO Micro-task: Domain Research
20:37:24 - SwarmAgent_38_IMPROVE - INFO - [IMPROVE] Executing SEO Micro-task: Keyword Sync
20:37:24 - SwarmAgent_45_IMPROVE - INFO - [IMPROVE] Executing SEO Micro-task: Market Probe
20:37:24 - SwarmAgent_52_IMPROVE - INFO - [IMPROVE] Executing SEO Micro-task: SEO Audit
20:37:24 - SwarmAgent_59_IMPROVE - INFO - [IMPROVE] Executing SEO Micro-task: Domain Research
20:37:24 - SwarmAgent_66_IMPROVE - INFO - [IMPROVE] Executing SEO Micro-task: Market Probe
20:37:24 - SwarmAgent_73_IMPROVE - INFO - [IMPROVE] Executing SEO Micro-task: Keyword Sync
20:37:24 - SwarmAgent_80_IMPROVE - INFO - [IMPROVE] Executing SEO Micro-task: Domain Research
20:37:24 - SwarmAgent_87_IMPROVE - INFO - [IMPROVE] Executing SEO Micro-task: Keyword Sync
20:37:24 - SwarmAgent_94_IMPROVE - INFO - [IMPROVE] Executing SEO Micro-task: SEO Audit
20:37:34 - TargetingAgent - WARNING - Failed to load memory from MongoDB: SSL handshake failed: ac-8xlp2xc-shard-00-01.nc9rsuw.mongodb.net:27017: [SSL: TLSV1_ALERT_INTERNAL_ERROR] tlsv1 alert internal error (_ssl.c:1129) (configured timeouts: socketTimeoutMS: 20000.0ms, connectTimeoutMS: 20000.0ms),SSL handshake failed: ac-8xlp2xc-shard-00-02.nc9rsuw.mongodb.net:27017: [SSL: TLSV1_ALERT_INTERNAL_ERROR] tlsv1 alert internal error (_ssl.c:1129) (configured timeouts: socketTimeoutMS: 20000.0ms, connectTimeoutMS: 20000.0ms),SSL handshake failed: ac-8xlp2xc-shard-00-00.nc9rsuw.mongodb.net:27017: [SSL: TLSV1_ALERT_INTERNAL_ERROR] tlsv1 alert internal error (_ssl.c:1129) (configured timeouts: socketTimeoutMS: 20000.0ms, connectTimeoutMS: 20000.0ms), Timeout: 10.0s, Topology Description: <TopologyDescription id: 69e22f3fed403a7ca528fedf, topology_type: ReplicaSetNoPrimary, servers: [<ServerDescription ('ac-8xlp2xc-shard-00-00.nc9rsuw.mongodb.net', 27017) server_type: Unknown, rtt: None, error=AutoReconnect('SSL handshake failed: ac-8xlp2xc-shard-00-00.nc9rsuw.mongodb.net:27017: [SSL: TLSV1_ALERT_INTERNAL_ERROR] tlsv1 alert internal error (_ssl.c:1129) (configured timeouts: socketTimeoutMS: 20000.0ms, connectTimeoutMS: 20000.0ms)')>, <ServerDescription ('ac-8xlp2xc-shard-00-01.nc9rsuw.mongodb.net', 27017) server_type: Unknown, rtt: None, error=AutoReconnect('SSL handshake failed: ac-8xlp2xc-shard-00-01.nc9rsuw.mongodb.net:27017: [SSL: TLSV1_ALERT_INTERNAL_ERROR] tlsv1 alert internal error (_ssl.c:1129) (configured timeouts: socketTimeoutMS: 20000.0ms, connectTimeoutMS: 20000.0ms)')>, <ServerDescription ('ac-8xlp2xc-shard-00-02.nc9rsuw.mongodb.net', 27017) server_type: Unknown, rtt: None, error=AutoReconnect('SSL handshake failed: ac-8xlp2xc-shard-00-02.nc9rsuw.mongodb.net:27017: [SSL: TLSV1_ALERT_INTERNAL_ERROR] tlsv1 alert internal error (_ssl.c:1129) (configured timeouts: socketTimeoutMS: 20000.0ms, connectTimeoutMS: 20000.0ms)')>]>. Falling back to JSON.
20:37:44 - TargetingAgent - WARNING - Failed to load memory from MongoDB: SSL handshake failed: ac-8xlp2xc-shard-00-01.nc9rsuw.mongodb.net:27017: [SSL: TLSV1_ALERT_INTERNAL_ERROR] tlsv1 alert internal error (_ssl.c:1129) (configured timeouts: socketTimeoutMS: 20000.0ms, connectTimeoutMS: 20000.0ms),SSL handshake failed: ac-8xlp2xc-shard-00-02.nc9rsuw.mongodb.net:27017: [SSL: TLSV1_ALERT_INTERNAL_ERROR] tlsv1 alert internal error (_ssl.c:1129) (configured timeouts: socketTimeoutMS: 20000.0ms, connectTimeoutMS: 20000.0ms),SSL handshake failed: ac-8xlp2xc-shard-00-00.nc9rsuw.mongodb.net:27017: [SSL: TLSV1_ALERT_INTERNAL_ERROR] tlsv1 alert internal error (_ssl.c:1129) (configured timeouts: socketTimeoutMS: 20000.0ms, connectTimeoutMS: 20000.0ms), Timeout: 10.0s, Topology Description: <TopologyDescription id: 69e22f3fed403a7ca528fedf, topology_type: ReplicaSetNoPrimary, servers: [<ServerDescription ('ac-8xlp2xc-shard-00-00.nc9rsuw.mongodb.net', 27017) server_type: Unknown, rtt: None, error=AutoReconnect('SSL handshake failed: ac-8xlp2xc-shard-00-00.nc9rsuw.mongodb.net:27017: [SSL: TLSV1_ALERT_INTERNAL_ERROR] tlsv1 alert internal error (_ssl.c:1129) (configured timeouts: socketTimeoutMS: 20000.0ms, connectTimeoutMS: 20000.0ms)')>, <ServerDescription ('ac-8xlp2xc-shard-00-01.nc9rsuw.mongodb.net', 27017) server_type: Unknown, rtt: None, error=AutoReconnect('SSL handshake failed: ac-8xlp2xc-shard-00-01.nc9rsuw.mongodb.net:27017: [SSL: TLSV1_ALERT_INTERNAL_ERROR] tlsv1 alert internal error (_ssl.c:1129) (configured timeouts: socketTimeoutMS: 20000.0ms, connectTimeoutMS: 20000.0ms)')>, <ServerDescription ('ac-8xlp2xc-shard-00-02.nc9rsuw.mongodb.net', 27017) server_type: Unknown, rtt: None, error=AutoReconnect('SSL handshake failed: ac-8xlp2xc-shard-00-02.nc9rsuw.mongodb.net:27017: [SSL: TLSV1_ALERT_INTERNAL_ERROR] tlsv1 alert internal error (_ssl.c:1129) (configured timeouts: socketTimeoutMS: 20000.0ms, connectTimeoutMS: 20000.0ms)')>]>. Falling back to JSON.
20:37:54 - TargetingAgent - ERROR - Failed to save memory to MongoDB: SSL handshake failed: ac-8xlp2xc-shard-00-01.nc9rsuw.mongodb.net:27017: [SSL: TLSV1_ALERT_INTERNAL_ERROR] tlsv1 alert internal error (_ssl.c:1129) (configured timeouts: socketTimeoutMS: 20000.0ms, connectTimeoutMS: 20000.0ms),SSL handshake failed: ac-8xlp2xc-shard-00-02.nc9rsuw.mongodb.net:27017: [SSL: TLSV1_ALERT_INTERNAL_ERROR] tlsv1 alert internal error (_ssl.c:1129) (configured timeouts: socketTimeoutMS: 20000.0ms, connectTimeoutMS: 20000.0ms),SSL handshake failed: ac-8xlp2xc-shard-00-00.nc9rsuw.mongodb.net:27017: [SSL: TLSV1_ALERT_INTERNAL_ERROR] tlsv1 alert internal error (_ssl.c:1129) (configured timeouts: socketTimeoutMS: 20000.0ms, connectTimeoutMS: 20000.0ms), Timeout: 10.0s, Topology Description: <TopologyDescription id: 69e22f3fed403a7ca528fedf, topology_type: ReplicaSetNoPrimary, servers: [<ServerDescription ('ac-8xlp2xc-shard-00-00.nc9rsuw.mongodb.net', 27017) server_type: Unknown, rtt: None, error=AutoReconnect('SSL handshake failed: ac-8xlp2xc-shard-00-00.nc9rsuw.mongodb.net:27017: [SSL: TLSV1_ALERT_INTERNAL_ERROR] tlsv1 alert internal error (_ssl.c:1129) (configured timeouts: socketTimeoutMS: 20000.0ms, connectTimeoutMS: 20000.0ms)')>, <ServerDescription ('ac-8xlp2xc-shard-00-01.nc9rsuw.mongodb.net', 27017) server_type: Unknown, rtt: None, error=AutoReconnect('SSL handshake failed: ac-8xlp2xc-shard-00-01.nc9rsuw.mongodb.net:27017: [SSL: TLSV1_ALERT_INTERNAL_ERROR] tlsv1 alert internal error (_ssl.c:1129) (configured timeouts: socketTimeoutMS: 20000.0ms, connectTimeoutMS: 20000.0ms)')>, <ServerDescription ('ac-8xlp2xc-shard-00-02.nc9rsuw.mongodb.net', 27017) server_type: Unknown, rtt: None, error=AutoReconnect('SSL handshake failed: ac-8xlp2xc-shard-00-02.nc9rsuw.mongodb.net:27017: [SSL: TLSV1_ALERT_INTERNAL_ERROR] tlsv1 alert internal error (_ssl.c:1129) (configured timeouts: socketTimeoutMS: 20000.0ms, connectTimeoutMS: 20000.0ms)')>]>
20:37:55 - httpx - INFO - HTTP Request: POST https://tevdxaufsnpsbvvurddg.supabase.co/rest/v1/memory_store?on_conflict=id "HTTP/2 200 OK"
20:37:55 - TargetingAgent - INFO - Persona locked: AdTech Professional (Google Stack Focus) | Intent: Campaign Optimization & ROAS Growth
20:37:55 - AgentOrchestrator - INFO - Executing Tier 5: ['BidAgent', 'ContentAgent']
20:37:55 - BidAgent - INFO - Calculating Smart Bid Strategy (tROAS / tCPA)...
20:37:55 - ContentAgent - INFO - Generating Content...
20:38:05 - BidAgent - WARNING - Failed to load memory from MongoDB: SSL handshake failed: ac-8xlp2xc-shard-00-01.nc9rsuw.mongodb.net:27017: [SSL: TLSV1_ALERT_INTERNAL_ERROR] tlsv1 alert internal error (_ssl.c:1129) (configured timeouts: socketTimeoutMS: 20000.0ms, connectTimeoutMS: 20000.0ms),SSL handshake failed: ac-8xlp2xc-shard-00-02.nc9rsuw.mongodb.net:27017: [SSL: TLSV1_ALERT_INTERNAL_ERROR] tlsv1 alert internal error (_ssl.c:1129) (configured timeouts: socketTimeoutMS: 20000.0ms, connectTimeoutMS: 20000.0ms),SSL handshake failed: ac-8xlp2xc-shard-00-00.nc9rsuw.mongodb.net:27017: [SSL: TLSV1_ALERT_INTERNAL_ERROR] tlsv1 alert internal error (_ssl.c:1129) (configured timeouts: socketTimeoutMS: 20000.0ms, connectTimeoutMS: 20000.0ms), Timeout: 10.0s, Topology Description: <TopologyDescription id: 69e22f3fed403a7ca528fedf, topology_type: ReplicaSetNoPrimary, servers: [<ServerDescription ('ac-8xlp2xc-shard-00-00.nc9rsuw.mongodb.net', 27017) server_type: Unknown, rtt: None, error=AutoReconnect('SSL handshake failed: ac-8xlp2xc-shard-00-00.nc9rsuw.mongodb.net:27017: [SSL: TLSV1_ALERT_INTERNAL_ERROR] tlsv1 alert internal error (_ssl.c:1129) (configured timeouts: socketTimeoutMS: 20000.0ms, connectTimeoutMS: 20000.0ms)')>, <ServerDescription ('ac-8xlp2xc-shard-00-01.nc9rsuw.mongodb.net', 27017) server_type: Unknown, rtt: None, error=AutoReconnect('SSL handshake failed: ac-8xlp2xc-shard-00-01.nc9rsuw.mongodb.net:27017: [SSL: TLSV1_ALERT_INTERNAL_ERROR] tlsv1 alert internal error (_ssl.c:1129) (configured timeouts: socketTimeoutMS: 20000.0ms, connectTimeoutMS: 20000.0ms)')>, <ServerDescription ('ac-8xlp2xc-shard-00-02.nc9rsuw.mongodb.net', 27017) server_type: Unknown, rtt: None, error=AutoReconnect('SSL handshake failed: ac-8xlp2xc-shard-00-02.nc9rsuw.mongodb.net:27017: [SSL: TLSV1_ALERT_INTERNAL_ERROR] tlsv1 alert internal error (_ssl.c:1129) (configured timeouts: socketTimeoutMS: 20000.0ms, connectTimeoutMS: 20000.0ms)')>]>. Falling back to JSON.
20:38:15 - BidAgent - WARNING - Failed to load memory from MongoDB: SSL handshake failed: ac-8xlp2xc-shard-00-01.nc9rsuw.mongodb.net:27017: [SSL: TLSV1_ALERT_INTERNAL_ERROR] tlsv1 alert internal error (_ssl.c:1129) (configured timeouts: socketTimeoutMS: 20000.0ms, connectTimeoutMS: 20000.0ms),SSL handshake failed: ac-8xlp2xc-shard-00-02.nc9rsuw.mongodb.net:27017: [SSL: TLSV1_ALERT_INTERNAL_ERROR] tlsv1 alert internal error (_ssl.c:1129) (configured timeouts: socketTimeoutMS: 20000.0ms, connectTimeoutMS: 20000.0ms),SSL handshake failed: ac-8xlp2xc-shard-00-00.nc9rsuw.mongodb.net:27017: [SSL: TLSV1_ALERT_INTERNAL_ERROR] tlsv1 alert internal error (_ssl.c:1129) (configured timeouts: socketTimeoutMS: 20000.0ms, connectTimeoutMS: 20000.0ms), Timeout: 10.0s, Topology Description: <TopologyDescription id: 69e22f3fed403a7ca528fedf, topology_type: ReplicaSetNoPrimary, servers: [<ServerDescription ('ac-8xlp2xc-shard-00-00.nc9rsuw.mongodb.net', 27017) server_type: Unknown, rtt: None, error=AutoReconnect('SSL handshake failed: ac-8xlp2xc-shard-00-00.nc9rsuw.mongodb.net:27017: [SSL: TLSV1_ALERT_INTERNAL_ERROR] tlsv1 alert internal error (_ssl.c:1129) (configured timeouts: socketTimeoutMS: 20000.0ms, connectTimeoutMS: 20000.0ms)')>, <ServerDescription ('ac-8xlp2xc-shard-00-01.nc9rsuw.mongodb.net', 27017) server_type: Unknown, rtt: None, error=AutoReconnect('SSL handshake failed: ac-8xlp2xc-shard-00-01.nc9rsuw.mongodb.net:27017: [SSL: TLSV1_ALERT_INTERNAL_ERROR] tlsv1 alert internal error (_ssl.c:1129) (configured timeouts: socketTimeoutMS: 20000.0ms, connectTimeoutMS: 20000.0ms)')>, <ServerDescription ('ac-8xlp2xc-shard-00-02.nc9rsuw.mongodb.net', 27017) server_type: Unknown, rtt: None, error=AutoReconnect('SSL handshake failed: ac-8xlp2xc-shard-00-02.nc9rsuw.mongodb.net:27017: [SSL: TLSV1_ALERT_INTERNAL_ERROR] tlsv1 alert internal error (_ssl.c:1129) (configured timeouts: socketTimeoutMS: 20000.0ms, connectTimeoutMS: 20000.0ms)')>]>. Falling back to JSON.
20:38:25 - BidAgent - WARNING - Failed to load memory from MongoDB: SSL handshake failed: ac-8xlp2xc-shard-00-01.nc9rsuw.mongodb.net:27017: [SSL: TLSV1_ALERT_INTERNAL_ERROR] tlsv1 alert internal error (_ssl.c:1129) (configured timeouts: socketTimeoutMS: 20000.0ms, connectTimeoutMS: 20000.0ms),SSL handshake failed: ac-8xlp2xc-shard-00-02.nc9rsuw.mongodb.net:27017: [SSL: TLSV1_ALERT_INTERNAL_ERROR] tlsv1 alert internal error (_ssl.c:1129) (configured timeouts: socketTimeoutMS: 20000.0ms, connectTimeoutMS: 20000.0ms),SSL handshake failed: ac-8xlp2xc-shard-00-00.nc9rsuw.mongodb.net:27017: [SSL: TLSV1_ALERT_INTERNAL_ERROR] tlsv1 alert internal error (_ssl.c:1129) (configured timeouts: socketTimeoutMS: 20000.0ms, connectTimeoutMS: 20000.0ms), Timeout: 10.0s, Topology Description: <TopologyDescription id: 69e22f3fed403a7ca528fedf, topology_type: ReplicaSetNoPrimary, servers: [<ServerDescription ('ac-8xlp2xc-shard-00-00.nc9rsuw.mongodb.net', 27017) server_type: Unknown, rtt: None, error=AutoReconnect('SSL handshake failed: ac-8xlp2xc-shard-00-00.nc9rsuw.mongodb.net:27017: [SSL: TLSV1_ALERT_INTERNAL_ERROR] tlsv1 alert internal error (_ssl.c:1129) (configured timeouts: socketTimeoutMS: 20000.0ms, connectTimeoutMS: 20000.0ms)')>, <ServerDescription ('ac-8xlp2xc-shard-00-01.nc9rsuw.mongodb.net', 27017) server_type: Unknown, rtt: None, error=AutoReconnect('SSL handshake failed: ac-8xlp2xc-shard-00-01.nc9rsuw.mongodb.net:27017: [SSL: TLSV1_ALERT_INTERNAL_ERROR] tlsv1 alert internal error (_ssl.c:1129) (configured timeouts: socketTimeoutMS: 20000.0ms, connectTimeoutMS: 20000.0ms)')>, <ServerDescription ('ac-8xlp2xc-shard-00-02.nc9rsuw.mongodb.net', 27017) server_type: Unknown, rtt: None, error=AutoReconnect('SSL handshake failed: ac-8xlp2xc-shard-00-02.nc9rsuw.mongodb.net:27017: [SSL: TLSV1_ALERT_INTERNAL_ERROR] tlsv1 alert internal error (_ssl.c:1129) (configured timeouts: socketTimeoutMS: 20000.0ms, connectTimeoutMS: 20000.0ms)')>]>. Falling back to JSON.
20:38:35 - BidAgent - WARNING - Failed to load memory from MongoDB: SSL handshake failed: ac-8xlp2xc-shard-00-01.nc9rsuw.mongodb.net:27017: [SSL: TLSV1_ALERT_INTERNAL_ERROR] tlsv1 alert internal error (_ssl.c:1129) (configured timeouts: socketTimeoutMS: 20000.0ms, connectTimeoutMS: 20000.0ms),SSL handshake failed: ac-8xlp2xc-shard-00-02.nc9rsuw.mongodb.net:27017: [SSL: TLSV1_ALERT_INTERNAL_ERROR] tlsv1 alert internal error (_ssl.c:1129) (configured timeouts: socketTimeoutMS: 20000.0ms, connectTimeoutMS: 20000.0ms),SSL handshake failed: ac-8xlp2xc-shard-00-00.nc9rsuw.mongodb.net:27017: [SSL: TLSV1_ALERT_INTERNAL_ERROR] tlsv1 alert internal error (_ssl.c:1129) (configured timeouts: socketTimeoutMS: 20000.0ms, connectTimeoutMS: 20000.0ms), Timeout: 10.0s, Topology Description: <TopologyDescription id: 69e22f3fed403a7ca528fedf, topology_type: ReplicaSetNoPrimary, servers: [<ServerDescription ('ac-8xlp2xc-shard-00-00.nc9rsuw.mongodb.net', 27017) server_type: Unknown, rtt: None, error=AutoReconnect('SSL handshake failed: ac-8xlp2xc-shard-00-00.nc9rsuw.mongodb.net:27017: [SSL: TLSV1_ALERT_INTERNAL_ERROR] tlsv1 alert internal error (_ssl.c:1129) (configured timeouts: socketTimeoutMS: 20000.0ms, connectTimeoutMS: 20000.0ms)')>, <ServerDescription ('ac-8xlp2xc-shard-00-01.nc9rsuw.mongodb.net', 27017) server_type: Unknown, rtt: None, error=AutoReconnect('SSL handshake failed: ac-8xlp2xc-shard-00-01.nc9rsuw.mongodb.net:27017: [SSL: TLSV1_ALERT_INTERNAL_ERROR] tlsv1 alert internal error (_ssl.c:1129) (configured timeouts: socketTimeoutMS: 20000.0ms, connectTimeoutMS: 20000.0ms)')>, <ServerDescription ('ac-8xlp2xc-shard-00-02.nc9rsuw.mongodb.net', 27017) server_type: Unknown, rtt: None, error=AutoReconnect('SSL handshake failed: ac-8xlp2xc-shard-00-02.nc9rsuw.mongodb.net:27017: [SSL: TLSV1_ALERT_INTERNAL_ERROR] tlsv1 alert internal error (_ssl.c:1129) (configured timeouts: socketTimeoutMS: 20000.0ms, connectTimeoutMS: 20000.0ms)')>]>. Falling back to JSON.
20:38:46 - BidAgent - ERROR - Failed to save memory to MongoDB: SSL handshake failed: ac-8xlp2xc-shard-00-01.nc9rsuw.mongodb.net:27017: [SSL: TLSV1_ALERT_INTERNAL_ERROR] tlsv1 alert internal error (_ssl.c:1129) (configured timeouts: socketTimeoutMS: 20000.0ms, connectTimeoutMS: 20000.0ms),SSL handshake failed: ac-8xlp2xc-shard-00-02.nc9rsuw.mongodb.net:27017: [SSL: TLSV1_ALERT_INTERNAL_ERROR] tlsv1 alert internal error (_ssl.c:1129) (configured timeouts: socketTimeoutMS: 20000.0ms, connectTimeoutMS: 20000.0ms),SSL handshake failed: ac-8xlp2xc-shard-00-00.nc9rsuw.mongodb.net:27017: [SSL: TLSV1_ALERT_INTERNAL_ERROR] tlsv1 alert internal error (_ssl.c:1129) (configured timeouts: socketTimeoutMS: 20000.0ms, connectTimeoutMS: 20000.0ms), Timeout: 10.0s, Topology Description: <TopologyDescription id: 69e22f3fed403a7ca528fedf, topology_type: ReplicaSetNoPrimary, servers: [<ServerDescription ('ac-8xlp2xc-shard-00-00.nc9rsuw.mongodb.net', 27017) server_type: Unknown, rtt: None, error=AutoReconnect('SSL handshake failed: ac-8xlp2xc-shard-00-00.nc9rsuw.mongodb.net:27017: [SSL: TLSV1_ALERT_INTERNAL_ERROR] tlsv1 alert internal error (_ssl.c:1129) (configured timeouts: socketTimeoutMS: 20000.0ms, connectTimeoutMS: 20000.0ms)')>, <ServerDescription ('ac-8xlp2xc-shard-00-01.nc9rsuw.mongodb.net', 27017) server_type: Unknown, rtt: None, error=AutoReconnect('SSL handshake failed: ac-8xlp2xc-shard-00-01.nc9rsuw.mongodb.net:27017: [SSL: TLSV1_ALERT_INTERNAL_ERROR] tlsv1 alert internal error (_ssl.c:1129) (configured timeouts: socketTimeoutMS: 20000.0ms, connectTimeoutMS: 20000.0ms)')>, <ServerDescription ('ac-8xlp2xc-shard-00-02.nc9rsuw.mongodb.net', 27017) server_type: Unknown, rtt: None, error=AutoReconnect('SSL handshake failed: ac-8xlp2xc-shard-00-02.nc9rsuw.mongodb.net:27017: [SSL: TLSV1_ALERT_INTERNAL_ERROR] tlsv1 alert internal error (_ssl.c:1129) (configured timeouts: socketTimeoutMS: 20000.0ms, connectTimeoutMS: 20000.0ms)')>]>
20:38:46 - httpx - INFO - HTTP Request: POST https://tevdxaufsnpsbvvurddg.supabase.co/rest/v1/memory_store?on_conflict=id "HTTP/2 200 OK"
20:38:56 - BidAgent - WARNING - Failed to load memory from MongoDB: SSL handshake failed: ac-8xlp2xc-shard-00-01.nc9rsuw.mongodb.net:27017: [SSL: TLSV1_ALERT_INTERNAL_ERROR] tlsv1 alert internal error (_ssl.c:1129) (configured timeouts: socketTimeoutMS: 20000.0ms, connectTimeoutMS: 20000.0ms),SSL handshake failed: ac-8xlp2xc-shard-00-02.nc9rsuw.mongodb.net:27017: [SSL: TLSV1_ALERT_INTERNAL_ERROR] tlsv1 alert internal error (_ssl.c:1129) (configured timeouts: socketTimeoutMS: 20000.0ms, connectTimeoutMS: 20000.0ms),SSL handshake failed: ac-8xlp2xc-shard-00-00.nc9rsuw.mongodb.net:27017: [SSL: TLSV1_ALERT_INTERNAL_ERROR] tlsv1 alert internal error (_ssl.c:1129) (configured timeouts: socketTimeoutMS: 20000.0ms, connectTimeoutMS: 20000.0ms), Timeout: 10.0s, Topology Description: <TopologyDescription id: 69e22f3fed403a7ca528fedf, topology_type: ReplicaSetNoPrimary, servers: [<ServerDescription ('ac-8xlp2xc-shard-00-00.nc9rsuw.mongodb.net', 27017) server_type: Unknown, rtt: None, error=AutoReconnect('SSL handshake failed: ac-8xlp2xc-shard-00-00.nc9rsuw.mongodb.net:27017: [SSL: TLSV1_ALERT_INTERNAL_ERROR] tlsv1 alert internal error (_ssl.c:1129) (configured timeouts: socketTimeoutMS: 20000.0ms, connectTimeoutMS: 20000.0ms)')>, <ServerDescription ('ac-8xlp2xc-shard-00-01.nc9rsuw.mongodb.net', 27017) server_type: Unknown, rtt: None, error=AutoReconnect('SSL handshake failed: ac-8xlp2xc-shard-00-01.nc9rsuw.mongodb.net:27017: [SSL: TLSV1_ALERT_INTERNAL_ERROR] tlsv1 alert internal error (_ssl.c:1129) (configured timeouts: socketTimeoutMS: 20000.0ms, connectTimeoutMS: 20000.0ms)')>, <ServerDescription ('ac-8xlp2xc-shard-00-02.nc9rsuw.mongodb.net', 27017) server_type: Unknown, rtt: None, error=AutoReconnect('SSL handshake failed: ac-8xlp2xc-shard-00-02.nc9rsuw.mongodb.net:27017: [SSL: TLSV1_ALERT_INTERNAL_ERROR] tlsv1 alert internal error (_ssl.c:1129) (configured timeouts: socketTimeoutMS: 20000.0ms, connectTimeoutMS: 20000.0ms)')>]>. Falling back to JSON.
20:39:06 - BidAgent - ERROR - Failed to save memory to MongoDB: SSL handshake failed: ac-8xlp2xc-shard-00-01.nc9rsuw.mongodb.net:27017: [SSL: TLSV1_ALERT_INTERNAL_ERROR] tlsv1 alert internal error (_ssl.c:1129) (configured timeouts: socketTimeoutMS: 20000.0ms, connectTimeoutMS: 20000.0ms),SSL handshake failed: ac-8xlp2xc-shard-00-02.nc9rsuw.mongodb.net:27017: [SSL: TLSV1_ALERT_INTERNAL_ERROR] tlsv1 alert internal error (_ssl.c:1129) (configured timeouts: socketTimeoutMS: 20000.0ms, connectTimeoutMS: 20000.0ms),SSL handshake failed: ac-8xlp2xc-shard-00-00.nc9rsuw.mongodb.net:27017: [SSL: TLSV1_ALERT_INTERNAL_ERROR] tlsv1 alert internal error (_ssl.c:1129) (configured timeouts: socketTimeoutMS: 20000.0ms, connectTimeoutMS: 20000.0ms), Timeout: 10.0s, Topology Description: <TopologyDescription id: 69e22f3fed403a7ca528fedf, topology_type: ReplicaSetNoPrimary, servers: [<ServerDescription ('ac-8xlp2xc-shard-00-00.nc9rsuw.mongodb.net', 27017) server_type: Unknown, rtt: None, error=AutoReconnect('SSL handshake failed: ac-8xlp2xc-shard-00-00.nc9rsuw.mongodb.net:27017: [SSL: TLSV1_ALERT_INTERNAL_ERROR] tlsv1 alert internal error (_ssl.c:1129) (configured timeouts: socketTimeoutMS: 20000.0ms, connectTimeoutMS: 20000.0ms)')>, <ServerDescription ('ac-8xlp2xc-shard-00-01.nc9rsuw.mongodb.net', 27017) server_type: Unknown, rtt: None, error=AutoReconnect('SSL handshake failed: ac-8xlp2xc-shard-00-01.nc9rsuw.mongodb.net:27017: [SSL: TLSV1_ALERT_INTERNAL_ERROR] tlsv1 alert internal error (_ssl.c:1129) (configured timeouts: socketTimeoutMS: 20000.0ms, connectTimeoutMS: 20000.0ms)')>, <ServerDescription ('ac-8xlp2xc-shard-00-02.nc9rsuw.mongodb.net', 27017) server_type: Unknown, rtt: None, error=AutoReconnect('SSL handshake failed: ac-8xlp2xc-shard-00-02.nc9rsuw.mongodb.net:27017: [SSL: TLSV1_ALERT_INTERNAL_ERROR] tlsv1 alert internal error (_ssl.c:1129) (configured timeouts: socketTimeoutMS: 20000.0ms, connectTimeoutMS: 20000.0ms)')>]>
20:39:06 - httpx - INFO - HTTP Request: POST https://tevdxaufsnpsbvvurddg.supabase.co/rest/v1/memory_store?on_conflict=id "HTTP/2 200 OK"
20:39:16 - BidAgent - WARNING - Failed to load memory from MongoDB: SSL handshake failed: ac-8xlp2xc-shard-00-01.nc9rsuw.mongodb.net:27017: [SSL: TLSV1_ALERT_INTERNAL_ERROR] tlsv1 alert internal error (_ssl.c:1129) (configured timeouts: socketTimeoutMS: 20000.0ms, connectTimeoutMS: 20000.0ms),SSL handshake failed: ac-8xlp2xc-shard-00-02.nc9rsuw.mongodb.net:27017: [SSL: TLSV1_ALERT_INTERNAL_ERROR] tlsv1 alert internal error (_ssl.c:1129) (configured timeouts: socketTimeoutMS: 20000.0ms, connectTimeoutMS: 20000.0ms),SSL handshake failed: ac-8xlp2xc-shard-00-00.nc9rsuw.mongodb.net:27017: [SSL: TLSV1_ALERT_INTERNAL_ERROR] tlsv1 alert internal error (_ssl.c:1129) (configured timeouts: socketTimeoutMS: 20000.0ms, connectTimeoutMS: 20000.0ms), Timeout: 10.0s, Topology Description: <TopologyDescription id: 69e22f3fed403a7ca528fedf, topology_type: ReplicaSetNoPrimary, servers: [<ServerDescription ('ac-8xlp2xc-shard-00-00.nc9rsuw.mongodb.net', 27017) server_type: Unknown, rtt: None, error=AutoReconnect('SSL handshake failed: ac-8xlp2xc-shard-00-00.nc9rsuw.mongodb.net:27017: [SSL: TLSV1_ALERT_INTERNAL_ERROR] tlsv1 alert internal error (_ssl.c:1129) (configured timeouts: socketTimeoutMS: 20000.0ms, connectTimeoutMS: 20000.0ms)')>, <ServerDescription ('ac-8xlp2xc-shard-00-01.nc9rsuw.mongodb.net', 27017) server_type: Unknown, rtt: None, error=AutoReconnect('SSL handshake failed: ac-8xlp2xc-shard-00-01.nc9rsuw.mongodb.net:27017: [SSL: TLSV1_ALERT_INTERNAL_ERROR] tlsv1 alert internal error (_ssl.c:1129) (configured timeouts: socketTimeoutMS: 20000.0ms, connectTimeoutMS: 20000.0ms)')>, <ServerDescription ('ac-8xlp2xc-shard-00-02.nc9rsuw.mongodb.net', 27017) server_type: Unknown, rtt: None, error=AutoReconnect('SSL handshake failed: ac-8xlp2xc-shard-00-02.nc9rsuw.mongodb.net:27017: [SSL: TLSV1_ALERT_INTERNAL_ERROR] tlsv1 alert internal error (_ssl.c:1129) (configured timeouts: socketTimeoutMS: 20000.0ms, connectTimeoutMS: 20000.0ms)')>]>. Falling back to JSON.
20:39:26 - BidAgent - ERROR - Failed to save memory to MongoDB: SSL handshake failed: ac-8xlp2xc-shard-00-01.nc9rsuw.mongodb.net:27017: [SSL: TLSV1_ALERT_INTERNAL_ERROR] tlsv1 alert internal error (_ssl.c:1129) (configured timeouts: socketTimeoutMS: 20000.0ms, connectTimeoutMS: 20000.0ms),SSL handshake failed: ac-8xlp2xc-shard-00-02.nc9rsuw.mongodb.net:27017: [SSL: TLSV1_ALERT_INTERNAL_ERROR] tlsv1 alert internal error (_ssl.c:1129) (configured timeouts: socketTimeoutMS: 20000.0ms, connectTimeoutMS: 20000.0ms),SSL handshake failed: ac-8xlp2xc-shard-00-00.nc9rsuw.mongodb.net:27017: [SSL: TLSV1_ALERT_INTERNAL_ERROR] tlsv1 alert internal error (_ssl.c:1129) (configured timeouts: socketTimeoutMS: 20000.0ms, connectTimeoutMS: 20000.0ms), Timeout: 10.0s, Topology Description: <TopologyDescription id: 69e22f3fed403a7ca528fedf, topology_type: ReplicaSetNoPrimary, servers: [<ServerDescription ('ac-8xlp2xc-shard-00-00.nc9rsuw.mongodb.net', 27017) server_type: Unknown, rtt: None, error=AutoReconnect('SSL handshake failed: ac-8xlp2xc-shard-00-00.nc9rsuw.mongodb.net:27017: [SSL: TLSV1_ALERT_INTERNAL_ERROR] tlsv1 alert internal error (_ssl.c:1129) (configured timeouts: socketTimeoutMS: 20000.0ms, connectTimeoutMS: 20000.0ms)')>, <ServerDescription ('ac-8xlp2xc-shard-00-01.nc9rsuw.mongodb.net', 27017) server_type: Unknown, rtt: None, error=AutoReconnect('SSL handshake failed: ac-8xlp2xc-shard-00-01.nc9rsuw.mongodb.net:27017: [SSL: TLSV1_ALERT_INTERNAL_ERROR] tlsv1 alert internal error (_ssl.c:1129) (configured timeouts: socketTimeoutMS: 20000.0ms, connectTimeoutMS: 20000.0ms)')>, <ServerDescription ('ac-8xlp2xc-shard-00-02.nc9rsuw.mongodb.net', 27017) server_type: Unknown, rtt: None, error=AutoReconnect('SSL handshake failed: ac-8xlp2xc-shard-00-02.nc9rsuw.mongodb.net:27017: [SSL: TLSV1_ALERT_INTERNAL_ERROR] tlsv1 alert internal error (_ssl.c:1129) (configured timeouts: socketTimeoutMS: 20000.0ms, connectTimeoutMS: 20000.0ms)')>]>
20:39:27 - httpx - INFO - HTTP Request: POST https://tevdxaufsnpsbvvurddg.supabase.co/rest/v1/memory_store?on_conflict=id "HTTP/2 200 OK"
20:39:27 - BidAgent - INFO - Strategy: Target CPA — PROTECT_BUDGET | CPM: €0.64 | tROAS: 4.0x | tCPA: €175.63
20:39:27 - AgentOrchestrator - INFO - Executing Tier 6: ['AdsAgent', 'MonetizationAgent', 'SwarmAgent_04_CONTROL', 'SwarmAgent_11_CONTROL', 'SwarmAgent_18_CONTROL', 'SwarmAgent_25_CONTROL', 'SwarmAgent_32_CONTROL', 'SwarmAgent_39_CONTROL', 'SwarmAgent_46_CONTROL', 'SwarmAgent_53_CONTROL', 'SwarmAgent_60_CONTROL', 'SwarmAgent_67_CONTROL', 'SwarmAgent_74_CONTROL', 'SwarmAgent_81_CONTROL', 'SwarmAgent_88_CONTROL', 'SwarmAgent_95_CONTROL']
20:39:27 - AdsAgent - INFO - Generating Performance Max Asset Groups & Ad Campaigns...
20:39:27 - TelemetryManager - INFO - [TELEMETRY] AdsAgent emitted AD_STRATEGY_GENERATION for AD_ADS_ADVERTISE
20:39:27 - AdsAgent - INFO - Generated 3 standard ads + PMax group 'PMax_Group_AdTech_Professi' (8 headlines, signal: BUILDING)
20:39:27 - MonetizationAgent - INFO - Running Monetization Analysis...
20:39:27 - SwarmAgent_04_CONTROL - INFO - [CONTROL] Executing SEO Micro-task: SEO Audit
20:39:27 - SwarmAgent_11_CONTROL - INFO - [CONTROL] Executing SEO Micro-task: Market Probe
20:39:27 - SwarmAgent_18_CONTROL - INFO - [CONTROL] Executing SEO Micro-task: SEO Audit
20:39:27 - SwarmAgent_25_CONTROL - INFO - [CONTROL] Executing SEO Micro-task: SEO Audit
20:39:27 - SwarmAgent_32_CONTROL - INFO - [CONTROL] Executing SEO Micro-task: SEO Audit
20:39:27 - SwarmAgent_39_CONTROL - INFO - [CONTROL] Executing SEO Micro-task: Domain Research
20:39:27 - SwarmAgent_46_CONTROL - INFO - [CONTROL] Executing SEO Micro-task: SEO Audit
20:39:27 - SwarmAgent_53_CONTROL - INFO - [CONTROL] Executing SEO Micro-task: SEO Audit
20:39:27 - SwarmAgent_60_CONTROL - INFO - [CONTROL] Executing SEO Micro-task: Keyword Sync
20:39:27 - SwarmAgent_67_CONTROL - INFO - [CONTROL] Executing SEO Micro-task: Domain Research
20:39:27 - SwarmAgent_74_CONTROL - INFO - [CONTROL] Executing SEO Micro-task: SEO Audit
20:39:27 - SwarmAgent_81_CONTROL - INFO - [CONTROL] Executing SEO Micro-task: Keyword Sync
20:39:27 - SwarmAgent_88_CONTROL - INFO - [CONTROL] Executing SEO Micro-task: SEO Audit
20:39:27 - SwarmAgent_95_CONTROL - INFO - [CONTROL] Executing SEO Micro-task: Market Probe
20:39:27 - AgentOrchestrator - INFO - Executing Tier 7: ['AutonomousIntelligenceAgent']
20:39:27 - httpx - INFO - HTTP Request: POST https://tevdxaufsnpsbvvurddg.supabase.co/rest/v1/telemetry?columns=%22id%22%2C%22event_data%22%2C%22recorded_at%22 "HTTP/2 201 Created"
20:39:27 - AutonomousIntelligenceAgent - INFO - Overseeing Ecosystem...
20:39:37 - TelemetryManager - WARNING - MongoDB telemetry sync failed: SSL handshake failed: ac-8xlp2xc-shard-00-01.nc9rsuw.mongodb.net:27017: [SSL: TLSV1_ALERT_INTERNAL_ERROR] tlsv1 alert internal error (_ssl.c:1129) (configured timeouts: socketTimeoutMS: 20000.0ms, connectTimeoutMS: 20000.0ms),SSL handshake failed: ac-8xlp2xc-shard-00-02.nc9rsuw.mongodb.net:27017: [SSL: TLSV1_ALERT_INTERNAL_ERROR] tlsv1 alert internal error (_ssl.c:1129) (configured timeouts: socketTimeoutMS: 20000.0ms, connectTimeoutMS: 20000.0ms),SSL handshake failed: ac-8xlp2xc-shard-00-00.nc9rsuw.mongodb.net:27017: [SSL: TLSV1_ALERT_INTERNAL_ERROR] tlsv1 alert internal error (_ssl.c:1129) (configured timeouts: socketTimeoutMS: 20000.0ms, connectTimeoutMS: 20000.0ms), Timeout: 10.0s, Topology Description: <TopologyDescription id: 69e22f3fed403a7ca528fedf, topology_type: ReplicaSetNoPrimary, servers: [<ServerDescription ('ac-8xlp2xc-shard-00-00.nc9rsuw.mongodb.net', 27017) server_type: Unknown, rtt: None, error=AutoReconnect('SSL handshake failed: ac-8xlp2xc-shard-00-00.nc9rsuw.mongodb.net:27017: [SSL: TLSV1_ALERT_INTERNAL_ERROR] tlsv1 alert internal error (_ssl.c:1129) (configured timeouts: socketTimeoutMS: 20000.0ms, connectTimeoutMS: 20000.0ms)')>, <ServerDescription ('ac-8xlp2xc-shard-00-01.nc9rsuw.mongodb.net', 27017) server_type: Unknown, rtt: None, error=AutoReconnect('SSL handshake failed: ac-8xlp2xc-shard-00-01.nc9rsuw.mongodb.net:27017: [SSL: TLSV1_ALERT_INTERNAL_ERROR] tlsv1 alert internal error (_ssl.c:1129) (configured timeouts: socketTimeoutMS: 20000.0ms, connectTimeoutMS: 20000.0ms)')>, <ServerDescription ('ac-8xlp2xc-shard-00-02.nc9rsuw.mongodb.net', 27017) server_type: Unknown, rtt: None, error=AutoReconnect('SSL handshake failed: ac-8xlp2xc-shard-00-02.nc9rsuw.mongodb.net:27017: [SSL: TLSV1_ALERT_INTERNAL_ERROR] tlsv1 alert internal error (_ssl.c:1129) (configured timeouts: socketTimeoutMS: 20000.0ms, connectTimeoutMS: 20000.0ms)')>]>
20:39:37 - AutonomousIntelligenceAgent - WARNING - Failed to load memory from MongoDB: SSL handshake failed: ac-8xlp2xc-shard-00-01.nc9rsuw.mongodb.net:27017: [SSL: TLSV1_ALERT_INTERNAL_ERROR] tlsv1 alert internal error (_ssl.c:1129) (configured timeouts: socketTimeoutMS: 20000.0ms, connectTimeoutMS: 20000.0ms),SSL handshake failed: ac-8xlp2xc-shard-00-02.nc9rsuw.mongodb.net:27017: [SSL: TLSV1_ALERT_INTERNAL_ERROR] tlsv1 alert internal error (_ssl.c:1129) (configured timeouts: socketTimeoutMS: 20000.0ms, connectTimeoutMS: 20000.0ms),SSL handshake failed: ac-8xlp2xc-shard-00-00.nc9rsuw.mongodb.net:27017: [SSL: TLSV1_ALERT_INTERNAL_ERROR] tlsv1 alert internal error (_ssl.c:1129) (configured timeouts: socketTimeoutMS: 20000.0ms, connectTimeoutMS: 20000.0ms), Timeout: 10.0s, Topology Description: <TopologyDescription id: 69e22f3fed403a7ca528fedf, topology_type: ReplicaSetNoPrimary, servers: [<ServerDescription ('ac-8xlp2xc-shard-00-00.nc9rsuw.mongodb.net', 27017) server_type: Unknown, rtt: None, error=AutoReconnect('SSL handshake failed: ac-8xlp2xc-shard-00-00.nc9rsuw.mongodb.net:27017: [SSL: TLSV1_ALERT_INTERNAL_ERROR] tlsv1 alert internal error (_ssl.c:1129) (configured timeouts: socketTimeoutMS: 20000.0ms, connectTimeoutMS: 20000.0ms)')>, <ServerDescription ('ac-8xlp2xc-shard-00-01.nc9rsuw.mongodb.net', 27017) server_type: Unknown, rtt: None, error=AutoReconnect('SSL handshake failed: ac-8xlp2xc-shard-00-01.nc9rsuw.mongodb.net:27017: [SSL: TLSV1_ALERT_INTERNAL_ERROR] tlsv1 alert internal error (_ssl.c:1129) (configured timeouts: socketTimeoutMS: 20000.0ms, connectTimeoutMS: 20000.0ms)')>, <ServerDescription ('ac-8xlp2xc-shard-00-02.nc9rsuw.mongodb.net', 27017) server_type: Unknown, rtt: None, error=AutoReconnect('SSL handshake failed: ac-8xlp2xc-shard-00-02.nc9rsuw.mongodb.net:27017: [SSL: TLSV1_ALERT_INTERNAL_ERROR] tlsv1 alert internal error (_ssl.c:1129) (configured timeouts: socketTimeoutMS: 20000.0ms, connectTimeoutMS: 20000.0ms)')>]>. Falling back to JSON.
20:39:48 - AutonomousIntelligenceAgent - ERROR - Failed to save memory to MongoDB: SSL handshake failed: ac-8xlp2xc-shard-00-01.nc9rsuw.mongodb.net:27017: [SSL: TLSV1_ALERT_INTERNAL_ERROR] tlsv1 alert internal error (_ssl.c:1129) (configured timeouts: socketTimeoutMS: 20000.0ms, connectTimeoutMS: 20000.0ms),SSL handshake failed: ac-8xlp2xc-shard-00-02.nc9rsuw.mongodb.net:27017: [SSL: TLSV1_ALERT_INTERNAL_ERROR] tlsv1 alert internal error (_ssl.c:1129) (configured timeouts: socketTimeoutMS: 20000.0ms, connectTimeoutMS: 20000.0ms),SSL handshake failed: ac-8xlp2xc-shard-00-00.nc9rsuw.mongodb.net:27017: [SSL: TLSV1_ALERT_INTERNAL_ERROR] tlsv1 alert internal error (_ssl.c:1129) (configured timeouts: socketTimeoutMS: 20000.0ms, connectTimeoutMS: 20000.0ms), Timeout: 10.0s, Topology Description: <TopologyDescription id: 69e22f3fed403a7ca528fedf, topology_type: ReplicaSetNoPrimary, servers: [<ServerDescription ('ac-8xlp2xc-shard-00-00.nc9rsuw.mongodb.net', 27017) server_type: Unknown, rtt: None, error=AutoReconnect('SSL handshake failed: ac-8xlp2xc-shard-00-00.nc9rsuw.mongodb.net:27017: [SSL: TLSV1_ALERT_INTERNAL_ERROR] tlsv1 alert internal error (_ssl.c:1129) (configured timeouts: socketTimeoutMS: 20000.0ms, connectTimeoutMS: 20000.0ms)')>, <ServerDescription ('ac-8xlp2xc-shard-00-01.nc9rsuw.mongodb.net', 27017) server_type: Unknown, rtt: None, error=AutoReconnect('SSL handshake failed: ac-8xlp2xc-shard-00-01.nc9rsuw.mongodb.net:27017: [SSL: TLSV1_ALERT_INTERNAL_ERROR] tlsv1 alert internal error (_ssl.c:1129) (configured timeouts: socketTimeoutMS: 20000.0ms, connectTimeoutMS: 20000.0ms)')>, <ServerDescription ('ac-8xlp2xc-shard-00-02.nc9rsuw.mongodb.net', 27017) server_type: Unknown, rtt: None, error=AutoReconnect('SSL handshake failed: ac-8xlp2xc-shard-00-02.nc9rsuw.mongodb.net:27017: [SSL: TLSV1_ALERT_INTERNAL_ERROR] tlsv1 alert internal error (_ssl.c:1129) (configured timeouts: socketTimeoutMS: 20000.0ms, connectTimeoutMS: 20000.0ms)')>]>
20:39:48 - httpx - INFO - HTTP Request: POST https://tevdxaufsnpsbvvurddg.supabase.co/rest/v1/memory_store?on_conflict=id "HTTP/2 200 OK"
20:39:48 - AgentOrchestrator - INFO - Executing Tier 8: ['TelemetryAgent']
20:39:48 - TelemetryAgent - INFO - Synthesizing Market Data Structural Telemetry & External World Connectivity...
20:39:48 - AgentOrchestrator - INFO - Executing Tier 9: ['SixSigmaChampion']
20:39:48 - SixSigmaChampion - INFO - Governing Six Belt Sigma SEO Process...
20:39:48 - AgentOrchestrator - INFO - Executing Tier 10: ['Architect', 'CEO_Backup_00', 'CEO_Backup_01', 'CEO_Backup_02', 'CEO_Backup_03', 'AutonomyExpertImbued', 'SwiftEvolutionExpertImbued']
20:39:48 - Architect - INFO - Analyzing system architecture for daily improvements...
20:39:48 - Architect - INFO - Reviewing proposal from SwarmAgent_00_DEFINE: {'seo_impact_threshold': 0.48}
20:39:48 - Architect - INFO - Reviewing proposal from SwarmAgent_19_RESEARCH_WORLD: {'seo_impact_threshold': 0.48}
20:39:48 - Architect - INFO - Reviewing proposal from SwarmAgent_21_DEFINE: {'seo_impact_threshold': 0.48}
20:39:48 - Architect - INFO - Reviewing proposal from SwarmAgent_26_RESEARCH_WORLD: {'seo_impact_threshold': 0.48}
20:39:48 - Architect - INFO - Reviewing proposal from SwarmAgent_33_RESEARCH_WORLD: {'seo_impact_threshold': 0.48}
20:39:48 - Architect - INFO - Reviewing proposal from SwarmAgent_34_AD_TECH_PROBE: {'seo_impact_threshold': 0.48}
20:39:48 - Architect - INFO - Reviewing proposal from SwarmAgent_48_AD_TECH_PROBE: {'seo_impact_threshold': 0.48}
20:39:48 - Architect - INFO - Reviewing proposal from SwarmAgent_54_RESEARCH_WORLD: {'seo_impact_threshold': 0.48}
20:39:48 - Architect - INFO - Reviewing proposal from SwarmAgent_55_AD_TECH_PROBE: {'seo_impact_threshold': 0.48}
20:39:48 - Architect - INFO - Reviewing proposal from SwarmAgent_63_DEFINE: {'seo_impact_threshold': 0.48}
20:39:48 - Architect - INFO - Reviewing proposal from SwarmAgent_69_AD_TECH_PROBE: {'seo_impact_threshold': 0.48}
20:39:48 - Architect - INFO - Reviewing proposal from SwarmAgent_70_DEFINE: {'seo_impact_threshold': 0.48}
20:39:48 - Architect - INFO - Reviewing proposal from SwarmAgent_75_RESEARCH_WORLD: {'seo_impact_threshold': 0.48}
20:39:48 - Architect - INFO - Reviewing proposal from SwarmAgent_77_DEFINE: {'seo_impact_threshold': 0.48}
20:39:48 - Architect - INFO - Reviewing proposal from SwarmAgent_82_RESEARCH_WORLD: {'seo_impact_threshold': 0.48}
20:39:48 - Architect - INFO - Reviewing proposal from SwarmAgent_84_DEFINE: {'seo_impact_threshold': 0.48}
20:39:48 - Architect - INFO - Reviewing proposal from SwarmAgent_89_RESEARCH_WORLD: {'seo_impact_threshold': 0.48}
20:39:48 - Architect - INFO - Reviewing proposal from SwarmAgent_90_AD_TECH_PROBE: {'seo_impact_threshold': 0.48}
20:39:48 - Architect - INFO - Reviewing proposal from SwarmAgent_91_DEFINE: {'seo_impact_threshold': 0.48}
20:39:48 - Architect - INFO - Reviewing proposal from SwarmAgent_97_AD_TECH_PROBE: {'seo_impact_threshold': 0.48}
20:39:48 - Architect - INFO - Reviewing proposal from SwarmAgent_01_MEASURE: {'seo_impact_threshold': 0.48}
20:39:48 - Architect - INFO - Reviewing proposal from SwarmAgent_02_ANALYZE: {'seo_impact_threshold': 0.48}
20:39:48 - Architect - INFO - Reviewing proposal from SwarmAgent_08_MEASURE: {'seo_impact_threshold': 0.48}
20:39:48 - Architect - INFO - Reviewing proposal from SwarmAgent_16_ANALYZE: {'seo_impact_threshold': 0.48}
20:39:48 - Architect - INFO - Reviewing proposal from SwarmAgent_22_MEASURE: {'seo_impact_threshold': 0.48}
20:39:48 - Architect - INFO - Reviewing proposal from SwarmAgent_37_ANALYZE: {'seo_impact_threshold': 0.48}
20:39:48 - Architect - INFO - Reviewing proposal from SwarmAgent_43_MEASURE: {'seo_impact_threshold': 0.48}
20:39:48 - Architect - INFO - Reviewing proposal from SwarmAgent_57_MEASURE: {'seo_impact_threshold': 0.48}
20:39:48 - Architect - INFO - Reviewing proposal from SwarmAgent_64_MEASURE: {'seo_impact_threshold': 0.48}
20:39:48 - Architect - INFO - Reviewing proposal from SwarmAgent_65_ANALYZE: {'seo_impact_threshold': 0.48}
20:39:48 - Architect - INFO - Reviewing proposal from SwarmAgent_78_MEASURE: {'seo_impact_threshold': 0.48}
20:39:48 - Architect - INFO - Reviewing proposal from SwarmAgent_85_MEASURE: {'seo_impact_threshold': 0.48}
20:39:48 - Architect - INFO - Reviewing proposal from SwarmAgent_99_MEASURE: {'seo_impact_threshold': 0.48}
20:39:48 - Architect - INFO - Reviewing proposal from SwarmAgent_31_IMPROVE: {'seo_impact_threshold': 0.48}
20:39:48 - Architect - INFO - Reviewing proposal from SwarmAgent_80_IMPROVE: {'seo_impact_threshold': 0.48}
20:39:48 - Architect - INFO - Reviewing proposal from SwarmAgent_87_IMPROVE: {'seo_impact_threshold': 0.48}
20:39:48 - Architect - INFO - Reviewing proposal from SwarmAgent_94_IMPROVE: {'seo_impact_threshold': 0.48}
20:39:48 - Architect - INFO - Reviewing proposal from SwarmAgent_32_CONTROL: {'seo_impact_threshold': 0.48}
20:39:48 - Architect - INFO - Reviewing proposal from SwarmAgent_46_CONTROL: {'seo_impact_threshold': 0.48}
20:39:48 - Architect - INFO - Reviewing proposal from SwarmAgent_53_CONTROL: {'seo_impact_threshold': 0.48}
20:39:48 - Architect - INFO - Reviewing proposal from SwarmAgent_67_CONTROL: {'seo_impact_threshold': 0.48}
20:39:48 - Architect - INFO - Reviewing proposal from SwarmAgent_74_CONTROL: {'seo_impact_threshold': 0.48}
20:39:48 - Architect - INFO - Reviewing proposal from SwarmAgent_88_CONTROL: {'seo_impact_threshold': 0.48}
20:39:48 - Architect - INFO - Reviewing proposal from SwarmAgent_95_CONTROL: {'seo_impact_threshold': 0.48}
20:39:48 - AgentOrchestrator - ERROR - Error in agent Architect: can only concatenate str (not "float") to str
Traceback (most recent call last):
  File "/Users/filipkeser/Documents/Antigravity/agents/orchestrator.py", line 74, in _run_agent
    result = await agent.run(data, self.blackboard)
  File "/Users/filipkeser/Documents/Antigravity/agents/architect_agent.py", line 44, in run
    else:
  File "/Users/filipkeser/Documents/Antigravity/agents/architect_agent.py", line 53, in _apply_evolution
TypeError: can only concatenate str (not "float") to str
20:39:48 - CEO_Backup_00 - INFO - Verifying CEO (Champion) integrity...
20:39:48 - CEO_Backup_01 - INFO - Verifying CEO (Champion) integrity...
20:39:48 - CEO_Backup_02 - INFO - Verifying CEO (Champion) integrity...
20:39:48 - CEO_Backup_03 - INFO - Verifying CEO (Champion) integrity...
20:39:48 - AutonomyExpertImbued - INFO - 🤖 Autonomy Expert running diagnostic on background daily cycle...
20:39:48 - AutonomyExpertImbued - INFO - Last autonomous run detected at: 2026-04-17T18:33:24.944033+00:00
20:39:48 - SwiftEvolutionExpertImbued - INFO - Swift Evolution Expert refactoring Agent IDE UI...
20:39:48 - httpx - INFO - HTTP Request: POST https://tevdxaufsnpsbvvurddg.supabase.co/rest/v1/telemetry "HTTP/2 400 Bad Request"
20:39:48 - SwiftEvolutionExpertImbued - WARNING - Failed to push to Supabase: {'message': 'null value in column "id" of relation "telemetry" violates not-null constraint', 'code': '23502', 'hint': None, 'details': 'Failing row contains (null, {"type": "EVOLUTION_SYNC", "message": "Swift Evolution Expert op..., 2026-04-17 18:39:48.325094+00).'}
20:39:48 - AgentOrchestrator - INFO - Executing Tier 11: ['MetaCodingAgent', 'DockerEvolutionAgent']
20:39:48 - MetaCodingAgent - INFO - Performing Meta-Coding Analysis and Autonomous Self-Improvement...
20:39:48 - MetaCodingAgent - INFO - High system impact (0.52) detected. Injecting 'Deep-Skill' optimizations.
20:39:48 - DockerEvolutionAgent - INFO - No system evolution detected. Skipping Docker validation.
20:39:48 - AgentOrchestrator - INFO - Executing Tier 12: ['GitHubEvolutionAgent']
20:39:48 - GitHubEvolutionAgent - INFO - No system evolution. Skipping Git operations.
20:39:48 - httpx - INFO - HTTP Request: POST https://tevdxaufsnpsbvvurddg.supabase.co/rest/v1/github_sync_history "HTTP/2 201 Created"
20:39:48 - GitHubEvolutionAgent - INFO - GitHub sync record written to Supabase: SKIPPED
20:39:58 - GitHubEvolutionAgent - WARNING - MongoDB github_sync write failed: SSL handshake failed: ac-8xlp2xc-shard-00-01.nc9rsuw.mongodb.net:27017: [SSL: TLSV1_ALERT_INTERNAL_ERROR] tlsv1 alert internal error (_ssl.c:1129) (configured timeouts: socketTimeoutMS: 20000.0ms, connectTimeoutMS: 20000.0ms),SSL handshake failed: ac-8xlp2xc-shard-00-02.nc9rsuw.mongodb.net:27017: [SSL: TLSV1_ALERT_INTERNAL_ERROR] tlsv1 alert internal error (_ssl.c:1129) (configured timeouts: socketTimeoutMS: 20000.0ms, connectTimeoutMS: 20000.0ms),SSL handshake failed: ac-8xlp2xc-shard-00-00.nc9rsuw.mongodb.net:27017: [SSL: TLSV1_ALERT_INTERNAL_ERROR] tlsv1 alert internal error (_ssl.c:1129) (configured timeouts: socketTimeoutMS: 20000.0ms, connectTimeoutMS: 20000.0ms), Timeout: 10.0s, Topology Description: <TopologyDescription id: 69e22f3fed403a7ca528fedf, topology_type: ReplicaSetNoPrimary, servers: [<ServerDescription ('ac-8xlp2xc-shard-00-00.nc9rsuw.mongodb.net', 27017) server_type: Unknown, rtt: None, error=AutoReconnect('SSL handshake failed: ac-8xlp2xc-shard-00-00.nc9rsuw.mongodb.net:27017: [SSL: TLSV1_ALERT_INTERNAL_ERROR] tlsv1 alert internal error (_ssl.c:1129) (configured timeouts: socketTimeoutMS: 20000.0ms, connectTimeoutMS: 20000.0ms)')>, <ServerDescription ('ac-8xlp2xc-shard-00-01.nc9rsuw.mongodb.net', 27017) server_type: Unknown, rtt: None, error=AutoReconnect('SSL handshake failed: ac-8xlp2xc-shard-00-01.nc9rsuw.mongodb.net:27017: [SSL: TLSV1_ALERT_INTERNAL_ERROR] tlsv1 alert internal error (_ssl.c:1129) (configured timeouts: socketTimeoutMS: 20000.0ms, connectTimeoutMS: 20000.0ms)')>, <ServerDescription ('ac-8xlp2xc-shard-00-02.nc9rsuw.mongodb.net', 27017) server_type: Unknown, rtt: None, error=AutoReconnect('SSL handshake failed: ac-8xlp2xc-shard-00-02.nc9rsuw.mongodb.net:27017: [SSL: TLSV1_ALERT_INTERNAL_ERROR] tlsv1 alert internal error (_ssl.c:1129) (configured timeouts: socketTimeoutMS: 20000.0ms, connectTimeoutMS: 20000.0ms)')>]>
20:39:58 - AgentOrchestrator - INFO - Executing Tier 13: ['GitKrakenEvolutionAgent']
20:39:58 - GitKrakenEvolutionAgent - INFO - No system evolution for GitKraken sync. Skipping.
20:39:58 - AgentOrchestrator - INFO - Executing Tier 14: ['JulesEvolutionAgent']
20:39:58 - JulesEvolutionAgent - INFO - Jules at your service. Synchronizing all evolution channels and memory...
20:39:59 - httpx - INFO - HTTP Request: POST https://tevdxaufsnpsbvvurddg.supabase.co/rest/v1/sync_logs "HTTP/2 200 OK"
20:39:59 - httpx - INFO - HTTP Request: POST https://tevdxaufsnpsbvvurddg.supabase.co/rest/v1/sync_logs "HTTP/2 200 OK"
20:39:59 - httpx - INFO - HTTP Request: POST https://tevdxaufsnpsbvvurddg.supabase.co/rest/v1/sync_logs "HTTP/2 200 OK"
20:39:59 - JulesEvolutionAgent - INFO - Jules has synced 3 learnings to Supabase.
20:40:09 - JulesEvolutionAgent - WARNING - Jules failed to sync learnings to MongoDB: SSL handshake failed: ac-8xlp2xc-shard-00-01.nc9rsuw.mongodb.net:27017: [SSL: TLSV1_ALERT_INTERNAL_ERROR] tlsv1 alert internal error (_ssl.c:1129) (configured timeouts: socketTimeoutMS: 20000.0ms, connectTimeoutMS: 20000.0ms),SSL handshake failed: ac-8xlp2xc-shard-00-02.nc9rsuw.mongodb.net:27017: [SSL: TLSV1_ALERT_INTERNAL_ERROR] tlsv1 alert internal error (_ssl.c:1129) (configured timeouts: socketTimeoutMS: 20000.0ms, connectTimeoutMS: 20000.0ms),SSL handshake failed: ac-8xlp2xc-shard-00-00.nc9rsuw.mongodb.net:27017: [SSL: TLSV1_ALERT_INTERNAL_ERROR] tlsv1 alert internal error (_ssl.c:1129) (configured timeouts: socketTimeoutMS: 20000.0ms, connectTimeoutMS: 20000.0ms), Timeout: 10.0s, Topology Description: <TopologyDescription id: 69e22f3fed403a7ca528fedf, topology_type: ReplicaSetNoPrimary, servers: [<ServerDescription ('ac-8xlp2xc-shard-00-00.nc9rsuw.mongodb.net', 27017) server_type: Unknown, rtt: None, error=AutoReconnect('SSL handshake failed: ac-8xlp2xc-shard-00-00.nc9rsuw.mongodb.net:27017: [SSL: TLSV1_ALERT_INTERNAL_ERROR] tlsv1 alert internal error (_ssl.c:1129) (configured timeouts: socketTimeoutMS: 20000.0ms, connectTimeoutMS: 20000.0ms)')>, <ServerDescription ('ac-8xlp2xc-shard-00-01.nc9rsuw.mongodb.net', 27017) server_type: Unknown, rtt: None, error=AutoReconnect('SSL handshake failed: ac-8xlp2xc-shard-00-01.nc9rsuw.mongodb.net:27017: [SSL: TLSV1_ALERT_INTERNAL_ERROR] tlsv1 alert internal error (_ssl.c:1129) (configured timeouts: socketTimeoutMS: 20000.0ms, connectTimeoutMS: 20000.0ms)')>, <ServerDescription ('ac-8xlp2xc-shard-00-02.nc9rsuw.mongodb.net', 27017) server_type: Unknown, rtt: None, error=AutoReconnect('SSL handshake failed: ac-8xlp2xc-shard-00-02.nc9rsuw.mongodb.net:27017: [SSL: TLSV1_ALERT_INTERNAL_ERROR] tlsv1 alert internal error (_ssl.c:1129) (configured timeouts: socketTimeoutMS: 20000.0ms, connectTimeoutMS: 20000.0ms)')>]>
20:40:09 - JulesEvolutionAgent - INFO - No evolution actions were required. Jules is standing by.
20:40:09 - AgentOrchestrator - INFO - Execution Cycle Complete.
20:40:09 - AgentOrchestrator - INFO - Starting Peer Review Phase...
20:40:09 - AgentOrchestrator - INFO - Review from ResearchAgent: ['Research data and Google World investigations are fully synchronized.']
20:40:09 - SystemOrchestrator - INFO - Report generated at results/DAILY_REPORT_2026-04-17.md
20:40:09 - SystemOrchestrator - INFO - === Cycle Complete ===
20:40:09 - AutonomousOrchestrator - INFO - Autonomous Evolution Cycle Complete.
20:40:09 - httpx - INFO - HTTP Request: POST https://tevdxaufsnpsbvvurddg.supabase.co/rest/v1/memory_store "HTTP/2 200 OK"
20:45:39 - AutonomousOrchestrator - INFO - Manual trigger detected!
20:45:39 - AutonomousOrchestrator - INFO - Starting Autonomous Evolution Cycle...
20:45:39 - httpx - INFO - HTTP Request: POST https://tevdxaufsnpsbvvurddg.supabase.co/rest/v1/memory_store "HTTP/2 200 OK"
20:45:39 - SystemOrchestrator - INFO - === Starting Massive Synchronized Autonomous Cycle ===
20:45:39 - SystemOrchestrator - INFO - Starting Scraper...
20:45:39 - SystemOrchestrator - ERROR - Scraper failed: Traceback (most recent call last):
  File "/Users/filipkeser/Documents/Antigravity/scraper.py", line 1, in <module>
    import aiohttp
ModuleNotFoundError: No module named 'aiohttp'

20:45:39 - SystemOrchestrator - INFO - Dynamically loaded imbued expert: AutonomyExpertImbued
20:45:39 - SystemOrchestrator - INFO - Dynamically loaded imbued expert: MonetizationExpertImbued
20:45:39 - SystemOrchestrator - INFO - Dynamically loaded imbued expert: SEOExpertImbued
20:45:39 - SystemOrchestrator - INFO - Dynamically loaded imbued expert: SwiftEvolutionExpertImbued
20:45:39 - SystemOrchestrator - INFO - Instantiated ecosystem with 179 autonomous agents (including 4 imbued experts).
20:45:39 - AgentOrchestrator - INFO - Starting Autonomous Execution Cycle (v1.42)...
20:45:39 - AgentOrchestrator - INFO - Executing Tier 1: ['HealthCheckAgent', 'RobotTxtAgent', 'AnalysisAgent', 'SwarmAgent_00_DEFINE', 'SwarmAgent_05_RESEARCH_WORLD', 'SwarmAgent_06_AD_TECH_PROBE', 'SwarmAgent_07_DEFINE', 'SwarmAgent_12_RESEARCH_WORLD', 'SwarmAgent_13_AD_TECH_PROBE', 'SwarmAgent_14_DEFINE', 'SwarmAgent_19_RESEARCH_WORLD', 'SwarmAgent_20_AD_TECH_PROBE', 'SwarmAgent_21_DEFINE', 'SwarmAgent_26_RESEARCH_WORLD', 'SwarmAgent_27_AD_TECH_PROBE', 'SwarmAgent_28_DEFINE', 'SwarmAgent_33_RESEARCH_WORLD', 'SwarmAgent_34_AD_TECH_PROBE', 'SwarmAgent_35_DEFINE', 'SwarmAgent_40_RESEARCH_WORLD', 'SwarmAgent_41_AD_TECH_PROBE', 'SwarmAgent_42_DEFINE', 'SwarmAgent_47_RESEARCH_WORLD', 'SwarmAgent_48_AD_TECH_PROBE', 'SwarmAgent_49_DEFINE', 'SwarmAgent_54_RESEARCH_WORLD', 'SwarmAgent_55_AD_TECH_PROBE', 'SwarmAgent_56_DEFINE', 'SwarmAgent_61_RESEARCH_WORLD', 'SwarmAgent_62_AD_TECH_PROBE', 'SwarmAgent_63_DEFINE', 'SwarmAgent_68_RESEARCH_WORLD', 'SwarmAgent_69_AD_TECH_PROBE', 'SwarmAgent_70_DEFINE', 'SwarmAgent_75_RESEARCH_WORLD', 'SwarmAgent_76_AD_TECH_PROBE', 'SwarmAgent_77_DEFINE', 'SwarmAgent_82_RESEARCH_WORLD', 'SwarmAgent_83_AD_TECH_PROBE', 'SwarmAgent_84_DEFINE', 'SwarmAgent_89_RESEARCH_WORLD', 'SwarmAgent_90_AD_TECH_PROBE', 'SwarmAgent_91_DEFINE', 'SwarmAgent_96_RESEARCH_WORLD', 'SwarmAgent_97_AD_TECH_PROBE', 'SwarmAgent_98_DEFINE', 'System_Backup_00', 'System_Backup_01', 'System_Backup_02', 'System_Backup_03', 'System_Backup_04', 'System_Backup_05', 'System_Backup_06', 'System_Backup_07', 'System_Backup_08', 'System_Backup_09', 'System_Backup_10', 'System_Backup_11', 'System_Backup_12', 'System_Backup_13', 'System_Backup_14', 'System_Backup_15', 'System_Backup_16', 'System_Backup_17', 'System_Backup_18', 'System_Backup_19', 'System_Backup_20', 'System_Backup_21', 'System_Backup_22', 'System_Backup_23', 'System_Backup_24', 'System_Backup_25', 'System_Backup_26', 'System_Backup_27', 'System_Backup_28', 'System_Backup_29', 'System_Backup_30', 'System_Backup_31', 'System_Backup_32', 'System_Backup_33', 'System_Backup_34', 'System_Backup_35', 'System_Backup_36', 'System_Backup_37', 'System_Backup_38', 'System_Backup_39', 'System_Backup_40', 'System_Backup_41', 'System_Backup_42', 'System_Backup_43', 'System_Backup_44', 'System_Backup_45', 'System_Backup_46', 'System_Backup_47', 'System_Backup_48', 'System_Backup_49']
20:45:39 - HealthCheckAgent - INFO - Running Health Check...
20:45:39 - RobotTxtAgent - INFO - Checking robots.txt compliance and secrets...
20:45:39 - RobotTxtAgent - INFO - Fetching https://markposition.wordpress.com/robots.txt
20:45:40 - AnalysisAgent - INFO - Running Analysis...
20:45:40 - TelemetryManager - INFO - [TELEMETRY] AnalysisAgent emitted MARKET_DATA_ANALYSIS for AD_ADS_ADVERTISE
20:45:40 - SwarmAgent_00_DEFINE - INFO - [DEFINE] Executing SEO Micro-task: Domain Research
20:45:40 - SwarmAgent_05_RESEARCH_WORLD - INFO - [RESEARCH_WORLD] Executing SEO Micro-task: SEO Audit
20:45:40 - SwarmAgent_06_AD_TECH_PROBE - INFO - [AD_TECH_PROBE] Executing SEO Micro-task: Keyword Sync
20:45:40 - SwarmAgent_07_DEFINE - INFO - [DEFINE] Executing SEO Micro-task: Domain Research
20:45:40 - SwarmAgent_12_RESEARCH_WORLD - INFO - [RESEARCH_WORLD] Executing SEO Micro-task: Market Probe
20:45:40 - SwarmAgent_13_AD_TECH_PROBE - INFO - [AD_TECH_PROBE] Executing SEO Micro-task: Market Probe
20:45:40 - SwarmAgent_14_DEFINE - INFO - [DEFINE] Executing SEO Micro-task: Market Probe
20:45:40 - SwarmAgent_19_RESEARCH_WORLD - INFO - [RESEARCH_WORLD] Executing SEO Micro-task: Domain Research
20:45:40 - SwarmAgent_20_AD_TECH_PROBE - INFO - [AD_TECH_PROBE] Executing SEO Micro-task: SEO Audit
20:45:40 - SwarmAgent_21_DEFINE - INFO - [DEFINE] Executing SEO Micro-task: SEO Audit
20:45:40 - SwarmAgent_26_RESEARCH_WORLD - INFO - [RESEARCH_WORLD] Executing SEO Micro-task: SEO Audit
20:45:40 - SwarmAgent_27_AD_TECH_PROBE - INFO - [AD_TECH_PROBE] Executing SEO Micro-task: SEO Audit
20:45:40 - SwarmAgent_28_DEFINE - INFO - [DEFINE] Executing SEO Micro-task: Keyword Sync
20:45:40 - SwarmAgent_33_RESEARCH_WORLD - INFO - [RESEARCH_WORLD] Executing SEO Micro-task: SEO Audit
20:45:40 - SwarmAgent_34_AD_TECH_PROBE - INFO - [AD_TECH_PROBE] Executing SEO Micro-task: Domain Research
20:45:40 - SwarmAgent_35_DEFINE - INFO - [DEFINE] Executing SEO Micro-task: Keyword Sync
20:45:40 - SwarmAgent_40_RESEARCH_WORLD - INFO - [RESEARCH_WORLD] Executing SEO Micro-task: SEO Audit
20:45:40 - SwarmAgent_41_AD_TECH_PROBE - INFO - [AD_TECH_PROBE] Executing SEO Micro-task: Market Probe
20:45:40 - SwarmAgent_42_DEFINE - INFO - [DEFINE] Executing SEO Micro-task: Market Probe
20:45:40 - SwarmAgent_47_RESEARCH_WORLD - INFO - [RESEARCH_WORLD] Executing SEO Micro-task: SEO Audit
20:45:40 - SwarmAgent_48_AD_TECH_PROBE - INFO - [AD_TECH_PROBE] Executing SEO Micro-task: Domain Research
20:45:40 - SwarmAgent_49_DEFINE - INFO - [DEFINE] Executing SEO Micro-task: SEO Audit
20:45:40 - SwarmAgent_54_RESEARCH_WORLD - INFO - [RESEARCH_WORLD] Executing SEO Micro-task: Market Probe
20:45:40 - SwarmAgent_55_AD_TECH_PROBE - INFO - [AD_TECH_PROBE] Executing SEO Micro-task: Domain Research
20:45:40 - SwarmAgent_56_DEFINE - INFO - [DEFINE] Executing SEO Micro-task: Domain Research
20:45:40 - SwarmAgent_61_RESEARCH_WORLD - INFO - [RESEARCH_WORLD] Executing SEO Micro-task: Market Probe
20:45:40 - SwarmAgent_62_AD_TECH_PROBE - INFO - [AD_TECH_PROBE] Executing SEO Micro-task: Keyword Sync
20:45:40 - SwarmAgent_63_DEFINE - INFO - [DEFINE] Executing SEO Micro-task: Market Probe
20:45:40 - SwarmAgent_68_RESEARCH_WORLD - INFO - [RESEARCH_WORLD] Executing SEO Micro-task: Market Probe
20:45:40 - SwarmAgent_69_AD_TECH_PROBE - INFO - [AD_TECH_PROBE] Executing SEO Micro-task: SEO Audit
20:45:40 - SwarmAgent_70_DEFINE - INFO - [DEFINE] Executing SEO Micro-task: Keyword Sync
20:45:40 - SwarmAgent_75_RESEARCH_WORLD - INFO - [RESEARCH_WORLD] Executing SEO Micro-task: SEO Audit
20:45:40 - SwarmAgent_76_AD_TECH_PROBE - INFO - [AD_TECH_PROBE] Executing SEO Micro-task: Keyword Sync
20:45:40 - SwarmAgent_77_DEFINE - INFO - [DEFINE] Executing SEO Micro-task: SEO Audit
20:45:40 - SwarmAgent_82_RESEARCH_WORLD - INFO - [RESEARCH_WORLD] Executing SEO Micro-task: Domain Research
20:45:40 - SwarmAgent_83_AD_TECH_PROBE - INFO - [AD_TECH_PROBE] Executing SEO Micro-task: Keyword Sync
20:45:40 - SwarmAgent_84_DEFINE - INFO - [DEFINE] Executing SEO Micro-task: Keyword Sync
20:45:40 - SwarmAgent_89_RESEARCH_WORLD - INFO - [RESEARCH_WORLD] Executing SEO Micro-task: Domain Research
20:45:40 - SwarmAgent_90_AD_TECH_PROBE - INFO - [AD_TECH_PROBE] Executing SEO Micro-task: Domain Research
20:45:40 - SwarmAgent_91_DEFINE - INFO - [DEFINE] Executing SEO Micro-task: Domain Research
20:45:40 - SwarmAgent_96_RESEARCH_WORLD - INFO - [RESEARCH_WORLD] Executing SEO Micro-task: Market Probe
20:45:40 - SwarmAgent_97_AD_TECH_PROBE - INFO - [AD_TECH_PROBE] Executing SEO Micro-task: SEO Audit
20:45:40 - SwarmAgent_98_DEFINE - INFO - [DEFINE] Executing SEO Micro-task: Market Probe
20:45:40 - System_Backup_00 - INFO - [FAILOVER] Redundancy active. Monitoring state...
20:45:40 - System_Backup_01 - INFO - [FAILOVER] Redundancy active. Monitoring state...
20:45:40 - System_Backup_02 - INFO - [FAILOVER] Redundancy active. Monitoring state...
20:45:40 - System_Backup_03 - INFO - [FAILOVER] Redundancy active. Monitoring state...
20:45:40 - System_Backup_04 - INFO - [FAILOVER] Redundancy active. Monitoring state...
20:45:40 - System_Backup_05 - INFO - [FAILOVER] Redundancy active. Monitoring state...
20:45:40 - System_Backup_06 - INFO - [FAILOVER] Redundancy active. Monitoring state...
20:45:40 - System_Backup_07 - INFO - [FAILOVER] Redundancy active. Monitoring state...
20:45:40 - System_Backup_08 - INFO - [FAILOVER] Redundancy active. Monitoring state...
20:45:40 - System_Backup_09 - INFO - [FAILOVER] Redundancy active. Monitoring state...
20:45:40 - System_Backup_10 - INFO - [FAILOVER] Redundancy active. Monitoring state...
20:45:40 - System_Backup_11 - INFO - [FAILOVER] Redundancy active. Monitoring state...
20:45:40 - System_Backup_12 - INFO - [FAILOVER] Redundancy active. Monitoring state...
20:45:40 - System_Backup_13 - INFO - [FAILOVER] Redundancy active. Monitoring state...
20:45:40 - System_Backup_14 - INFO - [FAILOVER] Redundancy active. Monitoring state...
20:45:40 - System_Backup_15 - INFO - [FAILOVER] Redundancy active. Monitoring state...
20:45:40 - System_Backup_16 - INFO - [FAILOVER] Redundancy active. Monitoring state...
20:45:40 - System_Backup_17 - INFO - [FAILOVER] Redundancy active. Monitoring state...
20:45:40 - System_Backup_18 - INFO - [FAILOVER] Redundancy active. Monitoring state...
20:45:40 - System_Backup_19 - INFO - [FAILOVER] Redundancy active. Monitoring state...
20:45:40 - System_Backup_20 - INFO - [FAILOVER] Redundancy active. Monitoring state...
20:45:40 - System_Backup_21 - INFO - [FAILOVER] Redundancy active. Monitoring state...
20:45:40 - System_Backup_22 - INFO - [FAILOVER] Redundancy active. Monitoring state...
20:45:40 - System_Backup_23 - INFO - [FAILOVER] Redundancy active. Monitoring state...
20:45:40 - System_Backup_24 - INFO - [FAILOVER] Redundancy active. Monitoring state...
20:45:40 - System_Backup_25 - INFO - [FAILOVER] Redundancy active. Monitoring state...
20:45:40 - System_Backup_26 - INFO - [FAILOVER] Redundancy active. Monitoring state...
20:45:40 - System_Backup_27 - INFO - [FAILOVER] Redundancy active. Monitoring state...
20:45:40 - System_Backup_28 - INFO - [FAILOVER] Redundancy active. Monitoring state...
20:45:40 - System_Backup_29 - INFO - [FAILOVER] Redundancy active. Monitoring state...
20:45:40 - System_Backup_30 - INFO - [FAILOVER] Redundancy active. Monitoring state...
20:45:40 - System_Backup_31 - INFO - [FAILOVER] Redundancy active. Monitoring state...
20:45:40 - System_Backup_32 - INFO - [FAILOVER] Redundancy active. Monitoring state...
20:45:40 - System_Backup_33 - INFO - [FAILOVER] Redundancy active. Monitoring state...
20:45:40 - System_Backup_34 - INFO - [FAILOVER] Redundancy active. Monitoring state...
20:45:40 - System_Backup_35 - INFO - [FAILOVER] Redundancy active. Monitoring state...
20:45:40 - System_Backup_36 - INFO - [FAILOVER] Redundancy active. Monitoring state...
20:45:40 - System_Backup_37 - INFO - [FAILOVER] Redundancy active. Monitoring state...
20:45:40 - System_Backup_38 - INFO - [FAILOVER] Redundancy active. Monitoring state...
20:45:40 - System_Backup_39 - INFO - [FAILOVER] Redundancy active. Monitoring state...
20:45:40 - System_Backup_40 - INFO - [FAILOVER] Redundancy active. Monitoring state...
20:45:40 - System_Backup_41 - INFO - [FAILOVER] Redundancy active. Monitoring state...
20:45:40 - System_Backup_42 - INFO - [FAILOVER] Redundancy active. Monitoring state...
20:45:40 - System_Backup_43 - INFO - [FAILOVER] Redundancy active. Monitoring state...
20:45:40 - System_Backup_44 - INFO - [FAILOVER] Redundancy active. Monitoring state...
20:45:40 - System_Backup_45 - INFO - [FAILOVER] Redundancy active. Monitoring state...
20:45:40 - System_Backup_46 - INFO - [FAILOVER] Redundancy active. Monitoring state...
20:45:40 - System_Backup_47 - INFO - [FAILOVER] Redundancy active. Monitoring state...
20:45:40 - System_Backup_48 - INFO - [FAILOVER] Redundancy active. Monitoring state...
20:45:40 - System_Backup_49 - INFO - [FAILOVER] Redundancy active. Monitoring state...
20:45:50 - RobotTxtAgent - WARNING - Failed to load memory from MongoDB: SSL handshake failed: ac-8xlp2xc-shard-00-01.nc9rsuw.mongodb.net:27017: [SSL: TLSV1_ALERT_INTERNAL_ERROR] tlsv1 alert internal error (_ssl.c:1129) (configured timeouts: socketTimeoutMS: 20000.0ms, connectTimeoutMS: 20000.0ms),SSL handshake failed: ac-8xlp2xc-shard-00-02.nc9rsuw.mongodb.net:27017: [SSL: TLSV1_ALERT_INTERNAL_ERROR] tlsv1 alert internal error (_ssl.c:1129) (configured timeouts: socketTimeoutMS: 20000.0ms, connectTimeoutMS: 20000.0ms),SSL handshake failed: ac-8xlp2xc-shard-00-00.nc9rsuw.mongodb.net:27017: [SSL: TLSV1_ALERT_INTERNAL_ERROR] tlsv1 alert internal error (_ssl.c:1129) (configured timeouts: socketTimeoutMS: 20000.0ms, connectTimeoutMS: 20000.0ms), Timeout: 10.0s, Topology Description: <TopologyDescription id: 69e22f3fed403a7ca528fedf, topology_type: ReplicaSetNoPrimary, servers: [<ServerDescription ('ac-8xlp2xc-shard-00-00.nc9rsuw.mongodb.net', 27017) server_type: Unknown, rtt: None, error=AutoReconnect('SSL handshake failed: ac-8xlp2xc-shard-00-00.nc9rsuw.mongodb.net:27017: [SSL: TLSV1_ALERT_INTERNAL_ERROR] tlsv1 alert internal error (_ssl.c:1129) (configured timeouts: socketTimeoutMS: 20000.0ms, connectTimeoutMS: 20000.0ms)')>, <ServerDescription ('ac-8xlp2xc-shard-00-01.nc9rsuw.mongodb.net', 27017) server_type: Unknown, rtt: None, error=AutoReconnect('SSL handshake failed: ac-8xlp2xc-shard-00-01.nc9rsuw.mongodb.net:27017: [SSL: TLSV1_ALERT_INTERNAL_ERROR] tlsv1 alert internal error (_ssl.c:1129) (configured timeouts: socketTimeoutMS: 20000.0ms, connectTimeoutMS: 20000.0ms)')>, <ServerDescription ('ac-8xlp2xc-shard-00-02.nc9rsuw.mongodb.net', 27017) server_type: Unknown, rtt: None, error=AutoReconnect('SSL handshake failed: ac-8xlp2xc-shard-00-02.nc9rsuw.mongodb.net:27017: [SSL: TLSV1_ALERT_INTERNAL_ERROR] tlsv1 alert internal error (_ssl.c:1129) (configured timeouts: socketTimeoutMS: 20000.0ms, connectTimeoutMS: 20000.0ms)')>]>. Falling back to JSON.
20:45:50 - AgentOrchestrator - INFO - Executing Tier 2: ['ResearchAgent', 'SwarmAgent_01_MEASURE', 'SwarmAgent_02_ANALYZE', 'SwarmAgent_08_MEASURE', 'SwarmAgent_09_ANALYZE', 'SwarmAgent_15_MEASURE', 'SwarmAgent_16_ANALYZE', 'SwarmAgent_22_MEASURE', 'SwarmAgent_23_ANALYZE', 'SwarmAgent_29_MEASURE', 'SwarmAgent_30_ANALYZE', 'SwarmAgent_36_MEASURE', 'SwarmAgent_37_ANALYZE', 'SwarmAgent_43_MEASURE', 'SwarmAgent_44_ANALYZE', 'SwarmAgent_50_MEASURE', 'SwarmAgent_51_ANALYZE', 'SwarmAgent_57_MEASURE', 'SwarmAgent_58_ANALYZE', 'SwarmAgent_64_MEASURE', 'SwarmAgent_65_ANALYZE', 'SwarmAgent_71_MEASURE', 'SwarmAgent_72_ANALYZE', 'SwarmAgent_78_MEASURE', 'SwarmAgent_79_ANALYZE', 'SwarmAgent_85_MEASURE', 'SwarmAgent_86_ANALYZE', 'SwarmAgent_92_MEASURE', 'SwarmAgent_93_ANALYZE', 'SwarmAgent_99_MEASURE', 'SEOExpertImbued']
20:45:50 - httpx - INFO - HTTP Request: POST https://tevdxaufsnpsbvvurddg.supabase.co/rest/v1/telemetry?columns=%22id%22%2C%22event_data%22%2C%22recorded_at%22 "HTTP/2 201 Created"
20:45:50 - ResearchAgent - INFO - Running High-Level Autonomous Research & Outside World Investigation...
20:45:50 - SwarmAgent_01_MEASURE - INFO - [MEASURE] Executing SEO Micro-task: Domain Research
20:45:50 - SwarmAgent_02_ANALYZE - INFO - [ANALYZE] Executing SEO Micro-task: Market Probe
20:45:50 - SwarmAgent_08_MEASURE - INFO - [MEASURE] Executing SEO Micro-task: Keyword Sync
20:45:50 - SwarmAgent_09_ANALYZE - INFO - [ANALYZE] Executing SEO Micro-task: Market Probe
20:45:50 - SwarmAgent_15_MEASURE - INFO - [MEASURE] Executing SEO Micro-task: Market Probe
20:45:50 - SwarmAgent_16_ANALYZE - INFO - [ANALYZE] Executing SEO Micro-task: Keyword Sync
20:45:50 - SwarmAgent_22_MEASURE - INFO - [MEASURE] Executing SEO Micro-task: Keyword Sync
20:45:50 - SwarmAgent_23_ANALYZE - INFO - [ANALYZE] Executing SEO Micro-task: Keyword Sync
20:45:50 - SwarmAgent_29_MEASURE - INFO - [MEASURE] Executing SEO Micro-task: Keyword Sync
20:45:50 - SwarmAgent_30_ANALYZE - INFO - [ANALYZE] Executing SEO Micro-task: Market Probe
20:45:50 - SwarmAgent_36_MEASURE - INFO - [MEASURE] Executing SEO Micro-task: SEO Audit
20:45:50 - SwarmAgent_37_ANALYZE - INFO - [ANALYZE] Executing SEO Micro-task: SEO Audit
20:45:50 - SwarmAgent_43_MEASURE - INFO - [MEASURE] Executing SEO Micro-task: Keyword Sync
20:45:50 - SwarmAgent_44_ANALYZE - INFO - [ANALYZE] Executing SEO Micro-task: SEO Audit
20:45:50 - SwarmAgent_50_MEASURE - INFO - [MEASURE] Executing SEO Micro-task: Domain Research
20:45:50 - SwarmAgent_51_ANALYZE - INFO - [ANALYZE] Executing SEO Micro-task: Keyword Sync
20:45:50 - SwarmAgent_57_MEASURE - INFO - [MEASURE] Executing SEO Micro-task: Keyword Sync
20:45:50 - SwarmAgent_58_ANALYZE - INFO - [ANALYZE] Executing SEO Micro-task: Domain Research
20:45:50 - SwarmAgent_64_MEASURE - INFO - [MEASURE] Executing SEO Micro-task: SEO Audit
20:45:50 - SwarmAgent_65_ANALYZE - INFO - [ANALYZE] Executing SEO Micro-task: Market Probe
20:45:50 - SwarmAgent_71_MEASURE - INFO - [MEASURE] Executing SEO Micro-task: Market Probe
20:45:50 - SwarmAgent_72_ANALYZE - INFO - [ANALYZE] Executing SEO Micro-task: Domain Research
20:45:50 - SwarmAgent_78_MEASURE - INFO - [MEASURE] Executing SEO Micro-task: Domain Research
20:45:50 - SwarmAgent_79_ANALYZE - INFO - [ANALYZE] Executing SEO Micro-task: SEO Audit
20:45:50 - SwarmAgent_85_MEASURE - INFO - [MEASURE] Executing SEO Micro-task: Market Probe
20:45:50 - SwarmAgent_86_ANALYZE - INFO - [ANALYZE] Executing SEO Micro-task: Domain Research
20:45:50 - SwarmAgent_92_MEASURE - INFO - [MEASURE] Executing SEO Micro-task: Market Probe
20:45:50 - SwarmAgent_93_ANALYZE - INFO - [ANALYZE] Executing SEO Micro-task: Keyword Sync
20:45:50 - SwarmAgent_99_MEASURE - INFO - [MEASURE] Executing SEO Micro-task: SEO Audit
20:45:50 - SEOExpertImbued - INFO - Performing Deep Search Engine Optimization Audit on market data...
20:45:50 - SEOExpertImbued - INFO - SEO Audit Complete: Score 0.92
20:45:50 - TelemetryManager - INFO - [TELEMETRY] ResearchAgent emitted EXTERNAL_INVESTIGATION for GOOGLE_WORLD
20:45:50 - TelemetryManager - INFO - [TELEMETRY] ResearchAgent emitted EXTERNAL_INVESTIGATION for GOOGLE_WORLD
20:45:50 - TelemetryManager - INFO - [TELEMETRY] ResearchAgent emitted EXTERNAL_INVESTIGATION for GOOGLE_WORLD
20:45:50 - TelemetryManager - INFO - [TELEMETRY] ResearchAgent emitted EXTERNAL_INVESTIGATION for GOOGLE_WORLD
20:45:50 - ResearchAgent - INFO - Research and World Investigation completed for 10 domains.
20:45:50 - AgentOrchestrator - INFO - Executing Tier 3: ['IntelligenceAgent', 'SearchConsoleAuditor', 'MonetizationExpertImbued']
20:45:50 - httpx - INFO - HTTP Request: POST https://tevdxaufsnpsbvvurddg.supabase.co/rest/v1/telemetry?columns=%22id%22%2C%22event_data%22%2C%22recorded_at%22 "HTTP/2 201 Created"
20:45:50 - IntelligenceAgent - INFO - Running Intelligence Synchronization & External World Collaboration...
20:45:50 - SearchConsoleAuditor - INFO - Running Deep-Skill SEO Audit (Search Console Mastery)...
20:45:50 - MonetizationExpertImbued - INFO - Projecting ROI and Financial Monetization Opportunities...
20:45:50 - MonetizationExpertImbued - INFO - Financial Synthesis Complete: Projected ROI 102.37%
20:46:00 - TelemetryManager - WARNING - MongoDB telemetry sync failed: SSL handshake failed: ac-8xlp2xc-shard-00-01.nc9rsuw.mongodb.net:27017: [SSL: TLSV1_ALERT_INTERNAL_ERROR] tlsv1 alert internal error (_ssl.c:1129) (configured timeouts: socketTimeoutMS: 20000.0ms, connectTimeoutMS: 20000.0ms),SSL handshake failed: ac-8xlp2xc-shard-00-02.nc9rsuw.mongodb.net:27017: [SSL: TLSV1_ALERT_INTERNAL_ERROR] tlsv1 alert internal error (_ssl.c:1129) (configured timeouts: socketTimeoutMS: 20000.0ms, connectTimeoutMS: 20000.0ms),SSL handshake failed: ac-8xlp2xc-shard-00-00.nc9rsuw.mongodb.net:27017: [SSL: TLSV1_ALERT_INTERNAL_ERROR] tlsv1 alert internal error (_ssl.c:1129) (configured timeouts: socketTimeoutMS: 20000.0ms, connectTimeoutMS: 20000.0ms), Timeout: 10.0s, Topology Description: <TopologyDescription id: 69e22f3fed403a7ca528fedf, topology_type: ReplicaSetNoPrimary, servers: [<ServerDescription ('ac-8xlp2xc-shard-00-00.nc9rsuw.mongodb.net', 27017) server_type: Unknown, rtt: None, error=AutoReconnect('SSL handshake failed: ac-8xlp2xc-shard-00-00.nc9rsuw.mongodb.net:27017: [SSL: TLSV1_ALERT_INTERNAL_ERROR] tlsv1 alert internal error (_ssl.c:1129) (configured timeouts: socketTimeoutMS: 20000.0ms, connectTimeoutMS: 20000.0ms)')>, <ServerDescription ('ac-8xlp2xc-shard-00-01.nc9rsuw.mongodb.net', 27017) server_type: Unknown, rtt: None, error=AutoReconnect('SSL handshake failed: ac-8xlp2xc-shard-00-01.nc9rsuw.mongodb.net:27017: [SSL: TLSV1_ALERT_INTERNAL_ERROR] tlsv1 alert internal error (_ssl.c:1129) (configured timeouts: socketTimeoutMS: 20000.0ms, connectTimeoutMS: 20000.0ms)')>, <ServerDescription ('ac-8xlp2xc-shard-00-02.nc9rsuw.mongodb.net', 27017) server_type: Unknown, rtt: None, error=AutoReconnect('SSL handshake failed: ac-8xlp2xc-shard-00-02.nc9rsuw.mongodb.net:27017: [SSL: TLSV1_ALERT_INTERNAL_ERROR] tlsv1 alert internal error (_ssl.c:1129) (configured timeouts: socketTimeoutMS: 20000.0ms, connectTimeoutMS: 20000.0ms)')>]>
20:46:00 - TelemetryManager - WARNING - MongoDB telemetry sync failed: SSL handshake failed: ac-8xlp2xc-shard-00-01.nc9rsuw.mongodb.net:27017: [SSL: TLSV1_ALERT_INTERNAL_ERROR] tlsv1 alert internal error (_ssl.c:1129) (configured timeouts: socketTimeoutMS: 20000.0ms, connectTimeoutMS: 20000.0ms),SSL handshake failed: ac-8xlp2xc-shard-00-02.nc9rsuw.mongodb.net:27017: [SSL: TLSV1_ALERT_INTERNAL_ERROR] tlsv1 alert internal error (_ssl.c:1129) (configured timeouts: socketTimeoutMS: 20000.0ms, connectTimeoutMS: 20000.0ms),SSL handshake failed: ac-8xlp2xc-shard-00-00.nc9rsuw.mongodb.net:27017: [SSL: TLSV1_ALERT_INTERNAL_ERROR] tlsv1 alert internal error (_ssl.c:1129) (configured timeouts: socketTimeoutMS: 20000.0ms, connectTimeoutMS: 20000.0ms), Timeout: 10.0s, Topology Description: <TopologyDescription id: 69e22f3fed403a7ca528fedf, topology_type: ReplicaSetNoPrimary, servers: [<ServerDescription ('ac-8xlp2xc-shard-00-00.nc9rsuw.mongodb.net', 27017) server_type: Unknown, rtt: None, error=AutoReconnect('SSL handshake failed: ac-8xlp2xc-shard-00-00.nc9rsuw.mongodb.net:27017: [SSL: TLSV1_ALERT_INTERNAL_ERROR] tlsv1 alert internal error (_ssl.c:1129) (configured timeouts: socketTimeoutMS: 20000.0ms, connectTimeoutMS: 20000.0ms)')>, <ServerDescription ('ac-8xlp2xc-shard-00-01.nc9rsuw.mongodb.net', 27017) server_type: Unknown, rtt: None, error=AutoReconnect('SSL handshake failed: ac-8xlp2xc-shard-00-01.nc9rsuw.mongodb.net:27017: [SSL: TLSV1_ALERT_INTERNAL_ERROR] tlsv1 alert internal error (_ssl.c:1129) (configured timeouts: socketTimeoutMS: 20000.0ms, connectTimeoutMS: 20000.0ms)')>, <ServerDescription ('ac-8xlp2xc-shard-00-02.nc9rsuw.mongodb.net', 27017) server_type: Unknown, rtt: None, error=AutoReconnect('SSL handshake failed: ac-8xlp2xc-shard-00-02.nc9rsuw.mongodb.net:27017: [SSL: TLSV1_ALERT_INTERNAL_ERROR] tlsv1 alert internal error (_ssl.c:1129) (configured timeouts: socketTimeoutMS: 20000.0ms, connectTimeoutMS: 20000.0ms)')>]>
20:46:00 - SearchConsoleAuditor - WARNING - Failed to load memory from MongoDB: SSL handshake failed: ac-8xlp2xc-shard-00-01.nc9rsuw.mongodb.net:27017: [SSL: TLSV1_ALERT_INTERNAL_ERROR] tlsv1 alert internal error (_ssl.c:1129) (configured timeouts: socketTimeoutMS: 20000.0ms, connectTimeoutMS: 20000.0ms),SSL handshake failed: ac-8xlp2xc-shard-00-02.nc9rsuw.mongodb.net:27017: [SSL: TLSV1_ALERT_INTERNAL_ERROR] tlsv1 alert internal error (_ssl.c:1129) (configured timeouts: socketTimeoutMS: 20000.0ms, connectTimeoutMS: 20000.0ms),SSL handshake failed: ac-8xlp2xc-shard-00-00.nc9rsuw.mongodb.net:27017: [SSL: TLSV1_ALERT_INTERNAL_ERROR] tlsv1 alert internal error (_ssl.c:1129) (configured timeouts: socketTimeoutMS: 20000.0ms, connectTimeoutMS: 20000.0ms), Timeout: 10.0s, Topology Description: <TopologyDescription id: 69e22f3fed403a7ca528fedf, topology_type: ReplicaSetNoPrimary, servers: [<ServerDescription ('ac-8xlp2xc-shard-00-00.nc9rsuw.mongodb.net', 27017) server_type: Unknown, rtt: None, error=AutoReconnect('SSL handshake failed: ac-8xlp2xc-shard-00-00.nc9rsuw.mongodb.net:27017: [SSL: TLSV1_ALERT_INTERNAL_ERROR] tlsv1 alert internal error (_ssl.c:1129) (configured timeouts: socketTimeoutMS: 20000.0ms, connectTimeoutMS: 20000.0ms)')>, <ServerDescription ('ac-8xlp2xc-shard-00-01.nc9rsuw.mongodb.net', 27017) server_type: Unknown, rtt: None, error=AutoReconnect('SSL handshake failed: ac-8xlp2xc-shard-00-01.nc9rsuw.mongodb.net:27017: [SSL: TLSV1_ALERT_INTERNAL_ERROR] tlsv1 alert internal error (_ssl.c:1129) (configured timeouts: socketTimeoutMS: 20000.0ms, connectTimeoutMS: 20000.0ms)')>, <ServerDescription ('ac-8xlp2xc-shard-00-02.nc9rsuw.mongodb.net', 27017) server_type: Unknown, rtt: None, error=AutoReconnect('SSL handshake failed: ac-8xlp2xc-shard-00-02.nc9rsuw.mongodb.net:27017: [SSL: TLSV1_ALERT_INTERNAL_ERROR] tlsv1 alert internal error (_ssl.c:1129) (configured timeouts: socketTimeoutMS: 20000.0ms, connectTimeoutMS: 20000.0ms)')>]>. Falling back to JSON.
20:46:11 - SearchConsoleAuditor - ERROR - Failed to save memory to MongoDB: SSL handshake failed: ac-8xlp2xc-shard-00-01.nc9rsuw.mongodb.net:27017: [SSL: TLSV1_ALERT_INTERNAL_ERROR] tlsv1 alert internal error (_ssl.c:1129) (configured timeouts: socketTimeoutMS: 20000.0ms, connectTimeoutMS: 20000.0ms),SSL handshake failed: ac-8xlp2xc-shard-00-02.nc9rsuw.mongodb.net:27017: [SSL: TLSV1_ALERT_INTERNAL_ERROR] tlsv1 alert internal error (_ssl.c:1129) (configured timeouts: socketTimeoutMS: 20000.0ms, connectTimeoutMS: 20000.0ms),SSL handshake failed: ac-8xlp2xc-shard-00-00.nc9rsuw.mongodb.net:27017: [SSL: TLSV1_ALERT_INTERNAL_ERROR] tlsv1 alert internal error (_ssl.c:1129) (configured timeouts: socketTimeoutMS: 20000.0ms, connectTimeoutMS: 20000.0ms), Timeout: 10.0s, Topology Description: <TopologyDescription id: 69e22f3fed403a7ca528fedf, topology_type: ReplicaSetNoPrimary, servers: [<ServerDescription ('ac-8xlp2xc-shard-00-00.nc9rsuw.mongodb.net', 27017) server_type: Unknown, rtt: None, error=AutoReconnect('SSL handshake failed: ac-8xlp2xc-shard-00-00.nc9rsuw.mongodb.net:27017: [SSL: TLSV1_ALERT_INTERNAL_ERROR] tlsv1 alert internal error (_ssl.c:1129) (configured timeouts: socketTimeoutMS: 20000.0ms, connectTimeoutMS: 20000.0ms)')>, <ServerDescription ('ac-8xlp2xc-shard-00-01.nc9rsuw.mongodb.net', 27017) server_type: Unknown, rtt: None, error=AutoReconnect('SSL handshake failed: ac-8xlp2xc-shard-00-01.nc9rsuw.mongodb.net:27017: [SSL: TLSV1_ALERT_INTERNAL_ERROR] tlsv1 alert internal error (_ssl.c:1129) (configured timeouts: socketTimeoutMS: 20000.0ms, connectTimeoutMS: 20000.0ms)')>, <ServerDescription ('ac-8xlp2xc-shard-00-02.nc9rsuw.mongodb.net', 27017) server_type: Unknown, rtt: None, error=AutoReconnect('SSL handshake failed: ac-8xlp2xc-shard-00-02.nc9rsuw.mongodb.net:27017: [SSL: TLSV1_ALERT_INTERNAL_ERROR] tlsv1 alert internal error (_ssl.c:1129) (configured timeouts: socketTimeoutMS: 20000.0ms, connectTimeoutMS: 20000.0ms)')>]>
20:46:11 - httpx - INFO - HTTP Request: POST https://tevdxaufsnpsbvvurddg.supabase.co/rest/v1/memory_store?on_conflict=id "HTTP/2 200 OK"
20:46:11 - AgentOrchestrator - INFO - Executing Tier 4: ['TargetingAgent', 'CreativityAgent', 'SwarmAgent_03_IMPROVE', 'SwarmAgent_10_IMPROVE', 'SwarmAgent_17_IMPROVE', 'SwarmAgent_24_IMPROVE', 'SwarmAgent_31_IMPROVE', 'SwarmAgent_38_IMPROVE', 'SwarmAgent_45_IMPROVE', 'SwarmAgent_52_IMPROVE', 'SwarmAgent_59_IMPROVE', 'SwarmAgent_66_IMPROVE', 'SwarmAgent_73_IMPROVE', 'SwarmAgent_80_IMPROVE', 'SwarmAgent_87_IMPROVE', 'SwarmAgent_94_IMPROVE']
20:46:11 - TargetingAgent - INFO - Building Google Optimized Audience Personas...
20:46:11 - CreativityAgent - INFO - Running Creativity Session...
20:46:11 - SwarmAgent_03_IMPROVE - INFO - [IMPROVE] Executing SEO Micro-task: Domain Research
20:46:11 - SwarmAgent_10_IMPROVE - INFO - [IMPROVE] Executing SEO Micro-task: Keyword Sync
20:46:11 - SwarmAgent_17_IMPROVE - INFO - [IMPROVE] Executing SEO Micro-task: Market Probe
20:46:11 - SwarmAgent_24_IMPROVE - INFO - [IMPROVE] Executing SEO Micro-task: SEO Audit
20:46:11 - SwarmAgent_31_IMPROVE - INFO - [IMPROVE] Executing SEO Micro-task: Market Probe
20:46:11 - SwarmAgent_38_IMPROVE - INFO - [IMPROVE] Executing SEO Micro-task: SEO Audit
20:46:11 - SwarmAgent_45_IMPROVE - INFO - [IMPROVE] Executing SEO Micro-task: Domain Research
20:46:11 - SwarmAgent_52_IMPROVE - INFO - [IMPROVE] Executing SEO Micro-task: SEO Audit
20:46:11 - SwarmAgent_59_IMPROVE - INFO - [IMPROVE] Executing SEO Micro-task: Keyword Sync
20:46:11 - SwarmAgent_66_IMPROVE - INFO - [IMPROVE] Executing SEO Micro-task: SEO Audit
20:46:11 - SwarmAgent_73_IMPROVE - INFO - [IMPROVE] Executing SEO Micro-task: Domain Research
20:46:11 - SwarmAgent_80_IMPROVE - INFO - [IMPROVE] Executing SEO Micro-task: Keyword Sync
20:46:11 - SwarmAgent_87_IMPROVE - INFO - [IMPROVE] Executing SEO Micro-task: Keyword Sync
20:46:11 - SwarmAgent_94_IMPROVE - INFO - [IMPROVE] Executing SEO Micro-task: Market Probe
20:46:21 - TargetingAgent - WARNING - Failed to load memory from MongoDB: SSL handshake failed: ac-8xlp2xc-shard-00-01.nc9rsuw.mongodb.net:27017: [SSL: TLSV1_ALERT_INTERNAL_ERROR] tlsv1 alert internal error (_ssl.c:1129) (configured timeouts: socketTimeoutMS: 20000.0ms, connectTimeoutMS: 20000.0ms),SSL handshake failed: ac-8xlp2xc-shard-00-02.nc9rsuw.mongodb.net:27017: [SSL: TLSV1_ALERT_INTERNAL_ERROR] tlsv1 alert internal error (_ssl.c:1129) (configured timeouts: socketTimeoutMS: 20000.0ms, connectTimeoutMS: 20000.0ms),SSL handshake failed: ac-8xlp2xc-shard-00-00.nc9rsuw.mongodb.net:27017: [SSL: TLSV1_ALERT_INTERNAL_ERROR] tlsv1 alert internal error (_ssl.c:1129) (configured timeouts: socketTimeoutMS: 20000.0ms, connectTimeoutMS: 20000.0ms), Timeout: 10.0s, Topology Description: <TopologyDescription id: 69e22f3fed403a7ca528fedf, topology_type: ReplicaSetNoPrimary, servers: [<ServerDescription ('ac-8xlp2xc-shard-00-00.nc9rsuw.mongodb.net', 27017) server_type: Unknown, rtt: None, error=AutoReconnect('SSL handshake failed: ac-8xlp2xc-shard-00-00.nc9rsuw.mongodb.net:27017: [SSL: TLSV1_ALERT_INTERNAL_ERROR] tlsv1 alert internal error (_ssl.c:1129) (configured timeouts: socketTimeoutMS: 20000.0ms, connectTimeoutMS: 20000.0ms)')>, <ServerDescription ('ac-8xlp2xc-shard-00-01.nc9rsuw.mongodb.net', 27017) server_type: Unknown, rtt: None, error=AutoReconnect('SSL handshake failed: ac-8xlp2xc-shard-00-01.nc9rsuw.mongodb.net:27017: [SSL: TLSV1_ALERT_INTERNAL_ERROR] tlsv1 alert internal error (_ssl.c:1129) (configured timeouts: socketTimeoutMS: 20000.0ms, connectTimeoutMS: 20000.0ms)')>, <ServerDescription ('ac-8xlp2xc-shard-00-02.nc9rsuw.mongodb.net', 27017) server_type: Unknown, rtt: None, error=AutoReconnect('SSL handshake failed: ac-8xlp2xc-shard-00-02.nc9rsuw.mongodb.net:27017: [SSL: TLSV1_ALERT_INTERNAL_ERROR] tlsv1 alert internal error (_ssl.c:1129) (configured timeouts: socketTimeoutMS: 20000.0ms, connectTimeoutMS: 20000.0ms)')>]>. Falling back to JSON.
20:46:31 - TargetingAgent - WARNING - Failed to load memory from MongoDB: SSL handshake failed: ac-8xlp2xc-shard-00-01.nc9rsuw.mongodb.net:27017: [SSL: TLSV1_ALERT_INTERNAL_ERROR] tlsv1 alert internal error (_ssl.c:1129) (configured timeouts: socketTimeoutMS: 20000.0ms, connectTimeoutMS: 20000.0ms),SSL handshake failed: ac-8xlp2xc-shard-00-02.nc9rsuw.mongodb.net:27017: [SSL: TLSV1_ALERT_INTERNAL_ERROR] tlsv1 alert internal error (_ssl.c:1129) (configured timeouts: socketTimeoutMS: 20000.0ms, connectTimeoutMS: 20000.0ms),SSL handshake failed: ac-8xlp2xc-shard-00-00.nc9rsuw.mongodb.net:27017: [SSL: TLSV1_ALERT_INTERNAL_ERROR] tlsv1 alert internal error (_ssl.c:1129) (configured timeouts: socketTimeoutMS: 20000.0ms, connectTimeoutMS: 20000.0ms), Timeout: 10.0s, Topology Description: <TopologyDescription id: 69e22f3fed403a7ca528fedf, topology_type: ReplicaSetNoPrimary, servers: [<ServerDescription ('ac-8xlp2xc-shard-00-00.nc9rsuw.mongodb.net', 27017) server_type: Unknown, rtt: None, error=AutoReconnect('SSL handshake failed: ac-8xlp2xc-shard-00-00.nc9rsuw.mongodb.net:27017: [SSL: TLSV1_ALERT_INTERNAL_ERROR] tlsv1 alert internal error (_ssl.c:1129) (configured timeouts: socketTimeoutMS: 20000.0ms, connectTimeoutMS: 20000.0ms)')>, <ServerDescription ('ac-8xlp2xc-shard-00-01.nc9rsuw.mongodb.net', 27017) server_type: Unknown, rtt: None, error=AutoReconnect('SSL handshake failed: ac-8xlp2xc-shard-00-01.nc9rsuw.mongodb.net:27017: [SSL: TLSV1_ALERT_INTERNAL_ERROR] tlsv1 alert internal error (_ssl.c:1129) (configured timeouts: socketTimeoutMS: 20000.0ms, connectTimeoutMS: 20000.0ms)')>, <ServerDescription ('ac-8xlp2xc-shard-00-02.nc9rsuw.mongodb.net', 27017) server_type: Unknown, rtt: None, error=AutoReconnect('SSL handshake failed: ac-8xlp2xc-shard-00-02.nc9rsuw.mongodb.net:27017: [SSL: TLSV1_ALERT_INTERNAL_ERROR] tlsv1 alert internal error (_ssl.c:1129) (configured timeouts: socketTimeoutMS: 20000.0ms, connectTimeoutMS: 20000.0ms)')>]>. Falling back to JSON.
20:46:41 - TargetingAgent - ERROR - Failed to save memory to MongoDB: SSL handshake failed: ac-8xlp2xc-shard-00-01.nc9rsuw.mongodb.net:27017: [SSL: TLSV1_ALERT_INTERNAL_ERROR] tlsv1 alert internal error (_ssl.c:1129) (configured timeouts: socketTimeoutMS: 20000.0ms, connectTimeoutMS: 20000.0ms),SSL handshake failed: ac-8xlp2xc-shard-00-02.nc9rsuw.mongodb.net:27017: [SSL: TLSV1_ALERT_INTERNAL_ERROR] tlsv1 alert internal error (_ssl.c:1129) (configured timeouts: socketTimeoutMS: 20000.0ms, connectTimeoutMS: 20000.0ms),SSL handshake failed: ac-8xlp2xc-shard-00-00.nc9rsuw.mongodb.net:27017: [SSL: TLSV1_ALERT_INTERNAL_ERROR] tlsv1 alert internal error (_ssl.c:1129) (configured timeouts: socketTimeoutMS: 20000.0ms, connectTimeoutMS: 20000.0ms), Timeout: 10.0s, Topology Description: <TopologyDescription id: 69e22f3fed403a7ca528fedf, topology_type: ReplicaSetNoPrimary, servers: [<ServerDescription ('ac-8xlp2xc-shard-00-00.nc9rsuw.mongodb.net', 27017) server_type: Unknown, rtt: None, error=AutoReconnect('SSL handshake failed: ac-8xlp2xc-shard-00-00.nc9rsuw.mongodb.net:27017: [SSL: TLSV1_ALERT_INTERNAL_ERROR] tlsv1 alert internal error (_ssl.c:1129) (configured timeouts: socketTimeoutMS: 20000.0ms, connectTimeoutMS: 20000.0ms)')>, <ServerDescription ('ac-8xlp2xc-shard-00-01.nc9rsuw.mongodb.net', 27017) server_type: Unknown, rtt: None, error=AutoReconnect('SSL handshake failed: ac-8xlp2xc-shard-00-01.nc9rsuw.mongodb.net:27017: [SSL: TLSV1_ALERT_INTERNAL_ERROR] tlsv1 alert internal error (_ssl.c:1129) (configured timeouts: socketTimeoutMS: 20000.0ms, connectTimeoutMS: 20000.0ms)')>, <ServerDescription ('ac-8xlp2xc-shard-00-02.nc9rsuw.mongodb.net', 27017) server_type: Unknown, rtt: None, error=AutoReconnect('SSL handshake failed: ac-8xlp2xc-shard-00-02.nc9rsuw.mongodb.net:27017: [SSL: TLSV1_ALERT_INTERNAL_ERROR] tlsv1 alert internal error (_ssl.c:1129) (configured timeouts: socketTimeoutMS: 20000.0ms, connectTimeoutMS: 20000.0ms)')>]>
20:46:42 - httpx - INFO - HTTP Request: POST https://tevdxaufsnpsbvvurddg.supabase.co/rest/v1/memory_store?on_conflict=id "HTTP/2 200 OK"
20:46:42 - TargetingAgent - INFO - Persona locked: AdTech Professional (Google Stack Focus) | Intent: Campaign Optimization & ROAS Growth
20:46:42 - AgentOrchestrator - INFO - Executing Tier 5: ['BidAgent', 'ContentAgent']
20:46:42 - BidAgent - INFO - Calculating Smart Bid Strategy (tROAS / tCPA)...
20:46:42 - ContentAgent - INFO - Generating Content...
20:46:52 - BidAgent - WARNING - Failed to load memory from MongoDB: SSL handshake failed: ac-8xlp2xc-shard-00-01.nc9rsuw.mongodb.net:27017: [SSL: TLSV1_ALERT_INTERNAL_ERROR] tlsv1 alert internal error (_ssl.c:1129) (configured timeouts: socketTimeoutMS: 20000.0ms, connectTimeoutMS: 20000.0ms),SSL handshake failed: ac-8xlp2xc-shard-00-02.nc9rsuw.mongodb.net:27017: [SSL: TLSV1_ALERT_INTERNAL_ERROR] tlsv1 alert internal error (_ssl.c:1129) (configured timeouts: socketTimeoutMS: 20000.0ms, connectTimeoutMS: 20000.0ms),SSL handshake failed: ac-8xlp2xc-shard-00-00.nc9rsuw.mongodb.net:27017: [SSL: TLSV1_ALERT_INTERNAL_ERROR] tlsv1 alert internal error (_ssl.c:1129) (configured timeouts: socketTimeoutMS: 20000.0ms, connectTimeoutMS: 20000.0ms), Timeout: 10.0s, Topology Description: <TopologyDescription id: 69e22f3fed403a7ca528fedf, topology_type: ReplicaSetNoPrimary, servers: [<ServerDescription ('ac-8xlp2xc-shard-00-00.nc9rsuw.mongodb.net', 27017) server_type: Unknown, rtt: None, error=AutoReconnect('SSL handshake failed: ac-8xlp2xc-shard-00-00.nc9rsuw.mongodb.net:27017: [SSL: TLSV1_ALERT_INTERNAL_ERROR] tlsv1 alert internal error (_ssl.c:1129) (configured timeouts: socketTimeoutMS: 20000.0ms, connectTimeoutMS: 20000.0ms)')>, <ServerDescription ('ac-8xlp2xc-shard-00-01.nc9rsuw.mongodb.net', 27017) server_type: Unknown, rtt: None, error=AutoReconnect('SSL handshake failed: ac-8xlp2xc-shard-00-01.nc9rsuw.mongodb.net:27017: [SSL: TLSV1_ALERT_INTERNAL_ERROR] tlsv1 alert internal error (_ssl.c:1129) (configured timeouts: socketTimeoutMS: 20000.0ms, connectTimeoutMS: 20000.0ms)')>, <ServerDescription ('ac-8xlp2xc-shard-00-02.nc9rsuw.mongodb.net', 27017) server_type: Unknown, rtt: None, error=AutoReconnect('SSL handshake failed: ac-8xlp2xc-shard-00-02.nc9rsuw.mongodb.net:27017: [SSL: TLSV1_ALERT_INTERNAL_ERROR] tlsv1 alert internal error (_ssl.c:1129) (configured timeouts: socketTimeoutMS: 20000.0ms, connectTimeoutMS: 20000.0ms)')>]>. Falling back to JSON.
20:47:02 - BidAgent - WARNING - Failed to load memory from MongoDB: SSL handshake failed: ac-8xlp2xc-shard-00-01.nc9rsuw.mongodb.net:27017: [SSL: TLSV1_ALERT_INTERNAL_ERROR] tlsv1 alert internal error (_ssl.c:1129) (configured timeouts: socketTimeoutMS: 20000.0ms, connectTimeoutMS: 20000.0ms),SSL handshake failed: ac-8xlp2xc-shard-00-02.nc9rsuw.mongodb.net:27017: [SSL: TLSV1_ALERT_INTERNAL_ERROR] tlsv1 alert internal error (_ssl.c:1129) (configured timeouts: socketTimeoutMS: 20000.0ms, connectTimeoutMS: 20000.0ms),SSL handshake failed: ac-8xlp2xc-shard-00-00.nc9rsuw.mongodb.net:27017: [SSL: TLSV1_ALERT_INTERNAL_ERROR] tlsv1 alert internal error (_ssl.c:1129) (configured timeouts: socketTimeoutMS: 20000.0ms, connectTimeoutMS: 20000.0ms), Timeout: 10.0s, Topology Description: <TopologyDescription id: 69e22f3fed403a7ca528fedf, topology_type: ReplicaSetNoPrimary, servers: [<ServerDescription ('ac-8xlp2xc-shard-00-00.nc9rsuw.mongodb.net', 27017) server_type: Unknown, rtt: None, error=AutoReconnect('SSL handshake failed: ac-8xlp2xc-shard-00-00.nc9rsuw.mongodb.net:27017: [SSL: TLSV1_ALERT_INTERNAL_ERROR] tlsv1 alert internal error (_ssl.c:1129) (configured timeouts: socketTimeoutMS: 20000.0ms, connectTimeoutMS: 20000.0ms)')>, <ServerDescription ('ac-8xlp2xc-shard-00-01.nc9rsuw.mongodb.net', 27017) server_type: Unknown, rtt: None, error=AutoReconnect('SSL handshake failed: ac-8xlp2xc-shard-00-01.nc9rsuw.mongodb.net:27017: [SSL: TLSV1_ALERT_INTERNAL_ERROR] tlsv1 alert internal error (_ssl.c:1129) (configured timeouts: socketTimeoutMS: 20000.0ms, connectTimeoutMS: 20000.0ms)')>, <ServerDescription ('ac-8xlp2xc-shard-00-02.nc9rsuw.mongodb.net', 27017) server_type: Unknown, rtt: None, error=AutoReconnect('SSL handshake failed: ac-8xlp2xc-shard-00-02.nc9rsuw.mongodb.net:27017: [SSL: TLSV1_ALERT_INTERNAL_ERROR] tlsv1 alert internal error (_ssl.c:1129) (configured timeouts: socketTimeoutMS: 20000.0ms, connectTimeoutMS: 20000.0ms)')>]>. Falling back to JSON.
20:47:12 - BidAgent - WARNING - Failed to load memory from MongoDB: SSL handshake failed: ac-8xlp2xc-shard-00-01.nc9rsuw.mongodb.net:27017: [SSL: TLSV1_ALERT_INTERNAL_ERROR] tlsv1 alert internal error (_ssl.c:1129) (configured timeouts: socketTimeoutMS: 20000.0ms, connectTimeoutMS: 20000.0ms),SSL handshake failed: ac-8xlp2xc-shard-00-02.nc9rsuw.mongodb.net:27017: [SSL: TLSV1_ALERT_INTERNAL_ERROR] tlsv1 alert internal error (_ssl.c:1129) (configured timeouts: socketTimeoutMS: 20000.0ms, connectTimeoutMS: 20000.0ms),SSL handshake failed: ac-8xlp2xc-shard-00-00.nc9rsuw.mongodb.net:27017: [SSL: TLSV1_ALERT_INTERNAL_ERROR] tlsv1 alert internal error (_ssl.c:1129) (configured timeouts: socketTimeoutMS: 20000.0ms, connectTimeoutMS: 20000.0ms), Timeout: 10.0s, Topology Description: <TopologyDescription id: 69e22f3fed403a7ca528fedf, topology_type: ReplicaSetNoPrimary, servers: [<ServerDescription ('ac-8xlp2xc-shard-00-00.nc9rsuw.mongodb.net', 27017) server_type: Unknown, rtt: None, error=AutoReconnect('SSL handshake failed: ac-8xlp2xc-shard-00-00.nc9rsuw.mongodb.net:27017: [SSL: TLSV1_ALERT_INTERNAL_ERROR] tlsv1 alert internal error (_ssl.c:1129) (configured timeouts: socketTimeoutMS: 20000.0ms, connectTimeoutMS: 20000.0ms)')>, <ServerDescription ('ac-8xlp2xc-shard-00-01.nc9rsuw.mongodb.net', 27017) server_type: Unknown, rtt: None, error=AutoReconnect('SSL handshake failed: ac-8xlp2xc-shard-00-01.nc9rsuw.mongodb.net:27017: [SSL: TLSV1_ALERT_INTERNAL_ERROR] tlsv1 alert internal error (_ssl.c:1129) (configured timeouts: socketTimeoutMS: 20000.0ms, connectTimeoutMS: 20000.0ms)')>, <ServerDescription ('ac-8xlp2xc-shard-00-02.nc9rsuw.mongodb.net', 27017) server_type: Unknown, rtt: None, error=AutoReconnect('SSL handshake failed: ac-8xlp2xc-shard-00-02.nc9rsuw.mongodb.net:27017: [SSL: TLSV1_ALERT_INTERNAL_ERROR] tlsv1 alert internal error (_ssl.c:1129) (configured timeouts: socketTimeoutMS: 20000.0ms, connectTimeoutMS: 20000.0ms)')>]>. Falling back to JSON.
20:47:22 - BidAgent - WARNING - Failed to load memory from MongoDB: SSL handshake failed: ac-8xlp2xc-shard-00-01.nc9rsuw.mongodb.net:27017: [SSL: TLSV1_ALERT_INTERNAL_ERROR] tlsv1 alert internal error (_ssl.c:1129) (configured timeouts: socketTimeoutMS: 20000.0ms, connectTimeoutMS: 20000.0ms),SSL handshake failed: ac-8xlp2xc-shard-00-02.nc9rsuw.mongodb.net:27017: [SSL: TLSV1_ALERT_INTERNAL_ERROR] tlsv1 alert internal error (_ssl.c:1129) (configured timeouts: socketTimeoutMS: 20000.0ms, connectTimeoutMS: 20000.0ms),SSL handshake failed: ac-8xlp2xc-shard-00-00.nc9rsuw.mongodb.net:27017: [SSL: TLSV1_ALERT_INTERNAL_ERROR] tlsv1 alert internal error (_ssl.c:1129) (configured timeouts: socketTimeoutMS: 20000.0ms, connectTimeoutMS: 20000.0ms), Timeout: 10.0s, Topology Description: <TopologyDescription id: 69e22f3fed403a7ca528fedf, topology_type: ReplicaSetNoPrimary, servers: [<ServerDescription ('ac-8xlp2xc-shard-00-00.nc9rsuw.mongodb.net', 27017) server_type: Unknown, rtt: None, error=AutoReconnect('SSL handshake failed: ac-8xlp2xc-shard-00-00.nc9rsuw.mongodb.net:27017: [SSL: TLSV1_ALERT_INTERNAL_ERROR] tlsv1 alert internal error (_ssl.c:1129) (configured timeouts: socketTimeoutMS: 20000.0ms, connectTimeoutMS: 20000.0ms)')>, <ServerDescription ('ac-8xlp2xc-shard-00-01.nc9rsuw.mongodb.net', 27017) server_type: Unknown, rtt: None, error=AutoReconnect('SSL handshake failed: ac-8xlp2xc-shard-00-01.nc9rsuw.mongodb.net:27017: [SSL: TLSV1_ALERT_INTERNAL_ERROR] tlsv1 alert internal error (_ssl.c:1129) (configured timeouts: socketTimeoutMS: 20000.0ms, connectTimeoutMS: 20000.0ms)')>, <ServerDescription ('ac-8xlp2xc-shard-00-02.nc9rsuw.mongodb.net', 27017) server_type: Unknown, rtt: None, error=AutoReconnect('SSL handshake failed: ac-8xlp2xc-shard-00-02.nc9rsuw.mongodb.net:27017: [SSL: TLSV1_ALERT_INTERNAL_ERROR] tlsv1 alert internal error (_ssl.c:1129) (configured timeouts: socketTimeoutMS: 20000.0ms, connectTimeoutMS: 20000.0ms)')>]>. Falling back to JSON.
20:47:33 - BidAgent - ERROR - Failed to save memory to MongoDB: SSL handshake failed: ac-8xlp2xc-shard-00-01.nc9rsuw.mongodb.net:27017: [SSL: TLSV1_ALERT_INTERNAL_ERROR] tlsv1 alert internal error (_ssl.c:1129) (configured timeouts: socketTimeoutMS: 20000.0ms, connectTimeoutMS: 20000.0ms),SSL handshake failed: ac-8xlp2xc-shard-00-02.nc9rsuw.mongodb.net:27017: [SSL: TLSV1_ALERT_INTERNAL_ERROR] tlsv1 alert internal error (_ssl.c:1129) (configured timeouts: socketTimeoutMS: 20000.0ms, connectTimeoutMS: 20000.0ms),SSL handshake failed: ac-8xlp2xc-shard-00-00.nc9rsuw.mongodb.net:27017: [SSL: TLSV1_ALERT_INTERNAL_ERROR] tlsv1 alert internal error (_ssl.c:1129) (configured timeouts: socketTimeoutMS: 20000.0ms, connectTimeoutMS: 20000.0ms), Timeout: 10.0s, Topology Description: <TopologyDescription id: 69e22f3fed403a7ca528fedf, topology_type: ReplicaSetNoPrimary, servers: [<ServerDescription ('ac-8xlp2xc-shard-00-00.nc9rsuw.mongodb.net', 27017) server_type: Unknown, rtt: None, error=AutoReconnect('SSL handshake failed: ac-8xlp2xc-shard-00-00.nc9rsuw.mongodb.net:27017: [SSL: TLSV1_ALERT_INTERNAL_ERROR] tlsv1 alert internal error (_ssl.c:1129) (configured timeouts: socketTimeoutMS: 20000.0ms, connectTimeoutMS: 20000.0ms)')>, <ServerDescription ('ac-8xlp2xc-shard-00-01.nc9rsuw.mongodb.net', 27017) server_type: Unknown, rtt: None, error=AutoReconnect('SSL handshake failed: ac-8xlp2xc-shard-00-01.nc9rsuw.mongodb.net:27017: [SSL: TLSV1_ALERT_INTERNAL_ERROR] tlsv1 alert internal error (_ssl.c:1129) (configured timeouts: socketTimeoutMS: 20000.0ms, connectTimeoutMS: 20000.0ms)')>, <ServerDescription ('ac-8xlp2xc-shard-00-02.nc9rsuw.mongodb.net', 27017) server_type: Unknown, rtt: None, error=AutoReconnect('SSL handshake failed: ac-8xlp2xc-shard-00-02.nc9rsuw.mongodb.net:27017: [SSL: TLSV1_ALERT_INTERNAL_ERROR] tlsv1 alert internal error (_ssl.c:1129) (configured timeouts: socketTimeoutMS: 20000.0ms, connectTimeoutMS: 20000.0ms)')>]>
20:47:33 - httpx - INFO - HTTP Request: POST https://tevdxaufsnpsbvvurddg.supabase.co/rest/v1/memory_store?on_conflict=id "HTTP/2 200 OK"
20:47:43 - BidAgent - WARNING - Failed to load memory from MongoDB: SSL handshake failed: ac-8xlp2xc-shard-00-01.nc9rsuw.mongodb.net:27017: [SSL: TLSV1_ALERT_INTERNAL_ERROR] tlsv1 alert internal error (_ssl.c:1129) (configured timeouts: socketTimeoutMS: 20000.0ms, connectTimeoutMS: 20000.0ms),SSL handshake failed: ac-8xlp2xc-shard-00-02.nc9rsuw.mongodb.net:27017: [SSL: TLSV1_ALERT_INTERNAL_ERROR] tlsv1 alert internal error (_ssl.c:1129) (configured timeouts: socketTimeoutMS: 20000.0ms, connectTimeoutMS: 20000.0ms),SSL handshake failed: ac-8xlp2xc-shard-00-00.nc9rsuw.mongodb.net:27017: [SSL: TLSV1_ALERT_INTERNAL_ERROR] tlsv1 alert internal error (_ssl.c:1129) (configured timeouts: socketTimeoutMS: 20000.0ms, connectTimeoutMS: 20000.0ms), Timeout: 10.0s, Topology Description: <TopologyDescription id: 69e22f3fed403a7ca528fedf, topology_type: ReplicaSetNoPrimary, servers: [<ServerDescription ('ac-8xlp2xc-shard-00-00.nc9rsuw.mongodb.net', 27017) server_type: Unknown, rtt: None, error=AutoReconnect('SSL handshake failed: ac-8xlp2xc-shard-00-00.nc9rsuw.mongodb.net:27017: [SSL: TLSV1_ALERT_INTERNAL_ERROR] tlsv1 alert internal error (_ssl.c:1129) (configured timeouts: socketTimeoutMS: 20000.0ms, connectTimeoutMS: 20000.0ms)')>, <ServerDescription ('ac-8xlp2xc-shard-00-01.nc9rsuw.mongodb.net', 27017) server_type: Unknown, rtt: None, error=AutoReconnect('SSL handshake failed: ac-8xlp2xc-shard-00-01.nc9rsuw.mongodb.net:27017: [SSL: TLSV1_ALERT_INTERNAL_ERROR] tlsv1 alert internal error (_ssl.c:1129) (configured timeouts: socketTimeoutMS: 20000.0ms, connectTimeoutMS: 20000.0ms)')>, <ServerDescription ('ac-8xlp2xc-shard-00-02.nc9rsuw.mongodb.net', 27017) server_type: Unknown, rtt: None, error=AutoReconnect('SSL handshake failed: ac-8xlp2xc-shard-00-02.nc9rsuw.mongodb.net:27017: [SSL: TLSV1_ALERT_INTERNAL_ERROR] tlsv1 alert internal error (_ssl.c:1129) (configured timeouts: socketTimeoutMS: 20000.0ms, connectTimeoutMS: 20000.0ms)')>]>. Falling back to JSON.
20:47:53 - BidAgent - ERROR - Failed to save memory to MongoDB: SSL handshake failed: ac-8xlp2xc-shard-00-01.nc9rsuw.mongodb.net:27017: [SSL: TLSV1_ALERT_INTERNAL_ERROR] tlsv1 alert internal error (_ssl.c:1129) (configured timeouts: socketTimeoutMS: 20000.0ms, connectTimeoutMS: 20000.0ms),SSL handshake failed: ac-8xlp2xc-shard-00-02.nc9rsuw.mongodb.net:27017: [SSL: TLSV1_ALERT_INTERNAL_ERROR] tlsv1 alert internal error (_ssl.c:1129) (configured timeouts: socketTimeoutMS: 20000.0ms, connectTimeoutMS: 20000.0ms),SSL handshake failed: ac-8xlp2xc-shard-00-00.nc9rsuw.mongodb.net:27017: [SSL: TLSV1_ALERT_INTERNAL_ERROR] tlsv1 alert internal error (_ssl.c:1129) (configured timeouts: socketTimeoutMS: 20000.0ms, connectTimeoutMS: 20000.0ms), Timeout: 10.0s, Topology Description: <TopologyDescription id: 69e22f3fed403a7ca528fedf, topology_type: ReplicaSetNoPrimary, servers: [<ServerDescription ('ac-8xlp2xc-shard-00-00.nc9rsuw.mongodb.net', 27017) server_type: Unknown, rtt: None, error=AutoReconnect('SSL handshake failed: ac-8xlp2xc-shard-00-00.nc9rsuw.mongodb.net:27017: [SSL: TLSV1_ALERT_INTERNAL_ERROR] tlsv1 alert internal error (_ssl.c:1129) (configured timeouts: socketTimeoutMS: 20000.0ms, connectTimeoutMS: 20000.0ms)')>, <ServerDescription ('ac-8xlp2xc-shard-00-01.nc9rsuw.mongodb.net', 27017) server_type: Unknown, rtt: None, error=AutoReconnect('SSL handshake failed: ac-8xlp2xc-shard-00-01.nc9rsuw.mongodb.net:27017: [SSL: TLSV1_ALERT_INTERNAL_ERROR] tlsv1 alert internal error (_ssl.c:1129) (configured timeouts: socketTimeoutMS: 20000.0ms, connectTimeoutMS: 20000.0ms)')>, <ServerDescription ('ac-8xlp2xc-shard-00-02.nc9rsuw.mongodb.net', 27017) server_type: Unknown, rtt: None, error=AutoReconnect('SSL handshake failed: ac-8xlp2xc-shard-00-02.nc9rsuw.mongodb.net:27017: [SSL: TLSV1_ALERT_INTERNAL_ERROR] tlsv1 alert internal error (_ssl.c:1129) (configured timeouts: socketTimeoutMS: 20000.0ms, connectTimeoutMS: 20000.0ms)')>]>
20:47:53 - httpx - INFO - HTTP Request: POST https://tevdxaufsnpsbvvurddg.supabase.co/rest/v1/memory_store?on_conflict=id "HTTP/2 200 OK"
20:48:04 - BidAgent - WARNING - Failed to load memory from MongoDB: SSL handshake failed: ac-8xlp2xc-shard-00-01.nc9rsuw.mongodb.net:27017: [SSL: TLSV1_ALERT_INTERNAL_ERROR] tlsv1 alert internal error (_ssl.c:1129) (configured timeouts: socketTimeoutMS: 20000.0ms, connectTimeoutMS: 20000.0ms),SSL handshake failed: ac-8xlp2xc-shard-00-02.nc9rsuw.mongodb.net:27017: [SSL: TLSV1_ALERT_INTERNAL_ERROR] tlsv1 alert internal error (_ssl.c:1129) (configured timeouts: socketTimeoutMS: 20000.0ms, connectTimeoutMS: 20000.0ms),SSL handshake failed: ac-8xlp2xc-shard-00-00.nc9rsuw.mongodb.net:27017: [SSL: TLSV1_ALERT_INTERNAL_ERROR] tlsv1 alert internal error (_ssl.c:1129) (configured timeouts: socketTimeoutMS: 20000.0ms, connectTimeoutMS: 20000.0ms), Timeout: 10.0s, Topology Description: <TopologyDescription id: 69e22f3fed403a7ca528fedf, topology_type: ReplicaSetNoPrimary, servers: [<ServerDescription ('ac-8xlp2xc-shard-00-00.nc9rsuw.mongodb.net', 27017) server_type: Unknown, rtt: None, error=AutoReconnect('SSL handshake failed: ac-8xlp2xc-shard-00-00.nc9rsuw.mongodb.net:27017: [SSL: TLSV1_ALERT_INTERNAL_ERROR] tlsv1 alert internal error (_ssl.c:1129) (configured timeouts: socketTimeoutMS: 20000.0ms, connectTimeoutMS: 20000.0ms)')>, <ServerDescription ('ac-8xlp2xc-shard-00-01.nc9rsuw.mongodb.net', 27017) server_type: Unknown, rtt: None, error=AutoReconnect('SSL handshake failed: ac-8xlp2xc-shard-00-01.nc9rsuw.mongodb.net:27017: [SSL: TLSV1_ALERT_INTERNAL_ERROR] tlsv1 alert internal error (_ssl.c:1129) (configured timeouts: socketTimeoutMS: 20000.0ms, connectTimeoutMS: 20000.0ms)')>, <ServerDescription ('ac-8xlp2xc-shard-00-02.nc9rsuw.mongodb.net', 27017) server_type: Unknown, rtt: None, error=AutoReconnect('SSL handshake failed: ac-8xlp2xc-shard-00-02.nc9rsuw.mongodb.net:27017: [SSL: TLSV1_ALERT_INTERNAL_ERROR] tlsv1 alert internal error (_ssl.c:1129) (configured timeouts: socketTimeoutMS: 20000.0ms, connectTimeoutMS: 20000.0ms)')>]>. Falling back to JSON.
20:48:14 - BidAgent - ERROR - Failed to save memory to MongoDB: SSL handshake failed: ac-8xlp2xc-shard-00-01.nc9rsuw.mongodb.net:27017: [SSL: TLSV1_ALERT_INTERNAL_ERROR] tlsv1 alert internal error (_ssl.c:1129) (configured timeouts: socketTimeoutMS: 20000.0ms, connectTimeoutMS: 20000.0ms),SSL handshake failed: ac-8xlp2xc-shard-00-02.nc9rsuw.mongodb.net:27017: [SSL: TLSV1_ALERT_INTERNAL_ERROR] tlsv1 alert internal error (_ssl.c:1129) (configured timeouts: socketTimeoutMS: 20000.0ms, connectTimeoutMS: 20000.0ms),SSL handshake failed: ac-8xlp2xc-shard-00-00.nc9rsuw.mongodb.net:27017: [SSL: TLSV1_ALERT_INTERNAL_ERROR] tlsv1 alert internal error (_ssl.c:1129) (configured timeouts: socketTimeoutMS: 20000.0ms, connectTimeoutMS: 20000.0ms), Timeout: 10.0s, Topology Description: <TopologyDescription id: 69e22f3fed403a7ca528fedf, topology_type: ReplicaSetNoPrimary, servers: [<ServerDescription ('ac-8xlp2xc-shard-00-00.nc9rsuw.mongodb.net', 27017) server_type: Unknown, rtt: None, error=AutoReconnect('SSL handshake failed: ac-8xlp2xc-shard-00-00.nc9rsuw.mongodb.net:27017: [SSL: TLSV1_ALERT_INTERNAL_ERROR] tlsv1 alert internal error (_ssl.c:1129) (configured timeouts: socketTimeoutMS: 20000.0ms, connectTimeoutMS: 20000.0ms)')>, <ServerDescription ('ac-8xlp2xc-shard-00-01.nc9rsuw.mongodb.net', 27017) server_type: Unknown, rtt: None, error=AutoReconnect('SSL handshake failed: ac-8xlp2xc-shard-00-01.nc9rsuw.mongodb.net:27017: [SSL: TLSV1_ALERT_INTERNAL_ERROR] tlsv1 alert internal error (_ssl.c:1129) (configured timeouts: socketTimeoutMS: 20000.0ms, connectTimeoutMS: 20000.0ms)')>, <ServerDescription ('ac-8xlp2xc-shard-00-02.nc9rsuw.mongodb.net', 27017) server_type: Unknown, rtt: None, error=AutoReconnect('SSL handshake failed: ac-8xlp2xc-shard-00-02.nc9rsuw.mongodb.net:27017: [SSL: TLSV1_ALERT_INTERNAL_ERROR] tlsv1 alert internal error (_ssl.c:1129) (configured timeouts: socketTimeoutMS: 20000.0ms, connectTimeoutMS: 20000.0ms)')>]>
20:48:14 - httpx - INFO - HTTP Request: POST https://tevdxaufsnpsbvvurddg.supabase.co/rest/v1/memory_store?on_conflict=id "HTTP/2 200 OK"
20:48:14 - BidAgent - INFO - Strategy: Target CPA — PROTECT_BUDGET | CPM: €0.59 | tROAS: 4.0x | tCPA: €193.63
20:48:14 - AgentOrchestrator - INFO - Executing Tier 6: ['AdsAgent', 'MonetizationAgent', 'SwarmAgent_04_CONTROL', 'SwarmAgent_11_CONTROL', 'SwarmAgent_18_CONTROL', 'SwarmAgent_25_CONTROL', 'SwarmAgent_32_CONTROL', 'SwarmAgent_39_CONTROL', 'SwarmAgent_46_CONTROL', 'SwarmAgent_53_CONTROL', 'SwarmAgent_60_CONTROL', 'SwarmAgent_67_CONTROL', 'SwarmAgent_74_CONTROL', 'SwarmAgent_81_CONTROL', 'SwarmAgent_88_CONTROL', 'SwarmAgent_95_CONTROL']
20:48:14 - AdsAgent - INFO - Generating Performance Max Asset Groups & Ad Campaigns...
20:48:14 - TelemetryManager - INFO - [TELEMETRY] AdsAgent emitted AD_STRATEGY_GENERATION for AD_ADS_ADVERTISE
20:48:14 - AdsAgent - INFO - Generated 3 standard ads + PMax group 'PMax_Group_AdTech_Professi' (8 headlines, signal: BUILDING)
20:48:14 - MonetizationAgent - INFO - Running Monetization Analysis...
20:48:14 - SwarmAgent_04_CONTROL - INFO - [CONTROL] Executing SEO Micro-task: SEO Audit
20:48:14 - SwarmAgent_11_CONTROL - INFO - [CONTROL] Executing SEO Micro-task: SEO Audit
20:48:14 - SwarmAgent_18_CONTROL - INFO - [CONTROL] Executing SEO Micro-task: Keyword Sync
20:48:14 - SwarmAgent_25_CONTROL - INFO - [CONTROL] Executing SEO Micro-task: Market Probe
20:48:14 - SwarmAgent_32_CONTROL - INFO - [CONTROL] Executing SEO Micro-task: Market Probe
20:48:14 - SwarmAgent_39_CONTROL - INFO - [CONTROL] Executing SEO Micro-task: Domain Research
20:48:14 - SwarmAgent_46_CONTROL - INFO - [CONTROL] Executing SEO Micro-task: Keyword Sync
20:48:14 - SwarmAgent_53_CONTROL - INFO - [CONTROL] Executing SEO Micro-task: Market Probe
20:48:14 - SwarmAgent_60_CONTROL - INFO - [CONTROL] Executing SEO Micro-task: Domain Research
20:48:14 - SwarmAgent_67_CONTROL - INFO - [CONTROL] Executing SEO Micro-task: Market Probe
20:48:14 - SwarmAgent_74_CONTROL - INFO - [CONTROL] Executing SEO Micro-task: Keyword Sync
20:48:14 - SwarmAgent_81_CONTROL - INFO - [CONTROL] Executing SEO Micro-task: Market Probe
20:48:14 - SwarmAgent_88_CONTROL - INFO - [CONTROL] Executing SEO Micro-task: Market Probe
20:48:14 - SwarmAgent_95_CONTROL - INFO - [CONTROL] Executing SEO Micro-task: Market Probe
20:48:14 - AgentOrchestrator - INFO - Executing Tier 7: ['AutonomousIntelligenceAgent']
20:48:14 - httpx - INFO - HTTP Request: POST https://tevdxaufsnpsbvvurddg.supabase.co/rest/v1/telemetry?columns=%22id%22%2C%22event_data%22%2C%22recorded_at%22 "HTTP/2 201 Created"
20:48:14 - AutonomousIntelligenceAgent - INFO - Overseeing Ecosystem...
20:48:24 - TelemetryManager - WARNING - MongoDB telemetry sync failed: SSL handshake failed: ac-8xlp2xc-shard-00-01.nc9rsuw.mongodb.net:27017: [SSL: TLSV1_ALERT_INTERNAL_ERROR] tlsv1 alert internal error (_ssl.c:1129) (configured timeouts: socketTimeoutMS: 20000.0ms, connectTimeoutMS: 20000.0ms),SSL handshake failed: ac-8xlp2xc-shard-00-02.nc9rsuw.mongodb.net:27017: [SSL: TLSV1_ALERT_INTERNAL_ERROR] tlsv1 alert internal error (_ssl.c:1129) (configured timeouts: socketTimeoutMS: 20000.0ms, connectTimeoutMS: 20000.0ms),SSL handshake failed: ac-8xlp2xc-shard-00-00.nc9rsuw.mongodb.net:27017: [SSL: TLSV1_ALERT_INTERNAL_ERROR] tlsv1 alert internal error (_ssl.c:1129) (configured timeouts: socketTimeoutMS: 20000.0ms, connectTimeoutMS: 20000.0ms), Timeout: 10.0s, Topology Description: <TopologyDescription id: 69e22f3fed403a7ca528fedf, topology_type: ReplicaSetNoPrimary, servers: [<ServerDescription ('ac-8xlp2xc-shard-00-00.nc9rsuw.mongodb.net', 27017) server_type: Unknown, rtt: None, error=AutoReconnect('SSL handshake failed: ac-8xlp2xc-shard-00-00.nc9rsuw.mongodb.net:27017: [SSL: TLSV1_ALERT_INTERNAL_ERROR] tlsv1 alert internal error (_ssl.c:1129) (configured timeouts: socketTimeoutMS: 20000.0ms, connectTimeoutMS: 20000.0ms)')>, <ServerDescription ('ac-8xlp2xc-shard-00-01.nc9rsuw.mongodb.net', 27017) server_type: Unknown, rtt: None, error=AutoReconnect('SSL handshake failed: ac-8xlp2xc-shard-00-01.nc9rsuw.mongodb.net:27017: [SSL: TLSV1_ALERT_INTERNAL_ERROR] tlsv1 alert internal error (_ssl.c:1129) (configured timeouts: socketTimeoutMS: 20000.0ms, connectTimeoutMS: 20000.0ms)')>, <ServerDescription ('ac-8xlp2xc-shard-00-02.nc9rsuw.mongodb.net', 27017) server_type: Unknown, rtt: None, error=AutoReconnect('SSL handshake failed: ac-8xlp2xc-shard-00-02.nc9rsuw.mongodb.net:27017: [SSL: TLSV1_ALERT_INTERNAL_ERROR] tlsv1 alert internal error (_ssl.c:1129) (configured timeouts: socketTimeoutMS: 20000.0ms, connectTimeoutMS: 20000.0ms)')>]>
20:48:24 - AutonomousIntelligenceAgent - WARNING - Failed to load memory from MongoDB: SSL handshake failed: ac-8xlp2xc-shard-00-01.nc9rsuw.mongodb.net:27017: [SSL: TLSV1_ALERT_INTERNAL_ERROR] tlsv1 alert internal error (_ssl.c:1129) (configured timeouts: socketTimeoutMS: 20000.0ms, connectTimeoutMS: 20000.0ms),SSL handshake failed: ac-8xlp2xc-shard-00-02.nc9rsuw.mongodb.net:27017: [SSL: TLSV1_ALERT_INTERNAL_ERROR] tlsv1 alert internal error (_ssl.c:1129) (configured timeouts: socketTimeoutMS: 20000.0ms, connectTimeoutMS: 20000.0ms),SSL handshake failed: ac-8xlp2xc-shard-00-00.nc9rsuw.mongodb.net:27017: [SSL: TLSV1_ALERT_INTERNAL_ERROR] tlsv1 alert internal error (_ssl.c:1129) (configured timeouts: socketTimeoutMS: 20000.0ms, connectTimeoutMS: 20000.0ms), Timeout: 10.0s, Topology Description: <TopologyDescription id: 69e22f3fed403a7ca528fedf, topology_type: ReplicaSetNoPrimary, servers: [<ServerDescription ('ac-8xlp2xc-shard-00-00.nc9rsuw.mongodb.net', 27017) server_type: Unknown, rtt: None, error=AutoReconnect('SSL handshake failed: ac-8xlp2xc-shard-00-00.nc9rsuw.mongodb.net:27017: [SSL: TLSV1_ALERT_INTERNAL_ERROR] tlsv1 alert internal error (_ssl.c:1129) (configured timeouts: socketTimeoutMS: 20000.0ms, connectTimeoutMS: 20000.0ms)')>, <ServerDescription ('ac-8xlp2xc-shard-00-01.nc9rsuw.mongodb.net', 27017) server_type: Unknown, rtt: None, error=AutoReconnect('SSL handshake failed: ac-8xlp2xc-shard-00-01.nc9rsuw.mongodb.net:27017: [SSL: TLSV1_ALERT_INTERNAL_ERROR] tlsv1 alert internal error (_ssl.c:1129) (configured timeouts: socketTimeoutMS: 20000.0ms, connectTimeoutMS: 20000.0ms)')>, <ServerDescription ('ac-8xlp2xc-shard-00-02.nc9rsuw.mongodb.net', 27017) server_type: Unknown, rtt: None, error=AutoReconnect('SSL handshake failed: ac-8xlp2xc-shard-00-02.nc9rsuw.mongodb.net:27017: [SSL: TLSV1_ALERT_INTERNAL_ERROR] tlsv1 alert internal error (_ssl.c:1129) (configured timeouts: socketTimeoutMS: 20000.0ms, connectTimeoutMS: 20000.0ms)')>]>. Falling back to JSON.
20:48:34 - AutonomousIntelligenceAgent - ERROR - Failed to save memory to MongoDB: SSL handshake failed: ac-8xlp2xc-shard-00-01.nc9rsuw.mongodb.net:27017: [SSL: TLSV1_ALERT_INTERNAL_ERROR] tlsv1 alert internal error (_ssl.c:1129) (configured timeouts: socketTimeoutMS: 20000.0ms, connectTimeoutMS: 20000.0ms),SSL handshake failed: ac-8xlp2xc-shard-00-02.nc9rsuw.mongodb.net:27017: [SSL: TLSV1_ALERT_INTERNAL_ERROR] tlsv1 alert internal error (_ssl.c:1129) (configured timeouts: socketTimeoutMS: 20000.0ms, connectTimeoutMS: 20000.0ms),SSL handshake failed: ac-8xlp2xc-shard-00-00.nc9rsuw.mongodb.net:27017: [SSL: TLSV1_ALERT_INTERNAL_ERROR] tlsv1 alert internal error (_ssl.c:1129) (configured timeouts: socketTimeoutMS: 20000.0ms, connectTimeoutMS: 20000.0ms), Timeout: 10.0s, Topology Description: <TopologyDescription id: 69e22f3fed403a7ca528fedf, topology_type: ReplicaSetNoPrimary, servers: [<ServerDescription ('ac-8xlp2xc-shard-00-00.nc9rsuw.mongodb.net', 27017) server_type: Unknown, rtt: None, error=AutoReconnect('SSL handshake failed: ac-8xlp2xc-shard-00-00.nc9rsuw.mongodb.net:27017: [SSL: TLSV1_ALERT_INTERNAL_ERROR] tlsv1 alert internal error (_ssl.c:1129) (configured timeouts: socketTimeoutMS: 20000.0ms, connectTimeoutMS: 20000.0ms)')>, <ServerDescription ('ac-8xlp2xc-shard-00-01.nc9rsuw.mongodb.net', 27017) server_type: Unknown, rtt: None, error=AutoReconnect('SSL handshake failed: ac-8xlp2xc-shard-00-01.nc9rsuw.mongodb.net:27017: [SSL: TLSV1_ALERT_INTERNAL_ERROR] tlsv1 alert internal error (_ssl.c:1129) (configured timeouts: socketTimeoutMS: 20000.0ms, connectTimeoutMS: 20000.0ms)')>, <ServerDescription ('ac-8xlp2xc-shard-00-02.nc9rsuw.mongodb.net', 27017) server_type: Unknown, rtt: None, error=AutoReconnect('SSL handshake failed: ac-8xlp2xc-shard-00-02.nc9rsuw.mongodb.net:27017: [SSL: TLSV1_ALERT_INTERNAL_ERROR] tlsv1 alert internal error (_ssl.c:1129) (configured timeouts: socketTimeoutMS: 20000.0ms, connectTimeoutMS: 20000.0ms)')>]>
20:48:35 - httpx - INFO - HTTP Request: POST https://tevdxaufsnpsbvvurddg.supabase.co/rest/v1/memory_store?on_conflict=id "HTTP/2 200 OK"
20:48:35 - AgentOrchestrator - INFO - Executing Tier 8: ['TelemetryAgent']
20:48:35 - TelemetryAgent - INFO - Synthesizing Market Data Structural Telemetry & External World Connectivity...
20:48:35 - AgentOrchestrator - INFO - Executing Tier 9: ['SixSigmaChampion']
20:48:35 - SixSigmaChampion - INFO - Governing Six Belt Sigma SEO Process...
20:48:35 - AgentOrchestrator - INFO - Executing Tier 10: ['Architect', 'CEO_Backup_00', 'CEO_Backup_01', 'CEO_Backup_02', 'CEO_Backup_03', 'AutonomyExpertImbued', 'SwiftEvolutionExpertImbued']
20:48:35 - Architect - INFO - Analyzing system architecture for daily improvements...
20:48:35 - Architect - INFO - Reviewing proposal from SwarmAgent_06_AD_TECH_PROBE: {'seo_impact_threshold': 0.48}
20:48:35 - Architect - INFO - Reviewing proposal from SwarmAgent_07_DEFINE: {'seo_impact_threshold': 0.48}
20:48:35 - Architect - INFO - Reviewing proposal from SwarmAgent_12_RESEARCH_WORLD: {'seo_impact_threshold': 0.48}
20:48:35 - Architect - INFO - Reviewing proposal from SwarmAgent_13_AD_TECH_PROBE: {'seo_impact_threshold': 0.48}
20:48:35 - Architect - INFO - Reviewing proposal from SwarmAgent_14_DEFINE: {'seo_impact_threshold': 0.48}
20:48:35 - Architect - INFO - Reviewing proposal from SwarmAgent_19_RESEARCH_WORLD: {'seo_impact_threshold': 0.48}
20:48:35 - Architect - INFO - Reviewing proposal from SwarmAgent_27_AD_TECH_PROBE: {'seo_impact_threshold': 0.48}
20:48:35 - Architect - INFO - Reviewing proposal from SwarmAgent_33_RESEARCH_WORLD: {'seo_impact_threshold': 0.48}
20:48:35 - Architect - INFO - Reviewing proposal from SwarmAgent_34_AD_TECH_PROBE: {'seo_impact_threshold': 0.48}
20:48:35 - Architect - INFO - Reviewing proposal from SwarmAgent_35_DEFINE: {'seo_impact_threshold': 0.48}
20:48:35 - Architect - INFO - Reviewing proposal from SwarmAgent_55_AD_TECH_PROBE: {'seo_impact_threshold': 0.48}
20:48:35 - Architect - INFO - Reviewing proposal from SwarmAgent_61_RESEARCH_WORLD: {'seo_impact_threshold': 0.48}
20:48:35 - Architect - INFO - Reviewing proposal from SwarmAgent_62_AD_TECH_PROBE: {'seo_impact_threshold': 0.48}
20:48:35 - Architect - INFO - Reviewing proposal from SwarmAgent_63_DEFINE: {'seo_impact_threshold': 0.48}
20:48:35 - Architect - INFO - Reviewing proposal from SwarmAgent_68_RESEARCH_WORLD: {'seo_impact_threshold': 0.48}
20:48:35 - Architect - INFO - Reviewing proposal from SwarmAgent_70_DEFINE: {'seo_impact_threshold': 0.48}
20:48:35 - Architect - INFO - Reviewing proposal from SwarmAgent_75_RESEARCH_WORLD: {'seo_impact_threshold': 0.48}
20:48:35 - Architect - INFO - Reviewing proposal from SwarmAgent_76_AD_TECH_PROBE: {'seo_impact_threshold': 0.48}
20:48:35 - Architect - INFO - Reviewing proposal from SwarmAgent_77_DEFINE: {'seo_impact_threshold': 0.48}
20:48:35 - Architect - INFO - Reviewing proposal from SwarmAgent_82_RESEARCH_WORLD: {'seo_impact_threshold': 0.48}
20:48:35 - Architect - INFO - Reviewing proposal from SwarmAgent_83_AD_TECH_PROBE: {'seo_impact_threshold': 0.48}
20:48:35 - Architect - INFO - Reviewing proposal from SwarmAgent_84_DEFINE: {'seo_impact_threshold': 0.48}
20:48:35 - Architect - INFO - Reviewing proposal from SwarmAgent_89_RESEARCH_WORLD: {'seo_impact_threshold': 0.48}
20:48:35 - Architect - INFO - Reviewing proposal from SwarmAgent_97_AD_TECH_PROBE: {'seo_impact_threshold': 0.48}
20:48:35 - Architect - INFO - Reviewing proposal from SwarmAgent_98_DEFINE: {'seo_impact_threshold': 0.48}
20:48:35 - Architect - INFO - Reviewing proposal from SwarmAgent_01_MEASURE: {'seo_impact_threshold': 0.48}
20:48:35 - Architect - INFO - Reviewing proposal from SwarmAgent_16_ANALYZE: {'seo_impact_threshold': 0.48}
20:48:35 - Architect - INFO - Reviewing proposal from SwarmAgent_22_MEASURE: {'seo_impact_threshold': 0.48}
20:48:35 - Architect - INFO - Reviewing proposal from SwarmAgent_23_ANALYZE: {'seo_impact_threshold': 0.48}
20:48:35 - Architect - INFO - Reviewing proposal from SwarmAgent_30_ANALYZE: {'seo_impact_threshold': 0.48}
20:48:35 - Architect - INFO - Reviewing proposal from SwarmAgent_36_MEASURE: {'seo_impact_threshold': 0.48}
20:48:35 - Architect - INFO - Reviewing proposal from SwarmAgent_37_ANALYZE: {'seo_impact_threshold': 0.48}
20:48:35 - Architect - INFO - Reviewing proposal from SwarmAgent_43_MEASURE: {'seo_impact_threshold': 0.48}
20:48:35 - Architect - INFO - Reviewing proposal from SwarmAgent_44_ANALYZE: {'seo_impact_threshold': 0.48}
20:48:35 - Architect - INFO - Reviewing proposal from SwarmAgent_71_MEASURE: {'seo_impact_threshold': 0.48}
20:48:35 - Architect - INFO - Reviewing proposal from SwarmAgent_72_ANALYZE: {'seo_impact_threshold': 0.48}
20:48:35 - Architect - INFO - Reviewing proposal from SwarmAgent_78_MEASURE: {'seo_impact_threshold': 0.48}
20:48:35 - Architect - INFO - Reviewing proposal from SwarmAgent_79_ANALYZE: {'seo_impact_threshold': 0.48}
20:48:35 - Architect - INFO - Reviewing proposal from SwarmAgent_85_MEASURE: {'seo_impact_threshold': 0.48}
20:48:35 - Architect - INFO - Reviewing proposal from SwarmAgent_92_MEASURE: {'seo_impact_threshold': 0.48}
20:48:35 - Architect - INFO - Reviewing proposal from SwarmAgent_93_ANALYZE: {'seo_impact_threshold': 0.48}
20:48:35 - Architect - INFO - Reviewing proposal from SwarmAgent_03_IMPROVE: {'seo_impact_threshold': 0.48}
20:48:35 - Architect - INFO - Reviewing proposal from SwarmAgent_10_IMPROVE: {'seo_impact_threshold': 0.48}
20:48:35 - Architect - INFO - Reviewing proposal from SwarmAgent_17_IMPROVE: {'seo_impact_threshold': 0.48}
20:48:35 - Architect - INFO - Reviewing proposal from SwarmAgent_45_IMPROVE: {'seo_impact_threshold': 0.48}
20:48:35 - Architect - INFO - Reviewing proposal from SwarmAgent_52_IMPROVE: {'seo_impact_threshold': 0.48}
20:48:35 - Architect - INFO - Reviewing proposal from SwarmAgent_59_IMPROVE: {'seo_impact_threshold': 0.48}
20:48:35 - Architect - INFO - Reviewing proposal from SwarmAgent_73_IMPROVE: {'seo_impact_threshold': 0.48}
20:48:35 - Architect - INFO - Reviewing proposal from SwarmAgent_87_IMPROVE: {'seo_impact_threshold': 0.48}
20:48:35 - Architect - INFO - Reviewing proposal from SwarmAgent_18_CONTROL: {'seo_impact_threshold': 0.48}
20:48:35 - Architect - INFO - Reviewing proposal from SwarmAgent_25_CONTROL: {'seo_impact_threshold': 0.48}
20:48:35 - Architect - INFO - Reviewing proposal from SwarmAgent_32_CONTROL: {'seo_impact_threshold': 0.48}
20:48:35 - Architect - INFO - Reviewing proposal from SwarmAgent_46_CONTROL: {'seo_impact_threshold': 0.48}
20:48:35 - Architect - INFO - Reviewing proposal from SwarmAgent_53_CONTROL: {'seo_impact_threshold': 0.48}
20:48:35 - Architect - INFO - Reviewing proposal from SwarmAgent_95_CONTROL: {'seo_impact_threshold': 0.48}
20:48:35 - AgentOrchestrator - ERROR - Error in agent Architect: can only concatenate str (not "float") to str
Traceback (most recent call last):
  File "/Users/filipkeser/Documents/Antigravity/agents/orchestrator.py", line 74, in _run_agent
    result = await agent.run(data, self.blackboard)
  File "/Users/filipkeser/Documents/Antigravity/agents/architect_agent.py", line 44, in run
    else:
  File "/Users/filipkeser/Documents/Antigravity/agents/architect_agent.py", line 53, in _apply_evolution
TypeError: can only concatenate str (not "float") to str
20:48:35 - CEO_Backup_00 - INFO - Verifying CEO (Champion) integrity...
20:48:35 - CEO_Backup_01 - INFO - Verifying CEO (Champion) integrity...
20:48:35 - CEO_Backup_02 - INFO - Verifying CEO (Champion) integrity...
20:48:35 - CEO_Backup_03 - INFO - Verifying CEO (Champion) integrity...
20:48:35 - AutonomyExpertImbued - INFO - 🤖 Autonomy Expert running diagnostic on background daily cycle...
20:48:35 - AutonomyExpertImbued - INFO - Last autonomous run detected at: 2026-04-17T18:36:52.303990+00:00
20:48:35 - SwiftEvolutionExpertImbued - INFO - Swift Evolution Expert refactoring Agent IDE UI...
20:48:35 - httpx - INFO - HTTP Request: POST https://tevdxaufsnpsbvvurddg.supabase.co/rest/v1/telemetry "HTTP/2 400 Bad Request"
20:48:35 - SwiftEvolutionExpertImbued - WARNING - Failed to push to Supabase: {'message': 'null value in column "id" of relation "telemetry" violates not-null constraint', 'code': '23502', 'hint': None, 'details': 'Failing row contains (null, {"type": "EVOLUTION_SYNC", "message": "Swift Evolution Expert op..., 2026-04-17 18:48:35.095739+00).'}
20:48:35 - AgentOrchestrator - INFO - Executing Tier 11: ['MetaCodingAgent', 'DockerEvolutionAgent']
20:48:35 - MetaCodingAgent - INFO - Performing Meta-Coding Analysis and Autonomous Self-Improvement...
20:48:35 - MetaCodingAgent - INFO - Stable impact detected. Standard maintenance refactor proposed.
20:48:35 - DockerEvolutionAgent - INFO - No system evolution detected. Skipping Docker validation.
20:48:35 - AgentOrchestrator - INFO - Executing Tier 12: ['GitHubEvolutionAgent']
20:48:35 - GitHubEvolutionAgent - INFO - No system evolution. Skipping Git operations.
20:48:35 - httpx - INFO - HTTP Request: POST https://tevdxaufsnpsbvvurddg.supabase.co/rest/v1/github_sync_history "HTTP/2 201 Created"
20:48:35 - GitHubEvolutionAgent - INFO - GitHub sync record written to Supabase: SKIPPED
20:48:45 - GitHubEvolutionAgent - WARNING - MongoDB github_sync write failed: SSL handshake failed: ac-8xlp2xc-shard-00-01.nc9rsuw.mongodb.net:27017: [SSL: TLSV1_ALERT_INTERNAL_ERROR] tlsv1 alert internal error (_ssl.c:1129) (configured timeouts: socketTimeoutMS: 20000.0ms, connectTimeoutMS: 20000.0ms),SSL handshake failed: ac-8xlp2xc-shard-00-02.nc9rsuw.mongodb.net:27017: [SSL: TLSV1_ALERT_INTERNAL_ERROR] tlsv1 alert internal error (_ssl.c:1129) (configured timeouts: socketTimeoutMS: 20000.0ms, connectTimeoutMS: 20000.0ms),SSL handshake failed: ac-8xlp2xc-shard-00-00.nc9rsuw.mongodb.net:27017: [SSL: TLSV1_ALERT_INTERNAL_ERROR] tlsv1 alert internal error (_ssl.c:1129) (configured timeouts: socketTimeoutMS: 20000.0ms, connectTimeoutMS: 20000.0ms), Timeout: 10.0s, Topology Description: <TopologyDescription id: 69e22f3fed403a7ca528fedf, topology_type: ReplicaSetNoPrimary, servers: [<ServerDescription ('ac-8xlp2xc-shard-00-00.nc9rsuw.mongodb.net', 27017) server_type: Unknown, rtt: None, error=AutoReconnect('SSL handshake failed: ac-8xlp2xc-shard-00-00.nc9rsuw.mongodb.net:27017: [SSL: TLSV1_ALERT_INTERNAL_ERROR] tlsv1 alert internal error (_ssl.c:1129) (configured timeouts: socketTimeoutMS: 20000.0ms, connectTimeoutMS: 20000.0ms)')>, <ServerDescription ('ac-8xlp2xc-shard-00-01.nc9rsuw.mongodb.net', 27017) server_type: Unknown, rtt: None, error=AutoReconnect('SSL handshake failed: ac-8xlp2xc-shard-00-01.nc9rsuw.mongodb.net:27017: [SSL: TLSV1_ALERT_INTERNAL_ERROR] tlsv1 alert internal error (_ssl.c:1129) (configured timeouts: socketTimeoutMS: 20000.0ms, connectTimeoutMS: 20000.0ms)')>, <ServerDescription ('ac-8xlp2xc-shard-00-02.nc9rsuw.mongodb.net', 27017) server_type: Unknown, rtt: None, error=AutoReconnect('SSL handshake failed: ac-8xlp2xc-shard-00-02.nc9rsuw.mongodb.net:27017: [SSL: TLSV1_ALERT_INTERNAL_ERROR] tlsv1 alert internal error (_ssl.c:1129) (configured timeouts: socketTimeoutMS: 20000.0ms, connectTimeoutMS: 20000.0ms)')>]>
20:48:45 - AgentOrchestrator - INFO - Executing Tier 13: ['GitKrakenEvolutionAgent']
20:48:45 - GitKrakenEvolutionAgent - INFO - No system evolution for GitKraken sync. Skipping.
20:48:45 - AgentOrchestrator - INFO - Executing Tier 14: ['JulesEvolutionAgent']
20:48:45 - JulesEvolutionAgent - INFO - Jules at your service. Synchronizing all evolution channels and memory...
20:48:45 - httpx - INFO - HTTP Request: POST https://tevdxaufsnpsbvvurddg.supabase.co/rest/v1/sync_logs "HTTP/2 200 OK"
20:48:45 - httpx - INFO - HTTP Request: POST https://tevdxaufsnpsbvvurddg.supabase.co/rest/v1/sync_logs "HTTP/2 200 OK"
20:48:46 - httpx - INFO - HTTP Request: POST https://tevdxaufsnpsbvvurddg.supabase.co/rest/v1/sync_logs "HTTP/2 200 OK"
20:48:46 - JulesEvolutionAgent - INFO - Jules has synced 3 learnings to Supabase.
20:48:56 - JulesEvolutionAgent - WARNING - Jules failed to sync learnings to MongoDB: SSL handshake failed: ac-8xlp2xc-shard-00-01.nc9rsuw.mongodb.net:27017: [SSL: TLSV1_ALERT_INTERNAL_ERROR] tlsv1 alert internal error (_ssl.c:1129) (configured timeouts: socketTimeoutMS: 20000.0ms, connectTimeoutMS: 20000.0ms),SSL handshake failed: ac-8xlp2xc-shard-00-02.nc9rsuw.mongodb.net:27017: [SSL: TLSV1_ALERT_INTERNAL_ERROR] tlsv1 alert internal error (_ssl.c:1129) (configured timeouts: socketTimeoutMS: 20000.0ms, connectTimeoutMS: 20000.0ms),SSL handshake failed: ac-8xlp2xc-shard-00-00.nc9rsuw.mongodb.net:27017: [SSL: TLSV1_ALERT_INTERNAL_ERROR] tlsv1 alert internal error (_ssl.c:1129) (configured timeouts: socketTimeoutMS: 20000.0ms, connectTimeoutMS: 20000.0ms), Timeout: 10.0s, Topology Description: <TopologyDescription id: 69e22f3fed403a7ca528fedf, topology_type: ReplicaSetNoPrimary, servers: [<ServerDescription ('ac-8xlp2xc-shard-00-00.nc9rsuw.mongodb.net', 27017) server_type: Unknown, rtt: None, error=AutoReconnect('SSL handshake failed: ac-8xlp2xc-shard-00-00.nc9rsuw.mongodb.net:27017: [SSL: TLSV1_ALERT_INTERNAL_ERROR] tlsv1 alert internal error (_ssl.c:1129) (configured timeouts: socketTimeoutMS: 20000.0ms, connectTimeoutMS: 20000.0ms)')>, <ServerDescription ('ac-8xlp2xc-shard-00-01.nc9rsuw.mongodb.net', 27017) server_type: Unknown, rtt: None, error=AutoReconnect('SSL handshake failed: ac-8xlp2xc-shard-00-01.nc9rsuw.mongodb.net:27017: [SSL: TLSV1_ALERT_INTERNAL_ERROR] tlsv1 alert internal error (_ssl.c:1129) (configured timeouts: socketTimeoutMS: 20000.0ms, connectTimeoutMS: 20000.0ms)')>, <ServerDescription ('ac-8xlp2xc-shard-00-02.nc9rsuw.mongodb.net', 27017) server_type: Unknown, rtt: None, error=AutoReconnect('SSL handshake failed: ac-8xlp2xc-shard-00-02.nc9rsuw.mongodb.net:27017: [SSL: TLSV1_ALERT_INTERNAL_ERROR] tlsv1 alert internal error (_ssl.c:1129) (configured timeouts: socketTimeoutMS: 20000.0ms, connectTimeoutMS: 20000.0ms)')>]>
20:48:56 - JulesEvolutionAgent - INFO - No evolution actions were required. Jules is standing by.
20:48:56 - AgentOrchestrator - INFO - Execution Cycle Complete.
20:48:56 - AgentOrchestrator - INFO - Starting Peer Review Phase...
20:48:56 - AgentOrchestrator - INFO - Review from ResearchAgent: ['Research data and Google World investigations are fully synchronized.']
20:48:56 - SystemOrchestrator - INFO - Report generated at results/DAILY_REPORT_2026-04-17.md
20:48:56 - SystemOrchestrator - INFO - === Cycle Complete ===
20:48:56 - AutonomousOrchestrator - INFO - Autonomous Evolution Cycle Complete.
20:48:56 - httpx - INFO - HTTP Request: POST https://tevdxaufsnpsbvvurddg.supabase.co/rest/v1/memory_store "HTTP/2 200 OK"
20:49:56 - AutonomousOrchestrator - INFO - Manual trigger detected!
20:49:56 - AutonomousOrchestrator - INFO - Starting Autonomous Evolution Cycle...
20:49:56 - httpx - INFO - HTTP Request: POST https://tevdxaufsnpsbvvurddg.supabase.co/rest/v1/memory_store "HTTP/2 200 OK"
20:49:56 - SystemOrchestrator - INFO - === Starting Massive Synchronized Autonomous Cycle ===
20:49:56 - SystemOrchestrator - INFO - Starting Scraper...
20:49:56 - SystemOrchestrator - ERROR - Scraper failed: Traceback (most recent call last):
  File "/Users/filipkeser/Documents/Antigravity/scraper.py", line 1, in <module>
    import aiohttp
ModuleNotFoundError: No module named 'aiohttp'

20:49:56 - SystemOrchestrator - INFO - Dynamically loaded imbued expert: AutonomyExpertImbued
20:49:56 - SystemOrchestrator - INFO - Dynamically loaded imbued expert: MonetizationExpertImbued
20:49:56 - SystemOrchestrator - INFO - Dynamically loaded imbued expert: SEOExpertImbued
20:49:56 - SystemOrchestrator - INFO - Dynamically loaded imbued expert: SwiftEvolutionExpertImbued
20:49:56 - SystemOrchestrator - INFO - Instantiated ecosystem with 179 autonomous agents (including 4 imbued experts).
20:49:56 - AgentOrchestrator - INFO - Starting Autonomous Execution Cycle (v1.42)...
20:49:56 - AgentOrchestrator - INFO - Executing Tier 1: ['HealthCheckAgent', 'RobotTxtAgent', 'AnalysisAgent', 'SwarmAgent_00_DEFINE', 'SwarmAgent_05_RESEARCH_WORLD', 'SwarmAgent_06_AD_TECH_PROBE', 'SwarmAgent_07_DEFINE', 'SwarmAgent_12_RESEARCH_WORLD', 'SwarmAgent_13_AD_TECH_PROBE', 'SwarmAgent_14_DEFINE', 'SwarmAgent_19_RESEARCH_WORLD', 'SwarmAgent_20_AD_TECH_PROBE', 'SwarmAgent_21_DEFINE', 'SwarmAgent_26_RESEARCH_WORLD', 'SwarmAgent_27_AD_TECH_PROBE', 'SwarmAgent_28_DEFINE', 'SwarmAgent_33_RESEARCH_WORLD', 'SwarmAgent_34_AD_TECH_PROBE', 'SwarmAgent_35_DEFINE', 'SwarmAgent_40_RESEARCH_WORLD', 'SwarmAgent_41_AD_TECH_PROBE', 'SwarmAgent_42_DEFINE', 'SwarmAgent_47_RESEARCH_WORLD', 'SwarmAgent_48_AD_TECH_PROBE', 'SwarmAgent_49_DEFINE', 'SwarmAgent_54_RESEARCH_WORLD', 'SwarmAgent_55_AD_TECH_PROBE', 'SwarmAgent_56_DEFINE', 'SwarmAgent_61_RESEARCH_WORLD', 'SwarmAgent_62_AD_TECH_PROBE', 'SwarmAgent_63_DEFINE', 'SwarmAgent_68_RESEARCH_WORLD', 'SwarmAgent_69_AD_TECH_PROBE', 'SwarmAgent_70_DEFINE', 'SwarmAgent_75_RESEARCH_WORLD', 'SwarmAgent_76_AD_TECH_PROBE', 'SwarmAgent_77_DEFINE', 'SwarmAgent_82_RESEARCH_WORLD', 'SwarmAgent_83_AD_TECH_PROBE', 'SwarmAgent_84_DEFINE', 'SwarmAgent_89_RESEARCH_WORLD', 'SwarmAgent_90_AD_TECH_PROBE', 'SwarmAgent_91_DEFINE', 'SwarmAgent_96_RESEARCH_WORLD', 'SwarmAgent_97_AD_TECH_PROBE', 'SwarmAgent_98_DEFINE', 'System_Backup_00', 'System_Backup_01', 'System_Backup_02', 'System_Backup_03', 'System_Backup_04', 'System_Backup_05', 'System_Backup_06', 'System_Backup_07', 'System_Backup_08', 'System_Backup_09', 'System_Backup_10', 'System_Backup_11', 'System_Backup_12', 'System_Backup_13', 'System_Backup_14', 'System_Backup_15', 'System_Backup_16', 'System_Backup_17', 'System_Backup_18', 'System_Backup_19', 'System_Backup_20', 'System_Backup_21', 'System_Backup_22', 'System_Backup_23', 'System_Backup_24', 'System_Backup_25', 'System_Backup_26', 'System_Backup_27', 'System_Backup_28', 'System_Backup_29', 'System_Backup_30', 'System_Backup_31', 'System_Backup_32', 'System_Backup_33', 'System_Backup_34', 'System_Backup_35', 'System_Backup_36', 'System_Backup_37', 'System_Backup_38', 'System_Backup_39', 'System_Backup_40', 'System_Backup_41', 'System_Backup_42', 'System_Backup_43', 'System_Backup_44', 'System_Backup_45', 'System_Backup_46', 'System_Backup_47', 'System_Backup_48', 'System_Backup_49']
20:49:56 - HealthCheckAgent - INFO - Running Health Check...
20:49:56 - RobotTxtAgent - INFO - Checking robots.txt compliance and secrets...
20:49:56 - RobotTxtAgent - INFO - Fetching https://markposition.wordpress.com/robots.txt
20:49:57 - AnalysisAgent - INFO - Running Analysis...
20:49:57 - TelemetryManager - INFO - [TELEMETRY] AnalysisAgent emitted MARKET_DATA_ANALYSIS for AD_ADS_ADVERTISE
20:49:57 - SwarmAgent_00_DEFINE - INFO - [DEFINE] Executing SEO Micro-task: Market Probe
20:49:57 - SwarmAgent_05_RESEARCH_WORLD - INFO - [RESEARCH_WORLD] Executing SEO Micro-task: Domain Research
20:49:57 - SwarmAgent_06_AD_TECH_PROBE - INFO - [AD_TECH_PROBE] Executing SEO Micro-task: Keyword Sync
20:49:57 - SwarmAgent_07_DEFINE - INFO - [DEFINE] Executing SEO Micro-task: Market Probe
20:49:57 - SwarmAgent_12_RESEARCH_WORLD - INFO - [RESEARCH_WORLD] Executing SEO Micro-task: Keyword Sync
20:49:57 - SwarmAgent_13_AD_TECH_PROBE - INFO - [AD_TECH_PROBE] Executing SEO Micro-task: Market Probe
20:49:57 - SwarmAgent_14_DEFINE - INFO - [DEFINE] Executing SEO Micro-task: Market Probe
20:49:57 - SwarmAgent_19_RESEARCH_WORLD - INFO - [RESEARCH_WORLD] Executing SEO Micro-task: SEO Audit
20:49:57 - SwarmAgent_20_AD_TECH_PROBE - INFO - [AD_TECH_PROBE] Executing SEO Micro-task: Domain Research
20:49:57 - SwarmAgent_21_DEFINE - INFO - [DEFINE] Executing SEO Micro-task: Keyword Sync
20:49:57 - SwarmAgent_26_RESEARCH_WORLD - INFO - [RESEARCH_WORLD] Executing SEO Micro-task: SEO Audit
20:49:57 - SwarmAgent_27_AD_TECH_PROBE - INFO - [AD_TECH_PROBE] Executing SEO Micro-task: SEO Audit
20:49:57 - SwarmAgent_28_DEFINE - INFO - [DEFINE] Executing SEO Micro-task: Keyword Sync
20:49:57 - SwarmAgent_33_RESEARCH_WORLD - INFO - [RESEARCH_WORLD] Executing SEO Micro-task: Keyword Sync
20:49:57 - SwarmAgent_34_AD_TECH_PROBE - INFO - [AD_TECH_PROBE] Executing SEO Micro-task: SEO Audit
20:49:57 - SwarmAgent_35_DEFINE - INFO - [DEFINE] Executing SEO Micro-task: SEO Audit
20:49:57 - SwarmAgent_40_RESEARCH_WORLD - INFO - [RESEARCH_WORLD] Executing SEO Micro-task: Keyword Sync
20:49:57 - SwarmAgent_41_AD_TECH_PROBE - INFO - [AD_TECH_PROBE] Executing SEO Micro-task: Keyword Sync
20:49:57 - SwarmAgent_42_DEFINE - INFO - [DEFINE] Executing SEO Micro-task: SEO Audit
20:49:57 - SwarmAgent_47_RESEARCH_WORLD - INFO - [RESEARCH_WORLD] Executing SEO Micro-task: SEO Audit
20:49:57 - SwarmAgent_48_AD_TECH_PROBE - INFO - [AD_TECH_PROBE] Executing SEO Micro-task: SEO Audit
20:49:57 - SwarmAgent_49_DEFINE - INFO - [DEFINE] Executing SEO Micro-task: SEO Audit
20:49:57 - SwarmAgent_54_RESEARCH_WORLD - INFO - [RESEARCH_WORLD] Executing SEO Micro-task: Domain Research
20:49:57 - SwarmAgent_55_AD_TECH_PROBE - INFO - [AD_TECH_PROBE] Executing SEO Micro-task: Domain Research
20:49:57 - SwarmAgent_56_DEFINE - INFO - [DEFINE] Executing SEO Micro-task: Domain Research
20:49:57 - SwarmAgent_61_RESEARCH_WORLD - INFO - [RESEARCH_WORLD] Executing SEO Micro-task: SEO Audit
20:49:57 - SwarmAgent_62_AD_TECH_PROBE - INFO - [AD_TECH_PROBE] Executing SEO Micro-task: Domain Research
20:49:57 - SwarmAgent_63_DEFINE - INFO - [DEFINE] Executing SEO Micro-task: Market Probe
20:49:57 - SwarmAgent_68_RESEARCH_WORLD - INFO - [RESEARCH_WORLD] Executing SEO Micro-task: SEO Audit
20:49:57 - SwarmAgent_69_AD_TECH_PROBE - INFO - [AD_TECH_PROBE] Executing SEO Micro-task: SEO Audit
20:49:57 - SwarmAgent_70_DEFINE - INFO - [DEFINE] Executing SEO Micro-task: Domain Research
20:49:57 - SwarmAgent_75_RESEARCH_WORLD - INFO - [RESEARCH_WORLD] Executing SEO Micro-task: Domain Research
20:49:57 - SwarmAgent_76_AD_TECH_PROBE - INFO - [AD_TECH_PROBE] Executing SEO Micro-task: Market Probe
20:49:57 - SwarmAgent_77_DEFINE - INFO - [DEFINE] Executing SEO Micro-task: Domain Research
20:49:57 - SwarmAgent_82_RESEARCH_WORLD - INFO - [RESEARCH_WORLD] Executing SEO Micro-task: SEO Audit
20:49:57 - SwarmAgent_83_AD_TECH_PROBE - INFO - [AD_TECH_PROBE] Executing SEO Micro-task: Market Probe
20:49:57 - SwarmAgent_84_DEFINE - INFO - [DEFINE] Executing SEO Micro-task: Domain Research
20:49:57 - SwarmAgent_89_RESEARCH_WORLD - INFO - [RESEARCH_WORLD] Executing SEO Micro-task: Domain Research
20:49:57 - SwarmAgent_90_AD_TECH_PROBE - INFO - [AD_TECH_PROBE] Executing SEO Micro-task: SEO Audit
20:49:57 - SwarmAgent_91_DEFINE - INFO - [DEFINE] Executing SEO Micro-task: Keyword Sync
20:49:57 - SwarmAgent_96_RESEARCH_WORLD - INFO - [RESEARCH_WORLD] Executing SEO Micro-task: Domain Research
20:49:57 - SwarmAgent_97_AD_TECH_PROBE - INFO - [AD_TECH_PROBE] Executing SEO Micro-task: SEO Audit
20:49:57 - SwarmAgent_98_DEFINE - INFO - [DEFINE] Executing SEO Micro-task: Keyword Sync
20:49:57 - System_Backup_00 - INFO - [FAILOVER] Redundancy active. Monitoring state...
20:49:57 - System_Backup_01 - INFO - [FAILOVER] Redundancy active. Monitoring state...
20:49:57 - System_Backup_02 - INFO - [FAILOVER] Redundancy active. Monitoring state...
20:49:57 - System_Backup_03 - INFO - [FAILOVER] Redundancy active. Monitoring state...
20:49:57 - System_Backup_04 - INFO - [FAILOVER] Redundancy active. Monitoring state...
20:49:57 - System_Backup_05 - INFO - [FAILOVER] Redundancy active. Monitoring state...
20:49:57 - System_Backup_06 - INFO - [FAILOVER] Redundancy active. Monitoring state...
20:49:57 - System_Backup_07 - INFO - [FAILOVER] Redundancy active. Monitoring state...
20:49:57 - System_Backup_08 - INFO - [FAILOVER] Redundancy active. Monitoring state...
20:49:57 - System_Backup_09 - INFO - [FAILOVER] Redundancy active. Monitoring state...
20:49:57 - System_Backup_10 - INFO - [FAILOVER] Redundancy active. Monitoring state...
20:49:57 - System_Backup_11 - INFO - [FAILOVER] Redundancy active. Monitoring state...
20:49:57 - System_Backup_12 - INFO - [FAILOVER] Redundancy active. Monitoring state...
20:49:57 - System_Backup_13 - INFO - [FAILOVER] Redundancy active. Monitoring state...
20:49:57 - System_Backup_14 - INFO - [FAILOVER] Redundancy active. Monitoring state...
20:49:57 - System_Backup_15 - INFO - [FAILOVER] Redundancy active. Monitoring state...
20:49:57 - System_Backup_16 - INFO - [FAILOVER] Redundancy active. Monitoring state...
20:49:57 - System_Backup_17 - INFO - [FAILOVER] Redundancy active. Monitoring state...
20:49:57 - System_Backup_18 - INFO - [FAILOVER] Redundancy active. Monitoring state...
20:49:57 - System_Backup_19 - INFO - [FAILOVER] Redundancy active. Monitoring state...
20:49:57 - System_Backup_20 - INFO - [FAILOVER] Redundancy active. Monitoring state...
20:49:57 - System_Backup_21 - INFO - [FAILOVER] Redundancy active. Monitoring state...
20:49:57 - System_Backup_22 - INFO - [FAILOVER] Redundancy active. Monitoring state...
20:49:57 - System_Backup_23 - INFO - [FAILOVER] Redundancy active. Monitoring state...
20:49:57 - System_Backup_24 - INFO - [FAILOVER] Redundancy active. Monitoring state...
20:49:57 - System_Backup_25 - INFO - [FAILOVER] Redundancy active. Monitoring state...
20:49:57 - System_Backup_26 - INFO - [FAILOVER] Redundancy active. Monitoring state...
20:49:57 - System_Backup_27 - INFO - [FAILOVER] Redundancy active. Monitoring state...
20:49:57 - System_Backup_28 - INFO - [FAILOVER] Redundancy active. Monitoring state...
20:49:57 - System_Backup_29 - INFO - [FAILOVER] Redundancy active. Monitoring state...
20:49:57 - System_Backup_30 - INFO - [FAILOVER] Redundancy active. Monitoring state...
20:49:57 - System_Backup_31 - INFO - [FAILOVER] Redundancy active. Monitoring state...
20:49:57 - System_Backup_32 - INFO - [FAILOVER] Redundancy active. Monitoring state...
20:49:57 - System_Backup_33 - INFO - [FAILOVER] Redundancy active. Monitoring state...
20:49:57 - System_Backup_34 - INFO - [FAILOVER] Redundancy active. Monitoring state...
20:49:57 - System_Backup_35 - INFO - [FAILOVER] Redundancy active. Monitoring state...
20:49:57 - System_Backup_36 - INFO - [FAILOVER] Redundancy active. Monitoring state...
20:49:57 - System_Backup_37 - INFO - [FAILOVER] Redundancy active. Monitoring state...
20:49:57 - System_Backup_38 - INFO - [FAILOVER] Redundancy active. Monitoring state...
20:49:57 - System_Backup_39 - INFO - [FAILOVER] Redundancy active. Monitoring state...
20:49:57 - System_Backup_40 - INFO - [FAILOVER] Redundancy active. Monitoring state...
20:49:57 - System_Backup_41 - INFO - [FAILOVER] Redundancy active. Monitoring state...
20:49:57 - System_Backup_42 - INFO - [FAILOVER] Redundancy active. Monitoring state...
20:49:57 - System_Backup_43 - INFO - [FAILOVER] Redundancy active. Monitoring state...
20:49:57 - System_Backup_44 - INFO - [FAILOVER] Redundancy active. Monitoring state...
20:49:57 - System_Backup_45 - INFO - [FAILOVER] Redundancy active. Monitoring state...
20:49:57 - System_Backup_46 - INFO - [FAILOVER] Redundancy active. Monitoring state...
20:49:57 - System_Backup_47 - INFO - [FAILOVER] Redundancy active. Monitoring state...
20:49:57 - System_Backup_48 - INFO - [FAILOVER] Redundancy active. Monitoring state...
20:49:57 - System_Backup_49 - INFO - [FAILOVER] Redundancy active. Monitoring state...
20:50:07 - RobotTxtAgent - WARNING - Failed to load memory from MongoDB: SSL handshake failed: ac-8xlp2xc-shard-00-01.nc9rsuw.mongodb.net:27017: [SSL: TLSV1_ALERT_INTERNAL_ERROR] tlsv1 alert internal error (_ssl.c:1129) (configured timeouts: socketTimeoutMS: 20000.0ms, connectTimeoutMS: 20000.0ms),SSL handshake failed: ac-8xlp2xc-shard-00-02.nc9rsuw.mongodb.net:27017: [SSL: TLSV1_ALERT_INTERNAL_ERROR] tlsv1 alert internal error (_ssl.c:1129) (configured timeouts: socketTimeoutMS: 20000.0ms, connectTimeoutMS: 20000.0ms),SSL handshake failed: ac-8xlp2xc-shard-00-00.nc9rsuw.mongodb.net:27017: [SSL: TLSV1_ALERT_INTERNAL_ERROR] tlsv1 alert internal error (_ssl.c:1129) (configured timeouts: socketTimeoutMS: 20000.0ms, connectTimeoutMS: 20000.0ms), Timeout: 10.0s, Topology Description: <TopologyDescription id: 69e22f3fed403a7ca528fedf, topology_type: ReplicaSetNoPrimary, servers: [<ServerDescription ('ac-8xlp2xc-shard-00-00.nc9rsuw.mongodb.net', 27017) server_type: Unknown, rtt: None, error=AutoReconnect('SSL handshake failed: ac-8xlp2xc-shard-00-00.nc9rsuw.mongodb.net:27017: [SSL: TLSV1_ALERT_INTERNAL_ERROR] tlsv1 alert internal error (_ssl.c:1129) (configured timeouts: socketTimeoutMS: 20000.0ms, connectTimeoutMS: 20000.0ms)')>, <ServerDescription ('ac-8xlp2xc-shard-00-01.nc9rsuw.mongodb.net', 27017) server_type: Unknown, rtt: None, error=AutoReconnect('SSL handshake failed: ac-8xlp2xc-shard-00-01.nc9rsuw.mongodb.net:27017: [SSL: TLSV1_ALERT_INTERNAL_ERROR] tlsv1 alert internal error (_ssl.c:1129) (configured timeouts: socketTimeoutMS: 20000.0ms, connectTimeoutMS: 20000.0ms)')>, <ServerDescription ('ac-8xlp2xc-shard-00-02.nc9rsuw.mongodb.net', 27017) server_type: Unknown, rtt: None, error=AutoReconnect('SSL handshake failed: ac-8xlp2xc-shard-00-02.nc9rsuw.mongodb.net:27017: [SSL: TLSV1_ALERT_INTERNAL_ERROR] tlsv1 alert internal error (_ssl.c:1129) (configured timeouts: socketTimeoutMS: 20000.0ms, connectTimeoutMS: 20000.0ms)')>]>. Falling back to JSON.
20:50:07 - AgentOrchestrator - INFO - Executing Tier 2: ['ResearchAgent', 'SwarmAgent_01_MEASURE', 'SwarmAgent_02_ANALYZE', 'SwarmAgent_08_MEASURE', 'SwarmAgent_09_ANALYZE', 'SwarmAgent_15_MEASURE', 'SwarmAgent_16_ANALYZE', 'SwarmAgent_22_MEASURE', 'SwarmAgent_23_ANALYZE', 'SwarmAgent_29_MEASURE', 'SwarmAgent_30_ANALYZE', 'SwarmAgent_36_MEASURE', 'SwarmAgent_37_ANALYZE', 'SwarmAgent_43_MEASURE', 'SwarmAgent_44_ANALYZE', 'SwarmAgent_50_MEASURE', 'SwarmAgent_51_ANALYZE', 'SwarmAgent_57_MEASURE', 'SwarmAgent_58_ANALYZE', 'SwarmAgent_64_MEASURE', 'SwarmAgent_65_ANALYZE', 'SwarmAgent_71_MEASURE', 'SwarmAgent_72_ANALYZE', 'SwarmAgent_78_MEASURE', 'SwarmAgent_79_ANALYZE', 'SwarmAgent_85_MEASURE', 'SwarmAgent_86_ANALYZE', 'SwarmAgent_92_MEASURE', 'SwarmAgent_93_ANALYZE', 'SwarmAgent_99_MEASURE', 'SEOExpertImbued']
20:50:07 - httpx - INFO - HTTP Request: POST https://tevdxaufsnpsbvvurddg.supabase.co/rest/v1/telemetry?columns=%22id%22%2C%22event_data%22%2C%22recorded_at%22 "HTTP/2 201 Created"
20:50:07 - ResearchAgent - INFO - Running High-Level Autonomous Research & Outside World Investigation...
20:50:07 - SwarmAgent_01_MEASURE - INFO - [MEASURE] Executing SEO Micro-task: Market Probe
20:50:07 - SwarmAgent_02_ANALYZE - INFO - [ANALYZE] Executing SEO Micro-task: Keyword Sync
20:50:07 - SwarmAgent_08_MEASURE - INFO - [MEASURE] Executing SEO Micro-task: SEO Audit
20:50:07 - SwarmAgent_09_ANALYZE - INFO - [ANALYZE] Executing SEO Micro-task: Keyword Sync
20:50:07 - SwarmAgent_15_MEASURE - INFO - [MEASURE] Executing SEO Micro-task: Keyword Sync
20:50:07 - SwarmAgent_16_ANALYZE - INFO - [ANALYZE] Executing SEO Micro-task: Market Probe
20:50:07 - SwarmAgent_22_MEASURE - INFO - [MEASURE] Executing SEO Micro-task: Domain Research
20:50:07 - SwarmAgent_23_ANALYZE - INFO - [ANALYZE] Executing SEO Micro-task: Market Probe
20:50:07 - SwarmAgent_29_MEASURE - INFO - [MEASURE] Executing SEO Micro-task: Domain Research
20:50:07 - SwarmAgent_30_ANALYZE - INFO - [ANALYZE] Executing SEO Micro-task: Market Probe
20:50:07 - SwarmAgent_36_MEASURE - INFO - [MEASURE] Executing SEO Micro-task: SEO Audit
20:50:07 - SwarmAgent_37_ANALYZE - INFO - [ANALYZE] Executing SEO Micro-task: Keyword Sync
20:50:07 - SwarmAgent_43_MEASURE - INFO - [MEASURE] Executing SEO Micro-task: Market Probe
20:50:07 - SwarmAgent_44_ANALYZE - INFO - [ANALYZE] Executing SEO Micro-task: SEO Audit
20:50:07 - SwarmAgent_50_MEASURE - INFO - [MEASURE] Executing SEO Micro-task: Domain Research
20:50:07 - SwarmAgent_51_ANALYZE - INFO - [ANALYZE] Executing SEO Micro-task: Market Probe
20:50:07 - SwarmAgent_57_MEASURE - INFO - [MEASURE] Executing SEO Micro-task: Keyword Sync
20:50:07 - SwarmAgent_58_ANALYZE - INFO - [ANALYZE] Executing SEO Micro-task: Domain Research
20:50:07 - SwarmAgent_64_MEASURE - INFO - [MEASURE] Executing SEO Micro-task: Market Probe
20:50:07 - SwarmAgent_65_ANALYZE - INFO - [ANALYZE] Executing SEO Micro-task: Domain Research
20:50:07 - SwarmAgent_71_MEASURE - INFO - [MEASURE] Executing SEO Micro-task: Domain Research
20:50:07 - SwarmAgent_72_ANALYZE - INFO - [ANALYZE] Executing SEO Micro-task: Keyword Sync
20:50:07 - SwarmAgent_78_MEASURE - INFO - [MEASURE] Executing SEO Micro-task: Market Probe
20:50:07 - SwarmAgent_79_ANALYZE - INFO - [ANALYZE] Executing SEO Micro-task: SEO Audit
20:50:07 - SwarmAgent_85_MEASURE - INFO - [MEASURE] Executing SEO Micro-task: Market Probe
20:50:07 - SwarmAgent_86_ANALYZE - INFO - [ANALYZE] Executing SEO Micro-task: SEO Audit
20:50:07 - SwarmAgent_92_MEASURE - INFO - [MEASURE] Executing SEO Micro-task: Keyword Sync
20:50:07 - SwarmAgent_93_ANALYZE - INFO - [ANALYZE] Executing SEO Micro-task: SEO Audit
20:50:07 - SwarmAgent_99_MEASURE - INFO - [MEASURE] Executing SEO Micro-task: Keyword Sync
20:50:07 - SEOExpertImbued - INFO - Performing Deep Search Engine Optimization Audit on market data...
20:50:07 - SEOExpertImbued - INFO - SEO Audit Complete: Score 0.92
20:50:07 - TelemetryManager - INFO - [TELEMETRY] ResearchAgent emitted EXTERNAL_INVESTIGATION for GOOGLE_WORLD
20:50:07 - TelemetryManager - INFO - [TELEMETRY] ResearchAgent emitted EXTERNAL_INVESTIGATION for GOOGLE_WORLD
20:50:07 - TelemetryManager - INFO - [TELEMETRY] ResearchAgent emitted EXTERNAL_INVESTIGATION for GOOGLE_WORLD
20:50:07 - TelemetryManager - INFO - [TELEMETRY] ResearchAgent emitted EXTERNAL_INVESTIGATION for GOOGLE_WORLD
20:50:07 - ResearchAgent - INFO - Research and World Investigation completed for 10 domains.
20:50:07 - AgentOrchestrator - INFO - Executing Tier 3: ['IntelligenceAgent', 'SearchConsoleAuditor', 'MonetizationExpertImbued']
20:50:07 - httpx - INFO - HTTP Request: POST https://tevdxaufsnpsbvvurddg.supabase.co/rest/v1/telemetry?columns=%22id%22%2C%22event_data%22%2C%22recorded_at%22 "HTTP/2 201 Created"
20:50:07 - IntelligenceAgent - INFO - Running Intelligence Synchronization & External World Collaboration...
20:50:07 - SearchConsoleAuditor - INFO - Running Deep-Skill SEO Audit (Search Console Mastery)...
20:50:07 - MonetizationExpertImbued - INFO - Projecting ROI and Financial Monetization Opportunities...
20:50:07 - MonetizationExpertImbued - INFO - Financial Synthesis Complete: Projected ROI 103.32%
20:50:17 - TelemetryManager - WARNING - MongoDB telemetry sync failed: SSL handshake failed: ac-8xlp2xc-shard-00-01.nc9rsuw.mongodb.net:27017: [SSL: TLSV1_ALERT_INTERNAL_ERROR] tlsv1 alert internal error (_ssl.c:1129) (configured timeouts: socketTimeoutMS: 20000.0ms, connectTimeoutMS: 20000.0ms),SSL handshake failed: ac-8xlp2xc-shard-00-02.nc9rsuw.mongodb.net:27017: [SSL: TLSV1_ALERT_INTERNAL_ERROR] tlsv1 alert internal error (_ssl.c:1129) (configured timeouts: socketTimeoutMS: 20000.0ms, connectTimeoutMS: 20000.0ms),SSL handshake failed: ac-8xlp2xc-shard-00-00.nc9rsuw.mongodb.net:27017: [SSL: TLSV1_ALERT_INTERNAL_ERROR] tlsv1 alert internal error (_ssl.c:1129) (configured timeouts: socketTimeoutMS: 20000.0ms, connectTimeoutMS: 20000.0ms), Timeout: 10.0s, Topology Description: <TopologyDescription id: 69e22f3fed403a7ca528fedf, topology_type: ReplicaSetNoPrimary, servers: [<ServerDescription ('ac-8xlp2xc-shard-00-00.nc9rsuw.mongodb.net', 27017) server_type: Unknown, rtt: None, error=AutoReconnect('SSL handshake failed: ac-8xlp2xc-shard-00-00.nc9rsuw.mongodb.net:27017: [SSL: TLSV1_ALERT_INTERNAL_ERROR] tlsv1 alert internal error (_ssl.c:1129) (configured timeouts: socketTimeoutMS: 20000.0ms, connectTimeoutMS: 20000.0ms)')>, <ServerDescription ('ac-8xlp2xc-shard-00-01.nc9rsuw.mongodb.net', 27017) server_type: Unknown, rtt: None, error=AutoReconnect('SSL handshake failed: ac-8xlp2xc-shard-00-01.nc9rsuw.mongodb.net:27017: [SSL: TLSV1_ALERT_INTERNAL_ERROR] tlsv1 alert internal error (_ssl.c:1129) (configured timeouts: socketTimeoutMS: 20000.0ms, connectTimeoutMS: 20000.0ms)')>, <ServerDescription ('ac-8xlp2xc-shard-00-02.nc9rsuw.mongodb.net', 27017) server_type: Unknown, rtt: None, error=AutoReconnect('SSL handshake failed: ac-8xlp2xc-shard-00-02.nc9rsuw.mongodb.net:27017: [SSL: TLSV1_ALERT_INTERNAL_ERROR] tlsv1 alert internal error (_ssl.c:1129) (configured timeouts: socketTimeoutMS: 20000.0ms, connectTimeoutMS: 20000.0ms)')>]>
20:50:17 - TelemetryManager - WARNING - MongoDB telemetry sync failed: SSL handshake failed: ac-8xlp2xc-shard-00-01.nc9rsuw.mongodb.net:27017: [SSL: TLSV1_ALERT_INTERNAL_ERROR] tlsv1 alert internal error (_ssl.c:1129) (configured timeouts: socketTimeoutMS: 20000.0ms, connectTimeoutMS: 20000.0ms),SSL handshake failed: ac-8xlp2xc-shard-00-02.nc9rsuw.mongodb.net:27017: [SSL: TLSV1_ALERT_INTERNAL_ERROR] tlsv1 alert internal error (_ssl.c:1129) (configured timeouts: socketTimeoutMS: 20000.0ms, connectTimeoutMS: 20000.0ms),SSL handshake failed: ac-8xlp2xc-shard-00-00.nc9rsuw.mongodb.net:27017: [SSL: TLSV1_ALERT_INTERNAL_ERROR] tlsv1 alert internal error (_ssl.c:1129) (configured timeouts: socketTimeoutMS: 20000.0ms, connectTimeoutMS: 20000.0ms), Timeout: 10.0s, Topology Description: <TopologyDescription id: 69e22f3fed403a7ca528fedf, topology_type: ReplicaSetNoPrimary, servers: [<ServerDescription ('ac-8xlp2xc-shard-00-00.nc9rsuw.mongodb.net', 27017) server_type: Unknown, rtt: None, error=AutoReconnect('SSL handshake failed: ac-8xlp2xc-shard-00-00.nc9rsuw.mongodb.net:27017: [SSL: TLSV1_ALERT_INTERNAL_ERROR] tlsv1 alert internal error (_ssl.c:1129) (configured timeouts: socketTimeoutMS: 20000.0ms, connectTimeoutMS: 20000.0ms)')>, <ServerDescription ('ac-8xlp2xc-shard-00-01.nc9rsuw.mongodb.net', 27017) server_type: Unknown, rtt: None, error=AutoReconnect('SSL handshake failed: ac-8xlp2xc-shard-00-01.nc9rsuw.mongodb.net:27017: [SSL: TLSV1_ALERT_INTERNAL_ERROR] tlsv1 alert internal error (_ssl.c:1129) (configured timeouts: socketTimeoutMS: 20000.0ms, connectTimeoutMS: 20000.0ms)')>, <ServerDescription ('ac-8xlp2xc-shard-00-02.nc9rsuw.mongodb.net', 27017) server_type: Unknown, rtt: None, error=AutoReconnect('SSL handshake failed: ac-8xlp2xc-shard-00-02.nc9rsuw.mongodb.net:27017: [SSL: TLSV1_ALERT_INTERNAL_ERROR] tlsv1 alert internal error (_ssl.c:1129) (configured timeouts: socketTimeoutMS: 20000.0ms, connectTimeoutMS: 20000.0ms)')>]>
20:50:17 - SearchConsoleAuditor - WARNING - Failed to load memory from MongoDB: SSL handshake failed: ac-8xlp2xc-shard-00-01.nc9rsuw.mongodb.net:27017: [SSL: TLSV1_ALERT_INTERNAL_ERROR] tlsv1 alert internal error (_ssl.c:1129) (configured timeouts: socketTimeoutMS: 20000.0ms, connectTimeoutMS: 20000.0ms),SSL handshake failed: ac-8xlp2xc-shard-00-02.nc9rsuw.mongodb.net:27017: [SSL: TLSV1_ALERT_INTERNAL_ERROR] tlsv1 alert internal error (_ssl.c:1129) (configured timeouts: socketTimeoutMS: 20000.0ms, connectTimeoutMS: 20000.0ms),SSL handshake failed: ac-8xlp2xc-shard-00-00.nc9rsuw.mongodb.net:27017: [SSL: TLSV1_ALERT_INTERNAL_ERROR] tlsv1 alert internal error (_ssl.c:1129) (configured timeouts: socketTimeoutMS: 20000.0ms, connectTimeoutMS: 20000.0ms), Timeout: 10.0s, Topology Description: <TopologyDescription id: 69e22f3fed403a7ca528fedf, topology_type: ReplicaSetNoPrimary, servers: [<ServerDescription ('ac-8xlp2xc-shard-00-00.nc9rsuw.mongodb.net', 27017) server_type: Unknown, rtt: None, error=AutoReconnect('SSL handshake failed: ac-8xlp2xc-shard-00-00.nc9rsuw.mongodb.net:27017: [SSL: TLSV1_ALERT_INTERNAL_ERROR] tlsv1 alert internal error (_ssl.c:1129) (configured timeouts: socketTimeoutMS: 20000.0ms, connectTimeoutMS: 20000.0ms)')>, <ServerDescription ('ac-8xlp2xc-shard-00-01.nc9rsuw.mongodb.net', 27017) server_type: Unknown, rtt: None, error=AutoReconnect('SSL handshake failed: ac-8xlp2xc-shard-00-01.nc9rsuw.mongodb.net:27017: [SSL: TLSV1_ALERT_INTERNAL_ERROR] tlsv1 alert internal error (_ssl.c:1129) (configured timeouts: socketTimeoutMS: 20000.0ms, connectTimeoutMS: 20000.0ms)')>, <ServerDescription ('ac-8xlp2xc-shard-00-02.nc9rsuw.mongodb.net', 27017) server_type: Unknown, rtt: None, error=AutoReconnect('SSL handshake failed: ac-8xlp2xc-shard-00-02.nc9rsuw.mongodb.net:27017: [SSL: TLSV1_ALERT_INTERNAL_ERROR] tlsv1 alert internal error (_ssl.c:1129) (configured timeouts: socketTimeoutMS: 20000.0ms, connectTimeoutMS: 20000.0ms)')>]>. Falling back to JSON.
20:50:28 - SearchConsoleAuditor - ERROR - Failed to save memory to MongoDB: SSL handshake failed: ac-8xlp2xc-shard-00-01.nc9rsuw.mongodb.net:27017: [SSL: TLSV1_ALERT_INTERNAL_ERROR] tlsv1 alert internal error (_ssl.c:1129) (configured timeouts: socketTimeoutMS: 20000.0ms, connectTimeoutMS: 20000.0ms),SSL handshake failed: ac-8xlp2xc-shard-00-02.nc9rsuw.mongodb.net:27017: [SSL: TLSV1_ALERT_INTERNAL_ERROR] tlsv1 alert internal error (_ssl.c:1129) (configured timeouts: socketTimeoutMS: 20000.0ms, connectTimeoutMS: 20000.0ms),SSL handshake failed: ac-8xlp2xc-shard-00-00.nc9rsuw.mongodb.net:27017: [SSL: TLSV1_ALERT_INTERNAL_ERROR] tlsv1 alert internal error (_ssl.c:1129) (configured timeouts: socketTimeoutMS: 20000.0ms, connectTimeoutMS: 20000.0ms), Timeout: 10.0s, Topology Description: <TopologyDescription id: 69e22f3fed403a7ca528fedf, topology_type: ReplicaSetNoPrimary, servers: [<ServerDescription ('ac-8xlp2xc-shard-00-00.nc9rsuw.mongodb.net', 27017) server_type: Unknown, rtt: None, error=AutoReconnect('SSL handshake failed: ac-8xlp2xc-shard-00-00.nc9rsuw.mongodb.net:27017: [SSL: TLSV1_ALERT_INTERNAL_ERROR] tlsv1 alert internal error (_ssl.c:1129) (configured timeouts: socketTimeoutMS: 20000.0ms, connectTimeoutMS: 20000.0ms)')>, <ServerDescription ('ac-8xlp2xc-shard-00-01.nc9rsuw.mongodb.net', 27017) server_type: Unknown, rtt: None, error=AutoReconnect('SSL handshake failed: ac-8xlp2xc-shard-00-01.nc9rsuw.mongodb.net:27017: [SSL: TLSV1_ALERT_INTERNAL_ERROR] tlsv1 alert internal error (_ssl.c:1129) (configured timeouts: socketTimeoutMS: 20000.0ms, connectTimeoutMS: 20000.0ms)')>, <ServerDescription ('ac-8xlp2xc-shard-00-02.nc9rsuw.mongodb.net', 27017) server_type: Unknown, rtt: None, error=AutoReconnect('SSL handshake failed: ac-8xlp2xc-shard-00-02.nc9rsuw.mongodb.net:27017: [SSL: TLSV1_ALERT_INTERNAL_ERROR] tlsv1 alert internal error (_ssl.c:1129) (configured timeouts: socketTimeoutMS: 20000.0ms, connectTimeoutMS: 20000.0ms)')>]>
20:50:28 - httpx - INFO - HTTP Request: POST https://tevdxaufsnpsbvvurddg.supabase.co/rest/v1/memory_store?on_conflict=id "HTTP/2 200 OK"
20:50:28 - AgentOrchestrator - INFO - Executing Tier 4: ['TargetingAgent', 'CreativityAgent', 'SwarmAgent_03_IMPROVE', 'SwarmAgent_10_IMPROVE', 'SwarmAgent_17_IMPROVE', 'SwarmAgent_24_IMPROVE', 'SwarmAgent_31_IMPROVE', 'SwarmAgent_38_IMPROVE', 'SwarmAgent_45_IMPROVE', 'SwarmAgent_52_IMPROVE', 'SwarmAgent_59_IMPROVE', 'SwarmAgent_66_IMPROVE', 'SwarmAgent_73_IMPROVE', 'SwarmAgent_80_IMPROVE', 'SwarmAgent_87_IMPROVE', 'SwarmAgent_94_IMPROVE']
20:50:28 - TargetingAgent - INFO - Building Google Optimized Audience Personas...
20:50:28 - CreativityAgent - INFO - Running Creativity Session...
20:50:28 - SwarmAgent_03_IMPROVE - INFO - [IMPROVE] Executing SEO Micro-task: Market Probe
20:50:28 - SwarmAgent_10_IMPROVE - INFO - [IMPROVE] Executing SEO Micro-task: Keyword Sync
20:50:28 - SwarmAgent_17_IMPROVE - INFO - [IMPROVE] Executing SEO Micro-task: Domain Research
20:50:28 - SwarmAgent_24_IMPROVE - INFO - [IMPROVE] Executing SEO Micro-task: Keyword Sync
20:50:28 - SwarmAgent_31_IMPROVE - INFO - [IMPROVE] Executing SEO Micro-task: SEO Audit
20:50:28 - SwarmAgent_38_IMPROVE - INFO - [IMPROVE] Executing SEO Micro-task: SEO Audit
20:50:28 - SwarmAgent_45_IMPROVE - INFO - [IMPROVE] Executing SEO Micro-task: SEO Audit
20:50:28 - SwarmAgent_52_IMPROVE - INFO - [IMPROVE] Executing SEO Micro-task: Market Probe
20:50:28 - SwarmAgent_59_IMPROVE - INFO - [IMPROVE] Executing SEO Micro-task: SEO Audit
20:50:28 - SwarmAgent_66_IMPROVE - INFO - [IMPROVE] Executing SEO Micro-task: Keyword Sync
20:50:28 - SwarmAgent_73_IMPROVE - INFO - [IMPROVE] Executing SEO Micro-task: Keyword Sync
20:50:28 - SwarmAgent_80_IMPROVE - INFO - [IMPROVE] Executing SEO Micro-task: SEO Audit
20:50:28 - SwarmAgent_87_IMPROVE - INFO - [IMPROVE] Executing SEO Micro-task: SEO Audit
20:50:28 - SwarmAgent_94_IMPROVE - INFO - [IMPROVE] Executing SEO Micro-task: Domain Research
20:50:38 - TargetingAgent - WARNING - Failed to load memory from MongoDB: SSL handshake failed: ac-8xlp2xc-shard-00-01.nc9rsuw.mongodb.net:27017: [SSL: TLSV1_ALERT_INTERNAL_ERROR] tlsv1 alert internal error (_ssl.c:1129) (configured timeouts: socketTimeoutMS: 20000.0ms, connectTimeoutMS: 20000.0ms),SSL handshake failed: ac-8xlp2xc-shard-00-02.nc9rsuw.mongodb.net:27017: [SSL: TLSV1_ALERT_INTERNAL_ERROR] tlsv1 alert internal error (_ssl.c:1129) (configured timeouts: socketTimeoutMS: 20000.0ms, connectTimeoutMS: 20000.0ms),SSL handshake failed: ac-8xlp2xc-shard-00-00.nc9rsuw.mongodb.net:27017: [SSL: TLSV1_ALERT_INTERNAL_ERROR] tlsv1 alert internal error (_ssl.c:1129) (configured timeouts: socketTimeoutMS: 20000.0ms, connectTimeoutMS: 20000.0ms), Timeout: 10.0s, Topology Description: <TopologyDescription id: 69e22f3fed403a7ca528fedf, topology_type: ReplicaSetNoPrimary, servers: [<ServerDescription ('ac-8xlp2xc-shard-00-00.nc9rsuw.mongodb.net', 27017) server_type: Unknown, rtt: None, error=AutoReconnect('SSL handshake failed: ac-8xlp2xc-shard-00-00.nc9rsuw.mongodb.net:27017: [SSL: TLSV1_ALERT_INTERNAL_ERROR] tlsv1 alert internal error (_ssl.c:1129) (configured timeouts: socketTimeoutMS: 20000.0ms, connectTimeoutMS: 20000.0ms)')>, <ServerDescription ('ac-8xlp2xc-shard-00-01.nc9rsuw.mongodb.net', 27017) server_type: Unknown, rtt: None, error=AutoReconnect('SSL handshake failed: ac-8xlp2xc-shard-00-01.nc9rsuw.mongodb.net:27017: [SSL: TLSV1_ALERT_INTERNAL_ERROR] tlsv1 alert internal error (_ssl.c:1129) (configured timeouts: socketTimeoutMS: 20000.0ms, connectTimeoutMS: 20000.0ms)')>, <ServerDescription ('ac-8xlp2xc-shard-00-02.nc9rsuw.mongodb.net', 27017) server_type: Unknown, rtt: None, error=AutoReconnect('SSL handshake failed: ac-8xlp2xc-shard-00-02.nc9rsuw.mongodb.net:27017: [SSL: TLSV1_ALERT_INTERNAL_ERROR] tlsv1 alert internal error (_ssl.c:1129) (configured timeouts: socketTimeoutMS: 20000.0ms, connectTimeoutMS: 20000.0ms)')>]>. Falling back to JSON.
20:50:48 - TargetingAgent - WARNING - Failed to load memory from MongoDB: SSL handshake failed: ac-8xlp2xc-shard-00-01.nc9rsuw.mongodb.net:27017: [SSL: TLSV1_ALERT_INTERNAL_ERROR] tlsv1 alert internal error (_ssl.c:1129) (configured timeouts: socketTimeoutMS: 20000.0ms, connectTimeoutMS: 20000.0ms),SSL handshake failed: ac-8xlp2xc-shard-00-02.nc9rsuw.mongodb.net:27017: [SSL: TLSV1_ALERT_INTERNAL_ERROR] tlsv1 alert internal error (_ssl.c:1129) (configured timeouts: socketTimeoutMS: 20000.0ms, connectTimeoutMS: 20000.0ms),SSL handshake failed: ac-8xlp2xc-shard-00-00.nc9rsuw.mongodb.net:27017: [SSL: TLSV1_ALERT_INTERNAL_ERROR] tlsv1 alert internal error (_ssl.c:1129) (configured timeouts: socketTimeoutMS: 20000.0ms, connectTimeoutMS: 20000.0ms), Timeout: 10.0s, Topology Description: <TopologyDescription id: 69e22f3fed403a7ca528fedf, topology_type: ReplicaSetNoPrimary, servers: [<ServerDescription ('ac-8xlp2xc-shard-00-00.nc9rsuw.mongodb.net', 27017) server_type: Unknown, rtt: None, error=AutoReconnect('SSL handshake failed: ac-8xlp2xc-shard-00-00.nc9rsuw.mongodb.net:27017: [SSL: TLSV1_ALERT_INTERNAL_ERROR] tlsv1 alert internal error (_ssl.c:1129) (configured timeouts: socketTimeoutMS: 20000.0ms, connectTimeoutMS: 20000.0ms)')>, <ServerDescription ('ac-8xlp2xc-shard-00-01.nc9rsuw.mongodb.net', 27017) server_type: Unknown, rtt: None, error=AutoReconnect('SSL handshake failed: ac-8xlp2xc-shard-00-01.nc9rsuw.mongodb.net:27017: [SSL: TLSV1_ALERT_INTERNAL_ERROR] tlsv1 alert internal error (_ssl.c:1129) (configured timeouts: socketTimeoutMS: 20000.0ms, connectTimeoutMS: 20000.0ms)')>, <ServerDescription ('ac-8xlp2xc-shard-00-02.nc9rsuw.mongodb.net', 27017) server_type: Unknown, rtt: None, error=AutoReconnect('SSL handshake failed: ac-8xlp2xc-shard-00-02.nc9rsuw.mongodb.net:27017: [SSL: TLSV1_ALERT_INTERNAL_ERROR] tlsv1 alert internal error (_ssl.c:1129) (configured timeouts: socketTimeoutMS: 20000.0ms, connectTimeoutMS: 20000.0ms)')>]>. Falling back to JSON.
20:50:58 - TargetingAgent - ERROR - Failed to save memory to MongoDB: SSL handshake failed: ac-8xlp2xc-shard-00-01.nc9rsuw.mongodb.net:27017: [SSL: TLSV1_ALERT_INTERNAL_ERROR] tlsv1 alert internal error (_ssl.c:1129) (configured timeouts: socketTimeoutMS: 20000.0ms, connectTimeoutMS: 20000.0ms),SSL handshake failed: ac-8xlp2xc-shard-00-02.nc9rsuw.mongodb.net:27017: [SSL: TLSV1_ALERT_INTERNAL_ERROR] tlsv1 alert internal error (_ssl.c:1129) (configured timeouts: socketTimeoutMS: 20000.0ms, connectTimeoutMS: 20000.0ms),SSL handshake failed: ac-8xlp2xc-shard-00-00.nc9rsuw.mongodb.net:27017: [SSL: TLSV1_ALERT_INTERNAL_ERROR] tlsv1 alert internal error (_ssl.c:1129) (configured timeouts: socketTimeoutMS: 20000.0ms, connectTimeoutMS: 20000.0ms), Timeout: 10.0s, Topology Description: <TopologyDescription id: 69e22f3fed403a7ca528fedf, topology_type: ReplicaSetNoPrimary, servers: [<ServerDescription ('ac-8xlp2xc-shard-00-00.nc9rsuw.mongodb.net', 27017) server_type: Unknown, rtt: None, error=AutoReconnect('SSL handshake failed: ac-8xlp2xc-shard-00-00.nc9rsuw.mongodb.net:27017: [SSL: TLSV1_ALERT_INTERNAL_ERROR] tlsv1 alert internal error (_ssl.c:1129) (configured timeouts: socketTimeoutMS: 20000.0ms, connectTimeoutMS: 20000.0ms)')>, <ServerDescription ('ac-8xlp2xc-shard-00-01.nc9rsuw.mongodb.net', 27017) server_type: Unknown, rtt: None, error=AutoReconnect('SSL handshake failed: ac-8xlp2xc-shard-00-01.nc9rsuw.mongodb.net:27017: [SSL: TLSV1_ALERT_INTERNAL_ERROR] tlsv1 alert internal error (_ssl.c:1129) (configured timeouts: socketTimeoutMS: 20000.0ms, connectTimeoutMS: 20000.0ms)')>, <ServerDescription ('ac-8xlp2xc-shard-00-02.nc9rsuw.mongodb.net', 27017) server_type: Unknown, rtt: None, error=AutoReconnect('SSL handshake failed: ac-8xlp2xc-shard-00-02.nc9rsuw.mongodb.net:27017: [SSL: TLSV1_ALERT_INTERNAL_ERROR] tlsv1 alert internal error (_ssl.c:1129) (configured timeouts: socketTimeoutMS: 20000.0ms, connectTimeoutMS: 20000.0ms)')>]>
20:50:59 - httpx - INFO - HTTP Request: POST https://tevdxaufsnpsbvvurddg.supabase.co/rest/v1/memory_store?on_conflict=id "HTTP/2 200 OK"
20:50:59 - TargetingAgent - INFO - Persona locked: AdTech Professional (Google Stack Focus) | Intent: Campaign Optimization & ROAS Growth
20:50:59 - AgentOrchestrator - INFO - Executing Tier 5: ['BidAgent', 'ContentAgent']
20:50:59 - BidAgent - INFO - Calculating Smart Bid Strategy (tROAS / tCPA)...
20:50:59 - ContentAgent - INFO - Generating Content...
20:51:09 - BidAgent - WARNING - Failed to load memory from MongoDB: SSL handshake failed: ac-8xlp2xc-shard-00-01.nc9rsuw.mongodb.net:27017: [SSL: TLSV1_ALERT_INTERNAL_ERROR] tlsv1 alert internal error (_ssl.c:1129) (configured timeouts: socketTimeoutMS: 20000.0ms, connectTimeoutMS: 20000.0ms),SSL handshake failed: ac-8xlp2xc-shard-00-02.nc9rsuw.mongodb.net:27017: [SSL: TLSV1_ALERT_INTERNAL_ERROR] tlsv1 alert internal error (_ssl.c:1129) (configured timeouts: socketTimeoutMS: 20000.0ms, connectTimeoutMS: 20000.0ms),SSL handshake failed: ac-8xlp2xc-shard-00-00.nc9rsuw.mongodb.net:27017: [SSL: TLSV1_ALERT_INTERNAL_ERROR] tlsv1 alert internal error (_ssl.c:1129) (configured timeouts: socketTimeoutMS: 20000.0ms, connectTimeoutMS: 20000.0ms), Timeout: 10.0s, Topology Description: <TopologyDescription id: 69e22f3fed403a7ca528fedf, topology_type: ReplicaSetNoPrimary, servers: [<ServerDescription ('ac-8xlp2xc-shard-00-00.nc9rsuw.mongodb.net', 27017) server_type: Unknown, rtt: None, error=AutoReconnect('SSL handshake failed: ac-8xlp2xc-shard-00-00.nc9rsuw.mongodb.net:27017: [SSL: TLSV1_ALERT_INTERNAL_ERROR] tlsv1 alert internal error (_ssl.c:1129) (configured timeouts: socketTimeoutMS: 20000.0ms, connectTimeoutMS: 20000.0ms)')>, <ServerDescription ('ac-8xlp2xc-shard-00-01.nc9rsuw.mongodb.net', 27017) server_type: Unknown, rtt: None, error=AutoReconnect('SSL handshake failed: ac-8xlp2xc-shard-00-01.nc9rsuw.mongodb.net:27017: [SSL: TLSV1_ALERT_INTERNAL_ERROR] tlsv1 alert internal error (_ssl.c:1129) (configured timeouts: socketTimeoutMS: 20000.0ms, connectTimeoutMS: 20000.0ms)')>, <ServerDescription ('ac-8xlp2xc-shard-00-02.nc9rsuw.mongodb.net', 27017) server_type: Unknown, rtt: None, error=AutoReconnect('SSL handshake failed: ac-8xlp2xc-shard-00-02.nc9rsuw.mongodb.net:27017: [SSL: TLSV1_ALERT_INTERNAL_ERROR] tlsv1 alert internal error (_ssl.c:1129) (configured timeouts: socketTimeoutMS: 20000.0ms, connectTimeoutMS: 20000.0ms)')>]>. Falling back to JSON.
20:51:19 - BidAgent - WARNING - Failed to load memory from MongoDB: SSL handshake failed: ac-8xlp2xc-shard-00-01.nc9rsuw.mongodb.net:27017: [SSL: TLSV1_ALERT_INTERNAL_ERROR] tlsv1 alert internal error (_ssl.c:1129) (configured timeouts: socketTimeoutMS: 20000.0ms, connectTimeoutMS: 20000.0ms),SSL handshake failed: ac-8xlp2xc-shard-00-02.nc9rsuw.mongodb.net:27017: [SSL: TLSV1_ALERT_INTERNAL_ERROR] tlsv1 alert internal error (_ssl.c:1129) (configured timeouts: socketTimeoutMS: 20000.0ms, connectTimeoutMS: 20000.0ms),SSL handshake failed: ac-8xlp2xc-shard-00-00.nc9rsuw.mongodb.net:27017: [SSL: TLSV1_ALERT_INTERNAL_ERROR] tlsv1 alert internal error (_ssl.c:1129) (configured timeouts: socketTimeoutMS: 20000.0ms, connectTimeoutMS: 20000.0ms), Timeout: 10.0s, Topology Description: <TopologyDescription id: 69e22f3fed403a7ca528fedf, topology_type: ReplicaSetNoPrimary, servers: [<ServerDescription ('ac-8xlp2xc-shard-00-00.nc9rsuw.mongodb.net', 27017) server_type: Unknown, rtt: None, error=AutoReconnect('SSL handshake failed: ac-8xlp2xc-shard-00-00.nc9rsuw.mongodb.net:27017: [SSL: TLSV1_ALERT_INTERNAL_ERROR] tlsv1 alert internal error (_ssl.c:1129) (configured timeouts: socketTimeoutMS: 20000.0ms, connectTimeoutMS: 20000.0ms)')>, <ServerDescription ('ac-8xlp2xc-shard-00-01.nc9rsuw.mongodb.net', 27017) server_type: Unknown, rtt: None, error=AutoReconnect('SSL handshake failed: ac-8xlp2xc-shard-00-01.nc9rsuw.mongodb.net:27017: [SSL: TLSV1_ALERT_INTERNAL_ERROR] tlsv1 alert internal error (_ssl.c:1129) (configured timeouts: socketTimeoutMS: 20000.0ms, connectTimeoutMS: 20000.0ms)')>, <ServerDescription ('ac-8xlp2xc-shard-00-02.nc9rsuw.mongodb.net', 27017) server_type: Unknown, rtt: None, error=AutoReconnect('SSL handshake failed: ac-8xlp2xc-shard-00-02.nc9rsuw.mongodb.net:27017: [SSL: TLSV1_ALERT_INTERNAL_ERROR] tlsv1 alert internal error (_ssl.c:1129) (configured timeouts: socketTimeoutMS: 20000.0ms, connectTimeoutMS: 20000.0ms)')>]>. Falling back to JSON.
20:51:29 - BidAgent - WARNING - Failed to load memory from MongoDB: SSL handshake failed: ac-8xlp2xc-shard-00-01.nc9rsuw.mongodb.net:27017: [SSL: TLSV1_ALERT_INTERNAL_ERROR] tlsv1 alert internal error (_ssl.c:1129) (configured timeouts: socketTimeoutMS: 20000.0ms, connectTimeoutMS: 20000.0ms),SSL handshake failed: ac-8xlp2xc-shard-00-02.nc9rsuw.mongodb.net:27017: [SSL: TLSV1_ALERT_INTERNAL_ERROR] tlsv1 alert internal error (_ssl.c:1129) (configured timeouts: socketTimeoutMS: 20000.0ms, connectTimeoutMS: 20000.0ms),SSL handshake failed: ac-8xlp2xc-shard-00-00.nc9rsuw.mongodb.net:27017: [SSL: TLSV1_ALERT_INTERNAL_ERROR] tlsv1 alert internal error (_ssl.c:1129) (configured timeouts: socketTimeoutMS: 20000.0ms, connectTimeoutMS: 20000.0ms), Timeout: 10.0s, Topology Description: <TopologyDescription id: 69e22f3fed403a7ca528fedf, topology_type: ReplicaSetNoPrimary, servers: [<ServerDescription ('ac-8xlp2xc-shard-00-00.nc9rsuw.mongodb.net', 27017) server_type: Unknown, rtt: None, error=AutoReconnect('SSL handshake failed: ac-8xlp2xc-shard-00-00.nc9rsuw.mongodb.net:27017: [SSL: TLSV1_ALERT_INTERNAL_ERROR] tlsv1 alert internal error (_ssl.c:1129) (configured timeouts: socketTimeoutMS: 20000.0ms, connectTimeoutMS: 20000.0ms)')>, <ServerDescription ('ac-8xlp2xc-shard-00-01.nc9rsuw.mongodb.net', 27017) server_type: Unknown, rtt: None, error=AutoReconnect('SSL handshake failed: ac-8xlp2xc-shard-00-01.nc9rsuw.mongodb.net:27017: [SSL: TLSV1_ALERT_INTERNAL_ERROR] tlsv1 alert internal error (_ssl.c:1129) (configured timeouts: socketTimeoutMS: 20000.0ms, connectTimeoutMS: 20000.0ms)')>, <ServerDescription ('ac-8xlp2xc-shard-00-02.nc9rsuw.mongodb.net', 27017) server_type: Unknown, rtt: None, error=AutoReconnect('SSL handshake failed: ac-8xlp2xc-shard-00-02.nc9rsuw.mongodb.net:27017: [SSL: TLSV1_ALERT_INTERNAL_ERROR] tlsv1 alert internal error (_ssl.c:1129) (configured timeouts: socketTimeoutMS: 20000.0ms, connectTimeoutMS: 20000.0ms)')>]>. Falling back to JSON.
20:51:40 - BidAgent - WARNING - Failed to load memory from MongoDB: SSL handshake failed: ac-8xlp2xc-shard-00-01.nc9rsuw.mongodb.net:27017: [SSL: TLSV1_ALERT_INTERNAL_ERROR] tlsv1 alert internal error (_ssl.c:1129) (configured timeouts: socketTimeoutMS: 20000.0ms, connectTimeoutMS: 20000.0ms),SSL handshake failed: ac-8xlp2xc-shard-00-02.nc9rsuw.mongodb.net:27017: [SSL: TLSV1_ALERT_INTERNAL_ERROR] tlsv1 alert internal error (_ssl.c:1129) (configured timeouts: socketTimeoutMS: 20000.0ms, connectTimeoutMS: 20000.0ms),SSL handshake failed: ac-8xlp2xc-shard-00-00.nc9rsuw.mongodb.net:27017: [SSL: TLSV1_ALERT_INTERNAL_ERROR] tlsv1 alert internal error (_ssl.c:1129) (configured timeouts: socketTimeoutMS: 20000.0ms, connectTimeoutMS: 20000.0ms), Timeout: 10.0s, Topology Description: <TopologyDescription id: 69e22f3fed403a7ca528fedf, topology_type: ReplicaSetNoPrimary, servers: [<ServerDescription ('ac-8xlp2xc-shard-00-00.nc9rsuw.mongodb.net', 27017) server_type: Unknown, rtt: None, error=AutoReconnect('SSL handshake failed: ac-8xlp2xc-shard-00-00.nc9rsuw.mongodb.net:27017: [SSL: TLSV1_ALERT_INTERNAL_ERROR] tlsv1 alert internal error (_ssl.c:1129) (configured timeouts: socketTimeoutMS: 20000.0ms, connectTimeoutMS: 20000.0ms)')>, <ServerDescription ('ac-8xlp2xc-shard-00-01.nc9rsuw.mongodb.net', 27017) server_type: Unknown, rtt: None, error=AutoReconnect('SSL handshake failed: ac-8xlp2xc-shard-00-01.nc9rsuw.mongodb.net:27017: [SSL: TLSV1_ALERT_INTERNAL_ERROR] tlsv1 alert internal error (_ssl.c:1129) (configured timeouts: socketTimeoutMS: 20000.0ms, connectTimeoutMS: 20000.0ms)')>, <ServerDescription ('ac-8xlp2xc-shard-00-02.nc9rsuw.mongodb.net', 27017) server_type: Unknown, rtt: None, error=AutoReconnect('SSL handshake failed: ac-8xlp2xc-shard-00-02.nc9rsuw.mongodb.net:27017: [SSL: TLSV1_ALERT_INTERNAL_ERROR] tlsv1 alert internal error (_ssl.c:1129) (configured timeouts: socketTimeoutMS: 20000.0ms, connectTimeoutMS: 20000.0ms)')>]>. Falling back to JSON.
20:51:50 - BidAgent - ERROR - Failed to save memory to MongoDB: SSL handshake failed: ac-8xlp2xc-shard-00-01.nc9rsuw.mongodb.net:27017: [SSL: TLSV1_ALERT_INTERNAL_ERROR] tlsv1 alert internal error (_ssl.c:1129) (configured timeouts: socketTimeoutMS: 20000.0ms, connectTimeoutMS: 20000.0ms),SSL handshake failed: ac-8xlp2xc-shard-00-02.nc9rsuw.mongodb.net:27017: [SSL: TLSV1_ALERT_INTERNAL_ERROR] tlsv1 alert internal error (_ssl.c:1129) (configured timeouts: socketTimeoutMS: 20000.0ms, connectTimeoutMS: 20000.0ms),SSL handshake failed: ac-8xlp2xc-shard-00-00.nc9rsuw.mongodb.net:27017: [SSL: TLSV1_ALERT_INTERNAL_ERROR] tlsv1 alert internal error (_ssl.c:1129) (configured timeouts: socketTimeoutMS: 20000.0ms, connectTimeoutMS: 20000.0ms), Timeout: 10.0s, Topology Description: <TopologyDescription id: 69e22f3fed403a7ca528fedf, topology_type: ReplicaSetNoPrimary, servers: [<ServerDescription ('ac-8xlp2xc-shard-00-00.nc9rsuw.mongodb.net', 27017) server_type: Unknown, rtt: None, error=AutoReconnect('SSL handshake failed: ac-8xlp2xc-shard-00-00.nc9rsuw.mongodb.net:27017: [SSL: TLSV1_ALERT_INTERNAL_ERROR] tlsv1 alert internal error (_ssl.c:1129) (configured timeouts: socketTimeoutMS: 20000.0ms, connectTimeoutMS: 20000.0ms)')>, <ServerDescription ('ac-8xlp2xc-shard-00-01.nc9rsuw.mongodb.net', 27017) server_type: Unknown, rtt: None, error=AutoReconnect('SSL handshake failed: ac-8xlp2xc-shard-00-01.nc9rsuw.mongodb.net:27017: [SSL: TLSV1_ALERT_INTERNAL_ERROR] tlsv1 alert internal error (_ssl.c:1129) (configured timeouts: socketTimeoutMS: 20000.0ms, connectTimeoutMS: 20000.0ms)')>, <ServerDescription ('ac-8xlp2xc-shard-00-02.nc9rsuw.mongodb.net', 27017) server_type: Unknown, rtt: None, error=AutoReconnect('SSL handshake failed: ac-8xlp2xc-shard-00-02.nc9rsuw.mongodb.net:27017: [SSL: TLSV1_ALERT_INTERNAL_ERROR] tlsv1 alert internal error (_ssl.c:1129) (configured timeouts: socketTimeoutMS: 20000.0ms, connectTimeoutMS: 20000.0ms)')>]>
20:51:50 - httpx - INFO - HTTP Request: POST https://tevdxaufsnpsbvvurddg.supabase.co/rest/v1/memory_store?on_conflict=id "HTTP/2 200 OK"
20:52:00 - BidAgent - WARNING - Failed to load memory from MongoDB: SSL handshake failed: ac-8xlp2xc-shard-00-01.nc9rsuw.mongodb.net:27017: [SSL: TLSV1_ALERT_INTERNAL_ERROR] tlsv1 alert internal error (_ssl.c:1129) (configured timeouts: socketTimeoutMS: 20000.0ms, connectTimeoutMS: 20000.0ms),SSL handshake failed: ac-8xlp2xc-shard-00-02.nc9rsuw.mongodb.net:27017: [SSL: TLSV1_ALERT_INTERNAL_ERROR] tlsv1 alert internal error (_ssl.c:1129) (configured timeouts: socketTimeoutMS: 20000.0ms, connectTimeoutMS: 20000.0ms),SSL handshake failed: ac-8xlp2xc-shard-00-00.nc9rsuw.mongodb.net:27017: [SSL: TLSV1_ALERT_INTERNAL_ERROR] tlsv1 alert internal error (_ssl.c:1129) (configured timeouts: socketTimeoutMS: 20000.0ms, connectTimeoutMS: 20000.0ms), Timeout: 10.0s, Topology Description: <TopologyDescription id: 69e22f3fed403a7ca528fedf, topology_type: ReplicaSetNoPrimary, servers: [<ServerDescription ('ac-8xlp2xc-shard-00-00.nc9rsuw.mongodb.net', 27017) server_type: Unknown, rtt: None, error=AutoReconnect('SSL handshake failed: ac-8xlp2xc-shard-00-00.nc9rsuw.mongodb.net:27017: [SSL: TLSV1_ALERT_INTERNAL_ERROR] tlsv1 alert internal error (_ssl.c:1129) (configured timeouts: socketTimeoutMS: 20000.0ms, connectTimeoutMS: 20000.0ms)')>, <ServerDescription ('ac-8xlp2xc-shard-00-01.nc9rsuw.mongodb.net', 27017) server_type: Unknown, rtt: None, error=AutoReconnect('SSL handshake failed: ac-8xlp2xc-shard-00-01.nc9rsuw.mongodb.net:27017: [SSL: TLSV1_ALERT_INTERNAL_ERROR] tlsv1 alert internal error (_ssl.c:1129) (configured timeouts: socketTimeoutMS: 20000.0ms, connectTimeoutMS: 20000.0ms)')>, <ServerDescription ('ac-8xlp2xc-shard-00-02.nc9rsuw.mongodb.net', 27017) server_type: Unknown, rtt: None, error=AutoReconnect('SSL handshake failed: ac-8xlp2xc-shard-00-02.nc9rsuw.mongodb.net:27017: [SSL: TLSV1_ALERT_INTERNAL_ERROR] tlsv1 alert internal error (_ssl.c:1129) (configured timeouts: socketTimeoutMS: 20000.0ms, connectTimeoutMS: 20000.0ms)')>]>. Falling back to JSON.
20:52:10 - BidAgent - ERROR - Failed to save memory to MongoDB: SSL handshake failed: ac-8xlp2xc-shard-00-01.nc9rsuw.mongodb.net:27017: [SSL: TLSV1_ALERT_INTERNAL_ERROR] tlsv1 alert internal error (_ssl.c:1129) (configured timeouts: socketTimeoutMS: 20000.0ms, connectTimeoutMS: 20000.0ms),SSL handshake failed: ac-8xlp2xc-shard-00-02.nc9rsuw.mongodb.net:27017: [SSL: TLSV1_ALERT_INTERNAL_ERROR] tlsv1 alert internal error (_ssl.c:1129) (configured timeouts: socketTimeoutMS: 20000.0ms, connectTimeoutMS: 20000.0ms),SSL handshake failed: ac-8xlp2xc-shard-00-00.nc9rsuw.mongodb.net:27017: [SSL: TLSV1_ALERT_INTERNAL_ERROR] tlsv1 alert internal error (_ssl.c:1129) (configured timeouts: socketTimeoutMS: 20000.0ms, connectTimeoutMS: 20000.0ms), Timeout: 10.0s, Topology Description: <TopologyDescription id: 69e22f3fed403a7ca528fedf, topology_type: ReplicaSetNoPrimary, servers: [<ServerDescription ('ac-8xlp2xc-shard-00-00.nc9rsuw.mongodb.net', 27017) server_type: Unknown, rtt: None, error=AutoReconnect('SSL handshake failed: ac-8xlp2xc-shard-00-00.nc9rsuw.mongodb.net:27017: [SSL: TLSV1_ALERT_INTERNAL_ERROR] tlsv1 alert internal error (_ssl.c:1129) (configured timeouts: socketTimeoutMS: 20000.0ms, connectTimeoutMS: 20000.0ms)')>, <ServerDescription ('ac-8xlp2xc-shard-00-01.nc9rsuw.mongodb.net', 27017) server_type: Unknown, rtt: None, error=AutoReconnect('SSL handshake failed: ac-8xlp2xc-shard-00-01.nc9rsuw.mongodb.net:27017: [SSL: TLSV1_ALERT_INTERNAL_ERROR] tlsv1 alert internal error (_ssl.c:1129) (configured timeouts: socketTimeoutMS: 20000.0ms, connectTimeoutMS: 20000.0ms)')>, <ServerDescription ('ac-8xlp2xc-shard-00-02.nc9rsuw.mongodb.net', 27017) server_type: Unknown, rtt: None, error=AutoReconnect('SSL handshake failed: ac-8xlp2xc-shard-00-02.nc9rsuw.mongodb.net:27017: [SSL: TLSV1_ALERT_INTERNAL_ERROR] tlsv1 alert internal error (_ssl.c:1129) (configured timeouts: socketTimeoutMS: 20000.0ms, connectTimeoutMS: 20000.0ms)')>]>
20:52:11 - httpx - INFO - HTTP Request: POST https://tevdxaufsnpsbvvurddg.supabase.co/rest/v1/memory_store?on_conflict=id "HTTP/2 200 OK"
20:52:21 - BidAgent - WARNING - Failed to load memory from MongoDB: SSL handshake failed: ac-8xlp2xc-shard-00-01.nc9rsuw.mongodb.net:27017: [SSL: TLSV1_ALERT_INTERNAL_ERROR] tlsv1 alert internal error (_ssl.c:1129) (configured timeouts: socketTimeoutMS: 20000.0ms, connectTimeoutMS: 20000.0ms),SSL handshake failed: ac-8xlp2xc-shard-00-02.nc9rsuw.mongodb.net:27017: [SSL: TLSV1_ALERT_INTERNAL_ERROR] tlsv1 alert internal error (_ssl.c:1129) (configured timeouts: socketTimeoutMS: 20000.0ms, connectTimeoutMS: 20000.0ms),SSL handshake failed: ac-8xlp2xc-shard-00-00.nc9rsuw.mongodb.net:27017: [SSL: TLSV1_ALERT_INTERNAL_ERROR] tlsv1 alert internal error (_ssl.c:1129) (configured timeouts: socketTimeoutMS: 20000.0ms, connectTimeoutMS: 20000.0ms), Timeout: 10.0s, Topology Description: <TopologyDescription id: 69e22f3fed403a7ca528fedf, topology_type: ReplicaSetNoPrimary, servers: [<ServerDescription ('ac-8xlp2xc-shard-00-00.nc9rsuw.mongodb.net', 27017) server_type: Unknown, rtt: None, error=AutoReconnect('SSL handshake failed: ac-8xlp2xc-shard-00-00.nc9rsuw.mongodb.net:27017: [SSL: TLSV1_ALERT_INTERNAL_ERROR] tlsv1 alert internal error (_ssl.c:1129) (configured timeouts: socketTimeoutMS: 20000.0ms, connectTimeoutMS: 20000.0ms)')>, <ServerDescription ('ac-8xlp2xc-shard-00-01.nc9rsuw.mongodb.net', 27017) server_type: Unknown, rtt: None, error=AutoReconnect('SSL handshake failed: ac-8xlp2xc-shard-00-01.nc9rsuw.mongodb.net:27017: [SSL: TLSV1_ALERT_INTERNAL_ERROR] tlsv1 alert internal error (_ssl.c:1129) (configured timeouts: socketTimeoutMS: 20000.0ms, connectTimeoutMS: 20000.0ms)')>, <ServerDescription ('ac-8xlp2xc-shard-00-02.nc9rsuw.mongodb.net', 27017) server_type: Unknown, rtt: None, error=AutoReconnect('SSL handshake failed: ac-8xlp2xc-shard-00-02.nc9rsuw.mongodb.net:27017: [SSL: TLSV1_ALERT_INTERNAL_ERROR] tlsv1 alert internal error (_ssl.c:1129) (configured timeouts: socketTimeoutMS: 20000.0ms, connectTimeoutMS: 20000.0ms)')>]>. Falling back to JSON.
20:52:31 - BidAgent - ERROR - Failed to save memory to MongoDB: SSL handshake failed: ac-8xlp2xc-shard-00-01.nc9rsuw.mongodb.net:27017: [SSL: TLSV1_ALERT_INTERNAL_ERROR] tlsv1 alert internal error (_ssl.c:1129) (configured timeouts: socketTimeoutMS: 20000.0ms, connectTimeoutMS: 20000.0ms),SSL handshake failed: ac-8xlp2xc-shard-00-02.nc9rsuw.mongodb.net:27017: [SSL: TLSV1_ALERT_INTERNAL_ERROR] tlsv1 alert internal error (_ssl.c:1129) (configured timeouts: socketTimeoutMS: 20000.0ms, connectTimeoutMS: 20000.0ms),SSL handshake failed: ac-8xlp2xc-shard-00-00.nc9rsuw.mongodb.net:27017: [SSL: TLSV1_ALERT_INTERNAL_ERROR] tlsv1 alert internal error (_ssl.c:1129) (configured timeouts: socketTimeoutMS: 20000.0ms, connectTimeoutMS: 20000.0ms), Timeout: 10.0s, Topology Description: <TopologyDescription id: 69e22f3fed403a7ca528fedf, topology_type: ReplicaSetNoPrimary, servers: [<ServerDescription ('ac-8xlp2xc-shard-00-00.nc9rsuw.mongodb.net', 27017) server_type: Unknown, rtt: None, error=AutoReconnect('SSL handshake failed: ac-8xlp2xc-shard-00-00.nc9rsuw.mongodb.net:27017: [SSL: TLSV1_ALERT_INTERNAL_ERROR] tlsv1 alert internal error (_ssl.c:1129) (configured timeouts: socketTimeoutMS: 20000.0ms, connectTimeoutMS: 20000.0ms)')>, <ServerDescription ('ac-8xlp2xc-shard-00-01.nc9rsuw.mongodb.net', 27017) server_type: Unknown, rtt: None, error=AutoReconnect('SSL handshake failed: ac-8xlp2xc-shard-00-01.nc9rsuw.mongodb.net:27017: [SSL: TLSV1_ALERT_INTERNAL_ERROR] tlsv1 alert internal error (_ssl.c:1129) (configured timeouts: socketTimeoutMS: 20000.0ms, connectTimeoutMS: 20000.0ms)')>, <ServerDescription ('ac-8xlp2xc-shard-00-02.nc9rsuw.mongodb.net', 27017) server_type: Unknown, rtt: None, error=AutoReconnect('SSL handshake failed: ac-8xlp2xc-shard-00-02.nc9rsuw.mongodb.net:27017: [SSL: TLSV1_ALERT_INTERNAL_ERROR] tlsv1 alert internal error (_ssl.c:1129) (configured timeouts: socketTimeoutMS: 20000.0ms, connectTimeoutMS: 20000.0ms)')>]>
20:52:31 - httpx - INFO - HTTP Request: POST https://tevdxaufsnpsbvvurddg.supabase.co/rest/v1/memory_store?on_conflict=id "HTTP/2 200 OK"
20:52:31 - BidAgent - INFO - Strategy: Target CPA — PROTECT_BUDGET | CPM: €0.57 | tROAS: 4.0x | tCPA: €203.31
20:52:31 - AgentOrchestrator - INFO - Executing Tier 6: ['AdsAgent', 'MonetizationAgent', 'SwarmAgent_04_CONTROL', 'SwarmAgent_11_CONTROL', 'SwarmAgent_18_CONTROL', 'SwarmAgent_25_CONTROL', 'SwarmAgent_32_CONTROL', 'SwarmAgent_39_CONTROL', 'SwarmAgent_46_CONTROL', 'SwarmAgent_53_CONTROL', 'SwarmAgent_60_CONTROL', 'SwarmAgent_67_CONTROL', 'SwarmAgent_74_CONTROL', 'SwarmAgent_81_CONTROL', 'SwarmAgent_88_CONTROL', 'SwarmAgent_95_CONTROL']
20:52:31 - AdsAgent - INFO - Generating Performance Max Asset Groups & Ad Campaigns...
20:52:31 - TelemetryManager - INFO - [TELEMETRY] AdsAgent emitted AD_STRATEGY_GENERATION for AD_ADS_ADVERTISE
20:52:31 - AdsAgent - INFO - Generated 3 standard ads + PMax group 'PMax_Group_AdTech_Professi' (8 headlines, signal: BUILDING)
20:52:31 - MonetizationAgent - INFO - Running Monetization Analysis...
20:52:31 - SwarmAgent_04_CONTROL - INFO - [CONTROL] Executing SEO Micro-task: SEO Audit
20:52:31 - SwarmAgent_11_CONTROL - INFO - [CONTROL] Executing SEO Micro-task: Domain Research
20:52:31 - SwarmAgent_18_CONTROL - INFO - [CONTROL] Executing SEO Micro-task: Domain Research
20:52:31 - SwarmAgent_25_CONTROL - INFO - [CONTROL] Executing SEO Micro-task: SEO Audit
20:52:31 - SwarmAgent_32_CONTROL - INFO - [CONTROL] Executing SEO Micro-task: SEO Audit
20:52:31 - SwarmAgent_39_CONTROL - INFO - [CONTROL] Executing SEO Micro-task: SEO Audit
20:52:31 - SwarmAgent_46_CONTROL - INFO - [CONTROL] Executing SEO Micro-task: Market Probe
20:52:31 - SwarmAgent_53_CONTROL - INFO - [CONTROL] Executing SEO Micro-task: Market Probe
20:52:31 - SwarmAgent_60_CONTROL - INFO - [CONTROL] Executing SEO Micro-task: SEO Audit
20:52:31 - SwarmAgent_67_CONTROL - INFO - [CONTROL] Executing SEO Micro-task: SEO Audit
20:52:31 - SwarmAgent_74_CONTROL - INFO - [CONTROL] Executing SEO Micro-task: Market Probe
20:52:31 - SwarmAgent_81_CONTROL - INFO - [CONTROL] Executing SEO Micro-task: SEO Audit
20:52:31 - SwarmAgent_88_CONTROL - INFO - [CONTROL] Executing SEO Micro-task: Market Probe
20:52:31 - SwarmAgent_95_CONTROL - INFO - [CONTROL] Executing SEO Micro-task: Market Probe
20:52:31 - AgentOrchestrator - INFO - Executing Tier 7: ['AutonomousIntelligenceAgent']
20:52:31 - httpx - INFO - HTTP Request: POST https://tevdxaufsnpsbvvurddg.supabase.co/rest/v1/telemetry?columns=%22id%22%2C%22event_data%22%2C%22recorded_at%22 "HTTP/2 201 Created"
20:52:31 - AutonomousIntelligenceAgent - INFO - Overseeing Ecosystem...
20:52:42 - AutonomousIntelligenceAgent - WARNING - Failed to load memory from MongoDB: SSL handshake failed: ac-8xlp2xc-shard-00-01.nc9rsuw.mongodb.net:27017: [SSL: TLSV1_ALERT_INTERNAL_ERROR] tlsv1 alert internal error (_ssl.c:1129) (configured timeouts: socketTimeoutMS: 20000.0ms, connectTimeoutMS: 20000.0ms),SSL handshake failed: ac-8xlp2xc-shard-00-02.nc9rsuw.mongodb.net:27017: [SSL: TLSV1_ALERT_INTERNAL_ERROR] tlsv1 alert internal error (_ssl.c:1129) (configured timeouts: socketTimeoutMS: 20000.0ms, connectTimeoutMS: 20000.0ms),SSL handshake failed: ac-8xlp2xc-shard-00-00.nc9rsuw.mongodb.net:27017: [SSL: TLSV1_ALERT_INTERNAL_ERROR] tlsv1 alert internal error (_ssl.c:1129) (configured timeouts: socketTimeoutMS: 20000.0ms, connectTimeoutMS: 20000.0ms), Timeout: 10.0s, Topology Description: <TopologyDescription id: 69e22f3fed403a7ca528fedf, topology_type: ReplicaSetNoPrimary, servers: [<ServerDescription ('ac-8xlp2xc-shard-00-00.nc9rsuw.mongodb.net', 27017) server_type: Unknown, rtt: None, error=AutoReconnect('SSL handshake failed: ac-8xlp2xc-shard-00-00.nc9rsuw.mongodb.net:27017: [SSL: TLSV1_ALERT_INTERNAL_ERROR] tlsv1 alert internal error (_ssl.c:1129) (configured timeouts: socketTimeoutMS: 20000.0ms, connectTimeoutMS: 20000.0ms)')>, <ServerDescription ('ac-8xlp2xc-shard-00-01.nc9rsuw.mongodb.net', 27017) server_type: Unknown, rtt: None, error=AutoReconnect('SSL handshake failed: ac-8xlp2xc-shard-00-01.nc9rsuw.mongodb.net:27017: [SSL: TLSV1_ALERT_INTERNAL_ERROR] tlsv1 alert internal error (_ssl.c:1129) (configured timeouts: socketTimeoutMS: 20000.0ms, connectTimeoutMS: 20000.0ms)')>, <ServerDescription ('ac-8xlp2xc-shard-00-02.nc9rsuw.mongodb.net', 27017) server_type: Unknown, rtt: None, error=AutoReconnect('SSL handshake failed: ac-8xlp2xc-shard-00-02.nc9rsuw.mongodb.net:27017: [SSL: TLSV1_ALERT_INTERNAL_ERROR] tlsv1 alert internal error (_ssl.c:1129) (configured timeouts: socketTimeoutMS: 20000.0ms, connectTimeoutMS: 20000.0ms)')>]>. Falling back to JSON.
20:52:42 - TelemetryManager - WARNING - MongoDB telemetry sync failed: SSL handshake failed: ac-8xlp2xc-shard-00-01.nc9rsuw.mongodb.net:27017: [SSL: TLSV1_ALERT_INTERNAL_ERROR] tlsv1 alert internal error (_ssl.c:1129) (configured timeouts: socketTimeoutMS: 20000.0ms, connectTimeoutMS: 20000.0ms),SSL handshake failed: ac-8xlp2xc-shard-00-02.nc9rsuw.mongodb.net:27017: [SSL: TLSV1_ALERT_INTERNAL_ERROR] tlsv1 alert internal error (_ssl.c:1129) (configured timeouts: socketTimeoutMS: 20000.0ms, connectTimeoutMS: 20000.0ms),SSL handshake failed: ac-8xlp2xc-shard-00-00.nc9rsuw.mongodb.net:27017: [SSL: TLSV1_ALERT_INTERNAL_ERROR] tlsv1 alert internal error (_ssl.c:1129) (configured timeouts: socketTimeoutMS: 20000.0ms, connectTimeoutMS: 20000.0ms), Timeout: 10.0s, Topology Description: <TopologyDescription id: 69e22f3fed403a7ca528fedf, topology_type: ReplicaSetNoPrimary, servers: [<ServerDescription ('ac-8xlp2xc-shard-00-00.nc9rsuw.mongodb.net', 27017) server_type: Unknown, rtt: None, error=AutoReconnect('SSL handshake failed: ac-8xlp2xc-shard-00-00.nc9rsuw.mongodb.net:27017: [SSL: TLSV1_ALERT_INTERNAL_ERROR] tlsv1 alert internal error (_ssl.c:1129) (configured timeouts: socketTimeoutMS: 20000.0ms, connectTimeoutMS: 20000.0ms)')>, <ServerDescription ('ac-8xlp2xc-shard-00-01.nc9rsuw.mongodb.net', 27017) server_type: Unknown, rtt: None, error=AutoReconnect('SSL handshake failed: ac-8xlp2xc-shard-00-01.nc9rsuw.mongodb.net:27017: [SSL: TLSV1_ALERT_INTERNAL_ERROR] tlsv1 alert internal error (_ssl.c:1129) (configured timeouts: socketTimeoutMS: 20000.0ms, connectTimeoutMS: 20000.0ms)')>, <ServerDescription ('ac-8xlp2xc-shard-00-02.nc9rsuw.mongodb.net', 27017) server_type: Unknown, rtt: None, error=AutoReconnect('SSL handshake failed: ac-8xlp2xc-shard-00-02.nc9rsuw.mongodb.net:27017: [SSL: TLSV1_ALERT_INTERNAL_ERROR] tlsv1 alert internal error (_ssl.c:1129) (configured timeouts: socketTimeoutMS: 20000.0ms, connectTimeoutMS: 20000.0ms)')>]>
20:52:52 - AutonomousIntelligenceAgent - ERROR - Failed to save memory to MongoDB: SSL handshake failed: ac-8xlp2xc-shard-00-01.nc9rsuw.mongodb.net:27017: [SSL: TLSV1_ALERT_INTERNAL_ERROR] tlsv1 alert internal error (_ssl.c:1129) (configured timeouts: socketTimeoutMS: 20000.0ms, connectTimeoutMS: 20000.0ms),SSL handshake failed: ac-8xlp2xc-shard-00-02.nc9rsuw.mongodb.net:27017: [SSL: TLSV1_ALERT_INTERNAL_ERROR] tlsv1 alert internal error (_ssl.c:1129) (configured timeouts: socketTimeoutMS: 20000.0ms, connectTimeoutMS: 20000.0ms),SSL handshake failed: ac-8xlp2xc-shard-00-00.nc9rsuw.mongodb.net:27017: [SSL: TLSV1_ALERT_INTERNAL_ERROR] tlsv1 alert internal error (_ssl.c:1129) (configured timeouts: socketTimeoutMS: 20000.0ms, connectTimeoutMS: 20000.0ms), Timeout: 10.0s, Topology Description: <TopologyDescription id: 69e22f3fed403a7ca528fedf, topology_type: ReplicaSetNoPrimary, servers: [<ServerDescription ('ac-8xlp2xc-shard-00-00.nc9rsuw.mongodb.net', 27017) server_type: Unknown, rtt: None, error=AutoReconnect('SSL handshake failed: ac-8xlp2xc-shard-00-00.nc9rsuw.mongodb.net:27017: [SSL: TLSV1_ALERT_INTERNAL_ERROR] tlsv1 alert internal error (_ssl.c:1129) (configured timeouts: socketTimeoutMS: 20000.0ms, connectTimeoutMS: 20000.0ms)')>, <ServerDescription ('ac-8xlp2xc-shard-00-01.nc9rsuw.mongodb.net', 27017) server_type: Unknown, rtt: None, error=AutoReconnect('SSL handshake failed: ac-8xlp2xc-shard-00-01.nc9rsuw.mongodb.net:27017: [SSL: TLSV1_ALERT_INTERNAL_ERROR] tlsv1 alert internal error (_ssl.c:1129) (configured timeouts: socketTimeoutMS: 20000.0ms, connectTimeoutMS: 20000.0ms)')>, <ServerDescription ('ac-8xlp2xc-shard-00-02.nc9rsuw.mongodb.net', 27017) server_type: Unknown, rtt: None, error=AutoReconnect('SSL handshake failed: ac-8xlp2xc-shard-00-02.nc9rsuw.mongodb.net:27017: [SSL: TLSV1_ALERT_INTERNAL_ERROR] tlsv1 alert internal error (_ssl.c:1129) (configured timeouts: socketTimeoutMS: 20000.0ms, connectTimeoutMS: 20000.0ms)')>]>
20:52:52 - httpx - INFO - HTTP Request: POST https://tevdxaufsnpsbvvurddg.supabase.co/rest/v1/memory_store?on_conflict=id "HTTP/2 200 OK"
20:52:52 - AgentOrchestrator - INFO - Executing Tier 8: ['TelemetryAgent']
20:52:52 - TelemetryAgent - INFO - Synthesizing Market Data Structural Telemetry & External World Connectivity...
20:52:52 - AgentOrchestrator - INFO - Executing Tier 9: ['SixSigmaChampion']
20:52:52 - SixSigmaChampion - INFO - Governing Six Belt Sigma SEO Process...
20:52:52 - AgentOrchestrator - INFO - Executing Tier 10: ['Architect', 'CEO_Backup_00', 'CEO_Backup_01', 'CEO_Backup_02', 'CEO_Backup_03', 'AutonomyExpertImbued', 'SwiftEvolutionExpertImbued']
20:52:52 - Architect - INFO - Analyzing system architecture for daily improvements...
20:52:52 - Architect - INFO - Reviewing proposal from SwarmAgent_05_RESEARCH_WORLD: {'seo_impact_threshold': 0.48}
20:52:52 - Architect - INFO - Reviewing proposal from SwarmAgent_06_AD_TECH_PROBE: {'seo_impact_threshold': 0.48}
20:52:52 - Architect - INFO - Reviewing proposal from SwarmAgent_07_DEFINE: {'seo_impact_threshold': 0.48}
20:52:52 - Architect - INFO - Reviewing proposal from SwarmAgent_19_RESEARCH_WORLD: {'seo_impact_threshold': 0.48}
20:52:52 - Architect - INFO - Reviewing proposal from SwarmAgent_21_DEFINE: {'seo_impact_threshold': 0.48}
20:52:52 - Architect - INFO - Reviewing proposal from SwarmAgent_27_AD_TECH_PROBE: {'seo_impact_threshold': 0.48}
20:52:52 - Architect - INFO - Reviewing proposal from SwarmAgent_28_DEFINE: {'seo_impact_threshold': 0.48}
20:52:52 - Architect - INFO - Reviewing proposal from SwarmAgent_33_RESEARCH_WORLD: {'seo_impact_threshold': 0.48}
20:52:52 - Architect - INFO - Reviewing proposal from SwarmAgent_34_AD_TECH_PROBE: {'seo_impact_threshold': 0.48}
20:52:52 - Architect - INFO - Reviewing proposal from SwarmAgent_41_AD_TECH_PROBE: {'seo_impact_threshold': 0.48}
20:52:52 - Architect - INFO - Reviewing proposal from SwarmAgent_42_DEFINE: {'seo_impact_threshold': 0.48}
20:52:52 - Architect - INFO - Reviewing proposal from SwarmAgent_47_RESEARCH_WORLD: {'seo_impact_threshold': 0.48}
20:52:52 - Architect - INFO - Reviewing proposal from SwarmAgent_54_RESEARCH_WORLD: {'seo_impact_threshold': 0.48}
20:52:52 - Architect - INFO - Reviewing proposal from SwarmAgent_55_AD_TECH_PROBE: {'seo_impact_threshold': 0.48}
20:52:52 - Architect - INFO - Reviewing proposal from SwarmAgent_56_DEFINE: {'seo_impact_threshold': 0.48}
20:52:52 - Architect - INFO - Reviewing proposal from SwarmAgent_68_RESEARCH_WORLD: {'seo_impact_threshold': 0.48}
20:52:52 - Architect - INFO - Reviewing proposal from SwarmAgent_69_AD_TECH_PROBE: {'seo_impact_threshold': 0.48}
20:52:52 - Architect - INFO - Reviewing proposal from SwarmAgent_70_DEFINE: {'seo_impact_threshold': 0.48}
20:52:52 - Architect - INFO - Reviewing proposal from SwarmAgent_75_RESEARCH_WORLD: {'seo_impact_threshold': 0.48}
20:52:52 - Architect - INFO - Reviewing proposal from SwarmAgent_82_RESEARCH_WORLD: {'seo_impact_threshold': 0.48}
20:52:52 - Architect - INFO - Reviewing proposal from SwarmAgent_83_AD_TECH_PROBE: {'seo_impact_threshold': 0.48}
20:52:52 - Architect - INFO - Reviewing proposal from SwarmAgent_84_DEFINE: {'seo_impact_threshold': 0.48}
20:52:52 - Architect - INFO - Reviewing proposal from SwarmAgent_91_DEFINE: {'seo_impact_threshold': 0.48}
20:52:52 - Architect - INFO - Reviewing proposal from SwarmAgent_96_RESEARCH_WORLD: {'seo_impact_threshold': 0.48}
20:52:52 - Architect - INFO - Reviewing proposal from SwarmAgent_98_DEFINE: {'seo_impact_threshold': 0.48}
20:52:52 - Architect - INFO - Reviewing proposal from SwarmAgent_02_ANALYZE: {'seo_impact_threshold': 0.48}
20:52:52 - Architect - INFO - Reviewing proposal from SwarmAgent_08_MEASURE: {'seo_impact_threshold': 0.48}
20:52:52 - Architect - INFO - Reviewing proposal from SwarmAgent_09_ANALYZE: {'seo_impact_threshold': 0.48}
20:52:52 - Architect - INFO - Reviewing proposal from SwarmAgent_15_MEASURE: {'seo_impact_threshold': 0.48}
20:52:52 - Architect - INFO - Reviewing proposal from SwarmAgent_16_ANALYZE: {'seo_impact_threshold': 0.48}
20:52:52 - Architect - INFO - Reviewing proposal from SwarmAgent_30_ANALYZE: {'seo_impact_threshold': 0.48}
20:52:52 - Architect - INFO - Reviewing proposal from SwarmAgent_57_MEASURE: {'seo_impact_threshold': 0.48}
20:52:52 - Architect - INFO - Reviewing proposal from SwarmAgent_58_ANALYZE: {'seo_impact_threshold': 0.48}
20:52:52 - Architect - INFO - Reviewing proposal from SwarmAgent_64_MEASURE: {'seo_impact_threshold': 0.48}
20:52:52 - Architect - INFO - Reviewing proposal from SwarmAgent_65_ANALYZE: {'seo_impact_threshold': 0.48}
20:52:52 - Architect - INFO - Reviewing proposal from SwarmAgent_71_MEASURE: {'seo_impact_threshold': 0.48}
20:52:52 - Architect - INFO - Reviewing proposal from SwarmAgent_72_ANALYZE: {'seo_impact_threshold': 0.48}
20:52:52 - Architect - INFO - Reviewing proposal from SwarmAgent_92_MEASURE: {'seo_impact_threshold': 0.48}
20:52:52 - Architect - INFO - Reviewing proposal from SwarmAgent_17_IMPROVE: {'seo_impact_threshold': 0.48}
20:52:52 - Architect - INFO - Reviewing proposal from SwarmAgent_24_IMPROVE: {'seo_impact_threshold': 0.48}
20:52:52 - Architect - INFO - Reviewing proposal from SwarmAgent_31_IMPROVE: {'seo_impact_threshold': 0.48}
20:52:52 - Architect - INFO - Reviewing proposal from SwarmAgent_45_IMPROVE: {'seo_impact_threshold': 0.48}
20:52:52 - Architect - INFO - Reviewing proposal from SwarmAgent_59_IMPROVE: {'seo_impact_threshold': 0.48}
20:52:52 - Architect - INFO - Reviewing proposal from SwarmAgent_73_IMPROVE: {'seo_impact_threshold': 0.48}
20:52:52 - Architect - INFO - Reviewing proposal from SwarmAgent_04_CONTROL: {'seo_impact_threshold': 0.48}
20:52:52 - Architect - INFO - Reviewing proposal from SwarmAgent_11_CONTROL: {'seo_impact_threshold': 0.48}
20:52:52 - Architect - INFO - Reviewing proposal from SwarmAgent_18_CONTROL: {'seo_impact_threshold': 0.48}
20:52:52 - Architect - INFO - Reviewing proposal from SwarmAgent_25_CONTROL: {'seo_impact_threshold': 0.48}
20:52:52 - Architect - INFO - Reviewing proposal from SwarmAgent_39_CONTROL: {'seo_impact_threshold': 0.48}
20:52:52 - Architect - INFO - Reviewing proposal from SwarmAgent_46_CONTROL: {'seo_impact_threshold': 0.48}
20:52:52 - Architect - INFO - Reviewing proposal from SwarmAgent_60_CONTROL: {'seo_impact_threshold': 0.48}
20:52:52 - Architect - INFO - Reviewing proposal from SwarmAgent_81_CONTROL: {'seo_impact_threshold': 0.48}
20:52:52 - Architect - INFO - Reviewing proposal from SwarmAgent_88_CONTROL: {'seo_impact_threshold': 0.48}
20:52:52 - Architect - INFO - Reviewing proposal from SwarmAgent_95_CONTROL: {'seo_impact_threshold': 0.48}
20:52:52 - AgentOrchestrator - ERROR - Error in agent Architect: can only concatenate str (not "float") to str
Traceback (most recent call last):
  File "/Users/filipkeser/Documents/Antigravity/agents/orchestrator.py", line 74, in _run_agent
    "current_tier": 0,
  File "/Users/filipkeser/Documents/Antigravity/agents/architect_agent.py", line 44, in run
    else:
  File "/Users/filipkeser/Documents/Antigravity/agents/architect_agent.py", line 53, in _apply_evolution
TypeError: can only concatenate str (not "float") to str
20:52:52 - CEO_Backup_00 - INFO - Verifying CEO (Champion) integrity...
20:52:52 - CEO_Backup_01 - INFO - Verifying CEO (Champion) integrity...
20:52:52 - CEO_Backup_02 - INFO - Verifying CEO (Champion) integrity...
20:52:52 - CEO_Backup_03 - INFO - Verifying CEO (Champion) integrity...
20:52:52 - AutonomyExpertImbued - INFO - 🤖 Autonomy Expert running diagnostic on background daily cycle...
20:52:52 - AutonomyExpertImbued - INFO - Last autonomous run detected at: 2026-04-17T18:45:39.603463+00:00
20:52:52 - SwiftEvolutionExpertImbued - INFO - Swift Evolution Expert refactoring Agent IDE UI...
20:52:53 - httpx - INFO - HTTP Request: POST https://tevdxaufsnpsbvvurddg.supabase.co/rest/v1/telemetry "HTTP/2 400 Bad Request"
20:52:53 - SwiftEvolutionExpertImbued - WARNING - Failed to push to Supabase: {'message': 'null value in column "id" of relation "telemetry" violates not-null constraint', 'code': '23502', 'hint': None, 'details': 'Failing row contains (null, {"type": "EVOLUTION_SYNC", "message": "Swift Evolution Expert op..., 2026-04-17 18:52:52.808028+00).'}
20:52:53 - AgentOrchestrator - INFO - Executing Tier 11: ['MetaCodingAgent', 'DockerEvolutionAgent']
20:52:53 - MetaCodingAgent - INFO - Performing Meta-Coding Analysis and Autonomous Self-Improvement...
20:52:53 - MetaCodingAgent - INFO - Stable impact detected. Standard maintenance refactor proposed.
20:52:53 - DockerEvolutionAgent - INFO - No system evolution detected. Skipping Docker validation.
20:52:53 - AgentOrchestrator - INFO - Executing Tier 12: ['GitHubEvolutionAgent']
20:52:53 - GitHubEvolutionAgent - INFO - No system evolution. Skipping Git operations.
20:52:53 - httpx - INFO - HTTP Request: POST https://tevdxaufsnpsbvvurddg.supabase.co/rest/v1/github_sync_history "HTTP/2 201 Created"
20:52:53 - GitHubEvolutionAgent - INFO - GitHub sync record written to Supabase: SKIPPED
20:53:03 - GitHubEvolutionAgent - WARNING - MongoDB github_sync write failed: SSL handshake failed: ac-8xlp2xc-shard-00-01.nc9rsuw.mongodb.net:27017: [SSL: TLSV1_ALERT_INTERNAL_ERROR] tlsv1 alert internal error (_ssl.c:1129) (configured timeouts: socketTimeoutMS: 20000.0ms, connectTimeoutMS: 20000.0ms),SSL handshake failed: ac-8xlp2xc-shard-00-02.nc9rsuw.mongodb.net:27017: [SSL: TLSV1_ALERT_INTERNAL_ERROR] tlsv1 alert internal error (_ssl.c:1129) (configured timeouts: socketTimeoutMS: 20000.0ms, connectTimeoutMS: 20000.0ms),SSL handshake failed: ac-8xlp2xc-shard-00-00.nc9rsuw.mongodb.net:27017: [SSL: TLSV1_ALERT_INTERNAL_ERROR] tlsv1 alert internal error (_ssl.c:1129) (configured timeouts: socketTimeoutMS: 20000.0ms, connectTimeoutMS: 20000.0ms), Timeout: 10.0s, Topology Description: <TopologyDescription id: 69e22f3fed403a7ca528fedf, topology_type: ReplicaSetNoPrimary, servers: [<ServerDescription ('ac-8xlp2xc-shard-00-00.nc9rsuw.mongodb.net', 27017) server_type: Unknown, rtt: None, error=AutoReconnect('SSL handshake failed: ac-8xlp2xc-shard-00-00.nc9rsuw.mongodb.net:27017: [SSL: TLSV1_ALERT_INTERNAL_ERROR] tlsv1 alert internal error (_ssl.c:1129) (configured timeouts: socketTimeoutMS: 20000.0ms, connectTimeoutMS: 20000.0ms)')>, <ServerDescription ('ac-8xlp2xc-shard-00-01.nc9rsuw.mongodb.net', 27017) server_type: Unknown, rtt: None, error=AutoReconnect('SSL handshake failed: ac-8xlp2xc-shard-00-01.nc9rsuw.mongodb.net:27017: [SSL: TLSV1_ALERT_INTERNAL_ERROR] tlsv1 alert internal error (_ssl.c:1129) (configured timeouts: socketTimeoutMS: 20000.0ms, connectTimeoutMS: 20000.0ms)')>, <ServerDescription ('ac-8xlp2xc-shard-00-02.nc9rsuw.mongodb.net', 27017) server_type: Unknown, rtt: None, error=AutoReconnect('SSL handshake failed: ac-8xlp2xc-shard-00-02.nc9rsuw.mongodb.net:27017: [SSL: TLSV1_ALERT_INTERNAL_ERROR] tlsv1 alert internal error (_ssl.c:1129) (configured timeouts: socketTimeoutMS: 20000.0ms, connectTimeoutMS: 20000.0ms)')>]>
20:53:03 - AgentOrchestrator - INFO - Executing Tier 13: ['GitKrakenEvolutionAgent']
20:53:03 - GitKrakenEvolutionAgent - INFO - No system evolution for GitKraken sync. Skipping.
20:53:03 - AgentOrchestrator - INFO - Executing Tier 14: ['JulesEvolutionAgent']
20:53:03 - JulesEvolutionAgent - INFO - Jules at your service. Synchronizing all evolution channels and memory...
20:53:03 - httpx - INFO - HTTP Request: POST https://tevdxaufsnpsbvvurddg.supabase.co/rest/v1/sync_logs "HTTP/2 200 OK"
20:53:03 - httpx - INFO - HTTP Request: POST https://tevdxaufsnpsbvvurddg.supabase.co/rest/v1/sync_logs "HTTP/2 200 OK"
20:53:03 - httpx - INFO - HTTP Request: POST https://tevdxaufsnpsbvvurddg.supabase.co/rest/v1/sync_logs "HTTP/2 200 OK"
20:53:03 - JulesEvolutionAgent - INFO - Jules has synced 3 learnings to Supabase.
20:53:14 - JulesEvolutionAgent - WARNING - Jules failed to sync learnings to MongoDB: SSL handshake failed: ac-8xlp2xc-shard-00-01.nc9rsuw.mongodb.net:27017: [SSL: TLSV1_ALERT_INTERNAL_ERROR] tlsv1 alert internal error (_ssl.c:1129) (configured timeouts: socketTimeoutMS: 20000.0ms, connectTimeoutMS: 20000.0ms),SSL handshake failed: ac-8xlp2xc-shard-00-02.nc9rsuw.mongodb.net:27017: [SSL: TLSV1_ALERT_INTERNAL_ERROR] tlsv1 alert internal error (_ssl.c:1129) (configured timeouts: socketTimeoutMS: 20000.0ms, connectTimeoutMS: 20000.0ms),SSL handshake failed: ac-8xlp2xc-shard-00-00.nc9rsuw.mongodb.net:27017: [SSL: TLSV1_ALERT_INTERNAL_ERROR] tlsv1 alert internal error (_ssl.c:1129) (configured timeouts: socketTimeoutMS: 20000.0ms, connectTimeoutMS: 20000.0ms), Timeout: 10.0s, Topology Description: <TopologyDescription id: 69e22f3fed403a7ca528fedf, topology_type: ReplicaSetNoPrimary, servers: [<ServerDescription ('ac-8xlp2xc-shard-00-00.nc9rsuw.mongodb.net', 27017) server_type: Unknown, rtt: None, error=AutoReconnect('SSL handshake failed: ac-8xlp2xc-shard-00-00.nc9rsuw.mongodb.net:27017: [SSL: TLSV1_ALERT_INTERNAL_ERROR] tlsv1 alert internal error (_ssl.c:1129) (configured timeouts: socketTimeoutMS: 20000.0ms, connectTimeoutMS: 20000.0ms)')>, <ServerDescription ('ac-8xlp2xc-shard-00-01.nc9rsuw.mongodb.net', 27017) server_type: Unknown, rtt: None, error=AutoReconnect('SSL handshake failed: ac-8xlp2xc-shard-00-01.nc9rsuw.mongodb.net:27017: [SSL: TLSV1_ALERT_INTERNAL_ERROR] tlsv1 alert internal error (_ssl.c:1129) (configured timeouts: socketTimeoutMS: 20000.0ms, connectTimeoutMS: 20000.0ms)')>, <ServerDescription ('ac-8xlp2xc-shard-00-02.nc9rsuw.mongodb.net', 27017) server_type: Unknown, rtt: None, error=AutoReconnect('SSL handshake failed: ac-8xlp2xc-shard-00-02.nc9rsuw.mongodb.net:27017: [SSL: TLSV1_ALERT_INTERNAL_ERROR] tlsv1 alert internal error (_ssl.c:1129) (configured timeouts: socketTimeoutMS: 20000.0ms, connectTimeoutMS: 20000.0ms)')>]>
20:53:14 - JulesEvolutionAgent - INFO - No evolution actions were required. Jules is standing by.
20:53:14 - AgentOrchestrator - INFO - Execution Cycle Complete.
20:53:14 - AgentOrchestrator - INFO - Starting Peer Review Phase...
20:53:14 - AgentOrchestrator - INFO - Review from ResearchAgent: ['Research data and Google World investigations are fully synchronized.']
20:53:14 - SystemOrchestrator - INFO - Report generated at results/DAILY_REPORT_2026-04-17.md
20:53:14 - SystemOrchestrator - INFO - === Cycle Complete ===
20:53:14 - AutonomousOrchestrator - INFO - Autonomous Evolution Cycle Complete.
20:53:14 - httpx - INFO - HTTP Request: POST https://tevdxaufsnpsbvvurddg.supabase.co/rest/v1/memory_store "HTTP/2 200 OK"
20:54:44 - AutonomousOrchestrator - INFO - Manual trigger detected!
20:54:44 - AutonomousOrchestrator - INFO - Starting Autonomous Evolution Cycle...
20:54:44 - httpx - INFO - HTTP Request: POST https://tevdxaufsnpsbvvurddg.supabase.co/rest/v1/memory_store "HTTP/2 200 OK"
20:54:44 - SystemOrchestrator - INFO - === Starting Massive Synchronized Autonomous Cycle ===
20:54:44 - SystemOrchestrator - INFO - Starting Scraper...
20:54:44 - SystemOrchestrator - ERROR - Scraper failed: Traceback (most recent call last):
  File "/Users/filipkeser/Documents/Antigravity/scraper.py", line 1, in <module>
    import aiohttp
ModuleNotFoundError: No module named 'aiohttp'

20:54:44 - SystemOrchestrator - INFO - Dynamically loaded imbued expert: AutonomyExpertImbued
20:54:44 - SystemOrchestrator - INFO - Dynamically loaded imbued expert: MonetizationExpertImbued
20:54:44 - SystemOrchestrator - INFO - Dynamically loaded imbued expert: SEOExpertImbued
20:54:44 - SystemOrchestrator - INFO - Dynamically loaded imbued expert: SwiftEvolutionExpertImbued
20:54:44 - SystemOrchestrator - INFO - Instantiated ecosystem with 179 autonomous agents (including 4 imbued experts).
20:54:44 - AgentOrchestrator - INFO - Starting Autonomous Execution Cycle (v1.42)...
20:54:44 - AgentOrchestrator - INFO - Executing Tier 1: ['HealthCheckAgent', 'RobotTxtAgent', 'AnalysisAgent', 'SwarmAgent_00_DEFINE', 'SwarmAgent_05_RESEARCH_WORLD', 'SwarmAgent_06_AD_TECH_PROBE', 'SwarmAgent_07_DEFINE', 'SwarmAgent_12_RESEARCH_WORLD', 'SwarmAgent_13_AD_TECH_PROBE', 'SwarmAgent_14_DEFINE', 'SwarmAgent_19_RESEARCH_WORLD', 'SwarmAgent_20_AD_TECH_PROBE', 'SwarmAgent_21_DEFINE', 'SwarmAgent_26_RESEARCH_WORLD', 'SwarmAgent_27_AD_TECH_PROBE', 'SwarmAgent_28_DEFINE', 'SwarmAgent_33_RESEARCH_WORLD', 'SwarmAgent_34_AD_TECH_PROBE', 'SwarmAgent_35_DEFINE', 'SwarmAgent_40_RESEARCH_WORLD', 'SwarmAgent_41_AD_TECH_PROBE', 'SwarmAgent_42_DEFINE', 'SwarmAgent_47_RESEARCH_WORLD', 'SwarmAgent_48_AD_TECH_PROBE', 'SwarmAgent_49_DEFINE', 'SwarmAgent_54_RESEARCH_WORLD', 'SwarmAgent_55_AD_TECH_PROBE', 'SwarmAgent_56_DEFINE', 'SwarmAgent_61_RESEARCH_WORLD', 'SwarmAgent_62_AD_TECH_PROBE', 'SwarmAgent_63_DEFINE', 'SwarmAgent_68_RESEARCH_WORLD', 'SwarmAgent_69_AD_TECH_PROBE', 'SwarmAgent_70_DEFINE', 'SwarmAgent_75_RESEARCH_WORLD', 'SwarmAgent_76_AD_TECH_PROBE', 'SwarmAgent_77_DEFINE', 'SwarmAgent_82_RESEARCH_WORLD', 'SwarmAgent_83_AD_TECH_PROBE', 'SwarmAgent_84_DEFINE', 'SwarmAgent_89_RESEARCH_WORLD', 'SwarmAgent_90_AD_TECH_PROBE', 'SwarmAgent_91_DEFINE', 'SwarmAgent_96_RESEARCH_WORLD', 'SwarmAgent_97_AD_TECH_PROBE', 'SwarmAgent_98_DEFINE', 'System_Backup_00', 'System_Backup_01', 'System_Backup_02', 'System_Backup_03', 'System_Backup_04', 'System_Backup_05', 'System_Backup_06', 'System_Backup_07', 'System_Backup_08', 'System_Backup_09', 'System_Backup_10', 'System_Backup_11', 'System_Backup_12', 'System_Backup_13', 'System_Backup_14', 'System_Backup_15', 'System_Backup_16', 'System_Backup_17', 'System_Backup_18', 'System_Backup_19', 'System_Backup_20', 'System_Backup_21', 'System_Backup_22', 'System_Backup_23', 'System_Backup_24', 'System_Backup_25', 'System_Backup_26', 'System_Backup_27', 'System_Backup_28', 'System_Backup_29', 'System_Backup_30', 'System_Backup_31', 'System_Backup_32', 'System_Backup_33', 'System_Backup_34', 'System_Backup_35', 'System_Backup_36', 'System_Backup_37', 'System_Backup_38', 'System_Backup_39', 'System_Backup_40', 'System_Backup_41', 'System_Backup_42', 'System_Backup_43', 'System_Backup_44', 'System_Backup_45', 'System_Backup_46', 'System_Backup_47', 'System_Backup_48', 'System_Backup_49']
20:54:44 - HealthCheckAgent - INFO - Running Health Check...
20:54:44 - RobotTxtAgent - INFO - Checking robots.txt compliance and secrets...
20:54:44 - RobotTxtAgent - INFO - Fetching https://markposition.wordpress.com/robots.txt
20:54:44 - AnalysisAgent - INFO - Running Analysis...
20:54:44 - TelemetryManager - INFO - [TELEMETRY] AnalysisAgent emitted MARKET_DATA_ANALYSIS for AD_ADS_ADVERTISE
20:54:44 - SwarmAgent_00_DEFINE - INFO - [DEFINE] Executing SEO Micro-task: SEO Audit
20:54:44 - SwarmAgent_05_RESEARCH_WORLD - INFO - [RESEARCH_WORLD] Executing SEO Micro-task: Domain Research
20:54:44 - SwarmAgent_06_AD_TECH_PROBE - INFO - [AD_TECH_PROBE] Executing SEO Micro-task: Keyword Sync
20:54:44 - SwarmAgent_07_DEFINE - INFO - [DEFINE] Executing SEO Micro-task: Keyword Sync
20:54:44 - SwarmAgent_12_RESEARCH_WORLD - INFO - [RESEARCH_WORLD] Executing SEO Micro-task: Market Probe
20:54:44 - SwarmAgent_13_AD_TECH_PROBE - INFO - [AD_TECH_PROBE] Executing SEO Micro-task: SEO Audit
20:54:44 - SwarmAgent_14_DEFINE - INFO - [DEFINE] Executing SEO Micro-task: SEO Audit
20:54:44 - SwarmAgent_19_RESEARCH_WORLD - INFO - [RESEARCH_WORLD] Executing SEO Micro-task: Keyword Sync
20:54:44 - SwarmAgent_20_AD_TECH_PROBE - INFO - [AD_TECH_PROBE] Executing SEO Micro-task: Domain Research
20:54:44 - SwarmAgent_21_DEFINE - INFO - [DEFINE] Executing SEO Micro-task: Keyword Sync
20:54:44 - SwarmAgent_26_RESEARCH_WORLD - INFO - [RESEARCH_WORLD] Executing SEO Micro-task: Keyword Sync
20:54:44 - SwarmAgent_27_AD_TECH_PROBE - INFO - [AD_TECH_PROBE] Executing SEO Micro-task: Market Probe
20:54:44 - SwarmAgent_28_DEFINE - INFO - [DEFINE] Executing SEO Micro-task: Domain Research
20:54:44 - SwarmAgent_33_RESEARCH_WORLD - INFO - [RESEARCH_WORLD] Executing SEO Micro-task: SEO Audit
20:54:44 - SwarmAgent_34_AD_TECH_PROBE - INFO - [AD_TECH_PROBE] Executing SEO Micro-task: Domain Research
20:54:44 - SwarmAgent_35_DEFINE - INFO - [DEFINE] Executing SEO Micro-task: Keyword Sync
20:54:44 - SwarmAgent_40_RESEARCH_WORLD - INFO - [RESEARCH_WORLD] Executing SEO Micro-task: Keyword Sync
20:54:44 - SwarmAgent_41_AD_TECH_PROBE - INFO - [AD_TECH_PROBE] Executing SEO Micro-task: SEO Audit
20:54:44 - SwarmAgent_42_DEFINE - INFO - [DEFINE] Executing SEO Micro-task: Keyword Sync
20:54:44 - SwarmAgent_47_RESEARCH_WORLD - INFO - [RESEARCH_WORLD] Executing SEO Micro-task: Domain Research
20:54:44 - SwarmAgent_48_AD_TECH_PROBE - INFO - [AD_TECH_PROBE] Executing SEO Micro-task: Domain Research
20:54:44 - SwarmAgent_49_DEFINE - INFO - [DEFINE] Executing SEO Micro-task: Domain Research
20:54:44 - SwarmAgent_54_RESEARCH_WORLD - INFO - [RESEARCH_WORLD] Executing SEO Micro-task: SEO Audit
20:54:44 - SwarmAgent_55_AD_TECH_PROBE - INFO - [AD_TECH_PROBE] Executing SEO Micro-task: Domain Research
20:54:44 - SwarmAgent_56_DEFINE - INFO - [DEFINE] Executing SEO Micro-task: Market Probe
20:54:44 - SwarmAgent_61_RESEARCH_WORLD - INFO - [RESEARCH_WORLD] Executing SEO Micro-task: Domain Research
20:54:44 - SwarmAgent_62_AD_TECH_PROBE - INFO - [AD_TECH_PROBE] Executing SEO Micro-task: Keyword Sync
20:54:44 - SwarmAgent_63_DEFINE - INFO - [DEFINE] Executing SEO Micro-task: Domain Research
20:54:44 - SwarmAgent_68_RESEARCH_WORLD - INFO - [RESEARCH_WORLD] Executing SEO Micro-task: Market Probe
20:54:44 - SwarmAgent_69_AD_TECH_PROBE - INFO - [AD_TECH_PROBE] Executing SEO Micro-task: Domain Research
20:54:44 - SwarmAgent_70_DEFINE - INFO - [DEFINE] Executing SEO Micro-task: Domain Research
20:54:44 - SwarmAgent_75_RESEARCH_WORLD - INFO - [RESEARCH_WORLD] Executing SEO Micro-task: Domain Research
20:54:44 - SwarmAgent_76_AD_TECH_PROBE - INFO - [AD_TECH_PROBE] Executing SEO Micro-task: Keyword Sync
20:54:44 - SwarmAgent_77_DEFINE - INFO - [DEFINE] Executing SEO Micro-task: Market Probe
20:54:44 - SwarmAgent_82_RESEARCH_WORLD - INFO - [RESEARCH_WORLD] Executing SEO Micro-task: Market Probe
20:54:44 - SwarmAgent_83_AD_TECH_PROBE - INFO - [AD_TECH_PROBE] Executing SEO Micro-task: Domain Research
20:54:44 - SwarmAgent_84_DEFINE - INFO - [DEFINE] Executing SEO Micro-task: Domain Research
20:54:44 - SwarmAgent_89_RESEARCH_WORLD - INFO - [RESEARCH_WORLD] Executing SEO Micro-task: Keyword Sync
20:54:44 - SwarmAgent_90_AD_TECH_PROBE - INFO - [AD_TECH_PROBE] Executing SEO Micro-task: Keyword Sync
20:54:44 - SwarmAgent_91_DEFINE - INFO - [DEFINE] Executing SEO Micro-task: Keyword Sync
20:54:44 - SwarmAgent_96_RESEARCH_WORLD - INFO - [RESEARCH_WORLD] Executing SEO Micro-task: Market Probe
20:54:44 - SwarmAgent_97_AD_TECH_PROBE - INFO - [AD_TECH_PROBE] Executing SEO Micro-task: Market Probe
20:54:44 - SwarmAgent_98_DEFINE - INFO - [DEFINE] Executing SEO Micro-task: Market Probe
20:54:44 - System_Backup_00 - INFO - [FAILOVER] Redundancy active. Monitoring state...
20:54:44 - System_Backup_01 - INFO - [FAILOVER] Redundancy active. Monitoring state...
20:54:44 - System_Backup_02 - INFO - [FAILOVER] Redundancy active. Monitoring state...
20:54:44 - System_Backup_03 - INFO - [FAILOVER] Redundancy active. Monitoring state...
20:54:44 - System_Backup_04 - INFO - [FAILOVER] Redundancy active. Monitoring state...
20:54:44 - System_Backup_05 - INFO - [FAILOVER] Redundancy active. Monitoring state...
20:54:44 - System_Backup_06 - INFO - [FAILOVER] Redundancy active. Monitoring state...
20:54:44 - System_Backup_07 - INFO - [FAILOVER] Redundancy active. Monitoring state...
20:54:44 - System_Backup_08 - INFO - [FAILOVER] Redundancy active. Monitoring state...
20:54:44 - System_Backup_09 - INFO - [FAILOVER] Redundancy active. Monitoring state...
20:54:44 - System_Backup_10 - INFO - [FAILOVER] Redundancy active. Monitoring state...
20:54:44 - System_Backup_11 - INFO - [FAILOVER] Redundancy active. Monitoring state...
20:54:44 - System_Backup_12 - INFO - [FAILOVER] Redundancy active. Monitoring state...
20:54:44 - System_Backup_13 - INFO - [FAILOVER] Redundancy active. Monitoring state...
20:54:44 - System_Backup_14 - INFO - [FAILOVER] Redundancy active. Monitoring state...
20:54:44 - System_Backup_15 - INFO - [FAILOVER] Redundancy active. Monitoring state...
20:54:44 - System_Backup_16 - INFO - [FAILOVER] Redundancy active. Monitoring state...
20:54:44 - System_Backup_17 - INFO - [FAILOVER] Redundancy active. Monitoring state...
20:54:44 - System_Backup_18 - INFO - [FAILOVER] Redundancy active. Monitoring state...
20:54:44 - System_Backup_19 - INFO - [FAILOVER] Redundancy active. Monitoring state...
20:54:44 - System_Backup_20 - INFO - [FAILOVER] Redundancy active. Monitoring state...
20:54:44 - System_Backup_21 - INFO - [FAILOVER] Redundancy active. Monitoring state...
20:54:44 - System_Backup_22 - INFO - [FAILOVER] Redundancy active. Monitoring state...
20:54:44 - System_Backup_23 - INFO - [FAILOVER] Redundancy active. Monitoring state...
20:54:44 - System_Backup_24 - INFO - [FAILOVER] Redundancy active. Monitoring state...
20:54:44 - System_Backup_25 - INFO - [FAILOVER] Redundancy active. Monitoring state...
20:54:44 - System_Backup_26 - INFO - [FAILOVER] Redundancy active. Monitoring state...
20:54:44 - System_Backup_27 - INFO - [FAILOVER] Redundancy active. Monitoring state...
20:54:44 - System_Backup_28 - INFO - [FAILOVER] Redundancy active. Monitoring state...
20:54:44 - System_Backup_29 - INFO - [FAILOVER] Redundancy active. Monitoring state...
20:54:44 - System_Backup_30 - INFO - [FAILOVER] Redundancy active. Monitoring state...
20:54:44 - System_Backup_31 - INFO - [FAILOVER] Redundancy active. Monitoring state...
20:54:44 - System_Backup_32 - INFO - [FAILOVER] Redundancy active. Monitoring state...
20:54:44 - System_Backup_33 - INFO - [FAILOVER] Redundancy active. Monitoring state...
20:54:44 - System_Backup_34 - INFO - [FAILOVER] Redundancy active. Monitoring state...
20:54:44 - System_Backup_35 - INFO - [FAILOVER] Redundancy active. Monitoring state...
20:54:44 - System_Backup_36 - INFO - [FAILOVER] Redundancy active. Monitoring state...
20:54:44 - System_Backup_37 - INFO - [FAILOVER] Redundancy active. Monitoring state...
20:54:44 - System_Backup_38 - INFO - [FAILOVER] Redundancy active. Monitoring state...
20:54:44 - System_Backup_39 - INFO - [FAILOVER] Redundancy active. Monitoring state...
20:54:44 - System_Backup_40 - INFO - [FAILOVER] Redundancy active. Monitoring state...
20:54:44 - System_Backup_41 - INFO - [FAILOVER] Redundancy active. Monitoring state...
20:54:44 - System_Backup_42 - INFO - [FAILOVER] Redundancy active. Monitoring state...
20:54:44 - System_Backup_43 - INFO - [FAILOVER] Redundancy active. Monitoring state...
20:54:44 - System_Backup_44 - INFO - [FAILOVER] Redundancy active. Monitoring state...
20:54:44 - System_Backup_45 - INFO - [FAILOVER] Redundancy active. Monitoring state...
20:54:44 - System_Backup_46 - INFO - [FAILOVER] Redundancy active. Monitoring state...
20:54:44 - System_Backup_47 - INFO - [FAILOVER] Redundancy active. Monitoring state...
20:54:44 - System_Backup_48 - INFO - [FAILOVER] Redundancy active. Monitoring state...
20:54:44 - System_Backup_49 - INFO - [FAILOVER] Redundancy active. Monitoring state...
20:54:54 - RobotTxtAgent - WARNING - Failed to load memory from MongoDB: SSL handshake failed: ac-8xlp2xc-shard-00-01.nc9rsuw.mongodb.net:27017: [SSL: TLSV1_ALERT_INTERNAL_ERROR] tlsv1 alert internal error (_ssl.c:1129) (configured timeouts: socketTimeoutMS: 20000.0ms, connectTimeoutMS: 20000.0ms),SSL handshake failed: ac-8xlp2xc-shard-00-02.nc9rsuw.mongodb.net:27017: [SSL: TLSV1_ALERT_INTERNAL_ERROR] tlsv1 alert internal error (_ssl.c:1129) (configured timeouts: socketTimeoutMS: 20000.0ms, connectTimeoutMS: 20000.0ms),SSL handshake failed: ac-8xlp2xc-shard-00-00.nc9rsuw.mongodb.net:27017: [SSL: TLSV1_ALERT_INTERNAL_ERROR] tlsv1 alert internal error (_ssl.c:1129) (configured timeouts: socketTimeoutMS: 20000.0ms, connectTimeoutMS: 20000.0ms), Timeout: 10.0s, Topology Description: <TopologyDescription id: 69e22f3fed403a7ca528fedf, topology_type: ReplicaSetNoPrimary, servers: [<ServerDescription ('ac-8xlp2xc-shard-00-00.nc9rsuw.mongodb.net', 27017) server_type: Unknown, rtt: None, error=AutoReconnect('SSL handshake failed: ac-8xlp2xc-shard-00-00.nc9rsuw.mongodb.net:27017: [SSL: TLSV1_ALERT_INTERNAL_ERROR] tlsv1 alert internal error (_ssl.c:1129) (configured timeouts: socketTimeoutMS: 20000.0ms, connectTimeoutMS: 20000.0ms)')>, <ServerDescription ('ac-8xlp2xc-shard-00-01.nc9rsuw.mongodb.net', 27017) server_type: Unknown, rtt: None, error=AutoReconnect('SSL handshake failed: ac-8xlp2xc-shard-00-01.nc9rsuw.mongodb.net:27017: [SSL: TLSV1_ALERT_INTERNAL_ERROR] tlsv1 alert internal error (_ssl.c:1129) (configured timeouts: socketTimeoutMS: 20000.0ms, connectTimeoutMS: 20000.0ms)')>, <ServerDescription ('ac-8xlp2xc-shard-00-02.nc9rsuw.mongodb.net', 27017) server_type: Unknown, rtt: None, error=AutoReconnect('SSL handshake failed: ac-8xlp2xc-shard-00-02.nc9rsuw.mongodb.net:27017: [SSL: TLSV1_ALERT_INTERNAL_ERROR] tlsv1 alert internal error (_ssl.c:1129) (configured timeouts: socketTimeoutMS: 20000.0ms, connectTimeoutMS: 20000.0ms)')>]>. Falling back to JSON.
20:54:54 - AgentOrchestrator - INFO - Executing Tier 2: ['ResearchAgent', 'SwarmAgent_01_MEASURE', 'SwarmAgent_02_ANALYZE', 'SwarmAgent_08_MEASURE', 'SwarmAgent_09_ANALYZE', 'SwarmAgent_15_MEASURE', 'SwarmAgent_16_ANALYZE', 'SwarmAgent_22_MEASURE', 'SwarmAgent_23_ANALYZE', 'SwarmAgent_29_MEASURE', 'SwarmAgent_30_ANALYZE', 'SwarmAgent_36_MEASURE', 'SwarmAgent_37_ANALYZE', 'SwarmAgent_43_MEASURE', 'SwarmAgent_44_ANALYZE', 'SwarmAgent_50_MEASURE', 'SwarmAgent_51_ANALYZE', 'SwarmAgent_57_MEASURE', 'SwarmAgent_58_ANALYZE', 'SwarmAgent_64_MEASURE', 'SwarmAgent_65_ANALYZE', 'SwarmAgent_71_MEASURE', 'SwarmAgent_72_ANALYZE', 'SwarmAgent_78_MEASURE', 'SwarmAgent_79_ANALYZE', 'SwarmAgent_85_MEASURE', 'SwarmAgent_86_ANALYZE', 'SwarmAgent_92_MEASURE', 'SwarmAgent_93_ANALYZE', 'SwarmAgent_99_MEASURE', 'SEOExpertImbued']
20:54:54 - httpx - INFO - HTTP Request: POST https://tevdxaufsnpsbvvurddg.supabase.co/rest/v1/telemetry?columns=%22id%22%2C%22event_data%22%2C%22recorded_at%22 "HTTP/2 201 Created"
20:54:54 - ResearchAgent - INFO - Running High-Level Autonomous Research & Outside World Investigation...
20:54:54 - SwarmAgent_01_MEASURE - INFO - [MEASURE] Executing SEO Micro-task: Market Probe
20:54:54 - SwarmAgent_02_ANALYZE - INFO - [ANALYZE] Executing SEO Micro-task: Domain Research
20:54:54 - SwarmAgent_08_MEASURE - INFO - [MEASURE] Executing SEO Micro-task: Keyword Sync
20:54:54 - SwarmAgent_09_ANALYZE - INFO - [ANALYZE] Executing SEO Micro-task: Keyword Sync
20:54:54 - SwarmAgent_15_MEASURE - INFO - [MEASURE] Executing SEO Micro-task: Keyword Sync
20:54:54 - SwarmAgent_16_ANALYZE - INFO - [ANALYZE] Executing SEO Micro-task: Domain Research
20:54:54 - SwarmAgent_22_MEASURE - INFO - [MEASURE] Executing SEO Micro-task: Market Probe
20:54:54 - SwarmAgent_23_ANALYZE - INFO - [ANALYZE] Executing SEO Micro-task: Market Probe
20:54:54 - SwarmAgent_29_MEASURE - INFO - [MEASURE] Executing SEO Micro-task: Market Probe
20:54:54 - SwarmAgent_30_ANALYZE - INFO - [ANALYZE] Executing SEO Micro-task: Domain Research
20:54:54 - SwarmAgent_36_MEASURE - INFO - [MEASURE] Executing SEO Micro-task: Market Probe
20:54:54 - SwarmAgent_37_ANALYZE - INFO - [ANALYZE] Executing SEO Micro-task: Market Probe
20:54:54 - SwarmAgent_43_MEASURE - INFO - [MEASURE] Executing SEO Micro-task: Domain Research
20:54:54 - SwarmAgent_44_ANALYZE - INFO - [ANALYZE] Executing SEO Micro-task: Domain Research
20:54:54 - SwarmAgent_50_MEASURE - INFO - [MEASURE] Executing SEO Micro-task: Keyword Sync
20:54:54 - SwarmAgent_51_ANALYZE - INFO - [ANALYZE] Executing SEO Micro-task: Market Probe
20:54:54 - SwarmAgent_57_MEASURE - INFO - [MEASURE] Executing SEO Micro-task: Domain Research
20:54:54 - SwarmAgent_58_ANALYZE - INFO - [ANALYZE] Executing SEO Micro-task: Market Probe
20:54:54 - SwarmAgent_64_MEASURE - INFO - [MEASURE] Executing SEO Micro-task: Market Probe
20:54:54 - SwarmAgent_65_ANALYZE - INFO - [ANALYZE] Executing SEO Micro-task: Keyword Sync
20:54:54 - SwarmAgent_71_MEASURE - INFO - [MEASURE] Executing SEO Micro-task: SEO Audit
20:54:54 - SwarmAgent_72_ANALYZE - INFO - [ANALYZE] Executing SEO Micro-task: Keyword Sync
20:54:54 - SwarmAgent_78_MEASURE - INFO - [MEASURE] Executing SEO Micro-task: Market Probe
20:54:54 - SwarmAgent_79_ANALYZE - INFO - [ANALYZE] Executing SEO Micro-task: Keyword Sync
20:54:54 - SwarmAgent_85_MEASURE - INFO - [MEASURE] Executing SEO Micro-task: Keyword Sync
20:54:54 - SwarmAgent_86_ANALYZE - INFO - [ANALYZE] Executing SEO Micro-task: Keyword Sync
20:54:54 - SwarmAgent_92_MEASURE - INFO - [MEASURE] Executing SEO Micro-task: Domain Research
20:54:54 - SwarmAgent_93_ANALYZE - INFO - [ANALYZE] Executing SEO Micro-task: SEO Audit
20:54:54 - SwarmAgent_99_MEASURE - INFO - [MEASURE] Executing SEO Micro-task: SEO Audit
20:54:54 - SEOExpertImbued - INFO - Performing Deep Search Engine Optimization Audit on market data...
20:54:54 - SEOExpertImbued - INFO - SEO Audit Complete: Score 0.92
20:54:55 - TelemetryManager - INFO - [TELEMETRY] ResearchAgent emitted EXTERNAL_INVESTIGATION for GOOGLE_WORLD
20:54:55 - TelemetryManager - INFO - [TELEMETRY] ResearchAgent emitted EXTERNAL_INVESTIGATION for GOOGLE_WORLD
20:54:55 - TelemetryManager - INFO - [TELEMETRY] ResearchAgent emitted EXTERNAL_INVESTIGATION for GOOGLE_WORLD
20:54:55 - TelemetryManager - INFO - [TELEMETRY] ResearchAgent emitted EXTERNAL_INVESTIGATION for GOOGLE_WORLD
20:54:55 - ResearchAgent - INFO - Research and World Investigation completed for 10 domains.
20:54:55 - AgentOrchestrator - INFO - Executing Tier 3: ['IntelligenceAgent', 'SearchConsoleAuditor', 'MonetizationExpertImbued']
20:54:55 - httpx - INFO - HTTP Request: POST https://tevdxaufsnpsbvvurddg.supabase.co/rest/v1/telemetry?columns=%22id%22%2C%22event_data%22%2C%22recorded_at%22 "HTTP/2 201 Created"
20:54:55 - IntelligenceAgent - INFO - Running Intelligence Synchronization & External World Collaboration...
20:54:55 - SearchConsoleAuditor - INFO - Running Deep-Skill SEO Audit (Search Console Mastery)...
20:54:55 - MonetizationExpertImbued - INFO - Projecting ROI and Financial Monetization Opportunities...
20:54:55 - MonetizationExpertImbued - INFO - Financial Synthesis Complete: Projected ROI 97.11%
20:55:04 - TelemetryManager - WARNING - MongoDB telemetry sync failed: SSL handshake failed: ac-8xlp2xc-shard-00-01.nc9rsuw.mongodb.net:27017: [SSL: TLSV1_ALERT_INTERNAL_ERROR] tlsv1 alert internal error (_ssl.c:1129) (configured timeouts: socketTimeoutMS: 20000.0ms, connectTimeoutMS: 20000.0ms),SSL handshake failed: ac-8xlp2xc-shard-00-02.nc9rsuw.mongodb.net:27017: [SSL: TLSV1_ALERT_INTERNAL_ERROR] tlsv1 alert internal error (_ssl.c:1129) (configured timeouts: socketTimeoutMS: 20000.0ms, connectTimeoutMS: 20000.0ms),SSL handshake failed: ac-8xlp2xc-shard-00-00.nc9rsuw.mongodb.net:27017: [SSL: TLSV1_ALERT_INTERNAL_ERROR] tlsv1 alert internal error (_ssl.c:1129) (configured timeouts: socketTimeoutMS: 20000.0ms, connectTimeoutMS: 20000.0ms), Timeout: 10.0s, Topology Description: <TopologyDescription id: 69e22f3fed403a7ca528fedf, topology_type: ReplicaSetNoPrimary, servers: [<ServerDescription ('ac-8xlp2xc-shard-00-00.nc9rsuw.mongodb.net', 27017) server_type: Unknown, rtt: None, error=AutoReconnect('SSL handshake failed: ac-8xlp2xc-shard-00-00.nc9rsuw.mongodb.net:27017: [SSL: TLSV1_ALERT_INTERNAL_ERROR] tlsv1 alert internal error (_ssl.c:1129) (configured timeouts: socketTimeoutMS: 20000.0ms, connectTimeoutMS: 20000.0ms)')>, <ServerDescription ('ac-8xlp2xc-shard-00-01.nc9rsuw.mongodb.net', 27017) server_type: Unknown, rtt: None, error=AutoReconnect('SSL handshake failed: ac-8xlp2xc-shard-00-01.nc9rsuw.mongodb.net:27017: [SSL: TLSV1_ALERT_INTERNAL_ERROR] tlsv1 alert internal error (_ssl.c:1129) (configured timeouts: socketTimeoutMS: 20000.0ms, connectTimeoutMS: 20000.0ms)')>, <ServerDescription ('ac-8xlp2xc-shard-00-02.nc9rsuw.mongodb.net', 27017) server_type: Unknown, rtt: None, error=AutoReconnect('SSL handshake failed: ac-8xlp2xc-shard-00-02.nc9rsuw.mongodb.net:27017: [SSL: TLSV1_ALERT_INTERNAL_ERROR] tlsv1 alert internal error (_ssl.c:1129) (configured timeouts: socketTimeoutMS: 20000.0ms, connectTimeoutMS: 20000.0ms)')>]>
20:55:05 - TelemetryManager - WARNING - MongoDB telemetry sync failed: SSL handshake failed: ac-8xlp2xc-shard-00-01.nc9rsuw.mongodb.net:27017: [SSL: TLSV1_ALERT_INTERNAL_ERROR] tlsv1 alert internal error (_ssl.c:1129) (configured timeouts: socketTimeoutMS: 20000.0ms, connectTimeoutMS: 20000.0ms),SSL handshake failed: ac-8xlp2xc-shard-00-02.nc9rsuw.mongodb.net:27017: [SSL: TLSV1_ALERT_INTERNAL_ERROR] tlsv1 alert internal error (_ssl.c:1129) (configured timeouts: socketTimeoutMS: 20000.0ms, connectTimeoutMS: 20000.0ms),SSL handshake failed: ac-8xlp2xc-shard-00-00.nc9rsuw.mongodb.net:27017: [SSL: TLSV1_ALERT_INTERNAL_ERROR] tlsv1 alert internal error (_ssl.c:1129) (configured timeouts: socketTimeoutMS: 20000.0ms, connectTimeoutMS: 20000.0ms), Timeout: 10.0s, Topology Description: <TopologyDescription id: 69e22f3fed403a7ca528fedf, topology_type: ReplicaSetNoPrimary, servers: [<ServerDescription ('ac-8xlp2xc-shard-00-00.nc9rsuw.mongodb.net', 27017) server_type: Unknown, rtt: None, error=AutoReconnect('SSL handshake failed: ac-8xlp2xc-shard-00-00.nc9rsuw.mongodb.net:27017: [SSL: TLSV1_ALERT_INTERNAL_ERROR] tlsv1 alert internal error (_ssl.c:1129) (configured timeouts: socketTimeoutMS: 20000.0ms, connectTimeoutMS: 20000.0ms)')>, <ServerDescription ('ac-8xlp2xc-shard-00-01.nc9rsuw.mongodb.net', 27017) server_type: Unknown, rtt: None, error=AutoReconnect('SSL handshake failed: ac-8xlp2xc-shard-00-01.nc9rsuw.mongodb.net:27017: [SSL: TLSV1_ALERT_INTERNAL_ERROR] tlsv1 alert internal error (_ssl.c:1129) (configured timeouts: socketTimeoutMS: 20000.0ms, connectTimeoutMS: 20000.0ms)')>, <ServerDescription ('ac-8xlp2xc-shard-00-02.nc9rsuw.mongodb.net', 27017) server_type: Unknown, rtt: None, error=AutoReconnect('SSL handshake failed: ac-8xlp2xc-shard-00-02.nc9rsuw.mongodb.net:27017: [SSL: TLSV1_ALERT_INTERNAL_ERROR] tlsv1 alert internal error (_ssl.c:1129) (configured timeouts: socketTimeoutMS: 20000.0ms, connectTimeoutMS: 20000.0ms)')>]>
20:55:05 - SearchConsoleAuditor - WARNING - Failed to load memory from MongoDB: SSL handshake failed: ac-8xlp2xc-shard-00-01.nc9rsuw.mongodb.net:27017: [SSL: TLSV1_ALERT_INTERNAL_ERROR] tlsv1 alert internal error (_ssl.c:1129) (configured timeouts: socketTimeoutMS: 20000.0ms, connectTimeoutMS: 20000.0ms),SSL handshake failed: ac-8xlp2xc-shard-00-02.nc9rsuw.mongodb.net:27017: [SSL: TLSV1_ALERT_INTERNAL_ERROR] tlsv1 alert internal error (_ssl.c:1129) (configured timeouts: socketTimeoutMS: 20000.0ms, connectTimeoutMS: 20000.0ms),SSL handshake failed: ac-8xlp2xc-shard-00-00.nc9rsuw.mongodb.net:27017: [SSL: TLSV1_ALERT_INTERNAL_ERROR] tlsv1 alert internal error (_ssl.c:1129) (configured timeouts: socketTimeoutMS: 20000.0ms, connectTimeoutMS: 20000.0ms), Timeout: 10.0s, Topology Description: <TopologyDescription id: 69e22f3fed403a7ca528fedf, topology_type: ReplicaSetNoPrimary, servers: [<ServerDescription ('ac-8xlp2xc-shard-00-00.nc9rsuw.mongodb.net', 27017) server_type: Unknown, rtt: None, error=AutoReconnect('SSL handshake failed: ac-8xlp2xc-shard-00-00.nc9rsuw.mongodb.net:27017: [SSL: TLSV1_ALERT_INTERNAL_ERROR] tlsv1 alert internal error (_ssl.c:1129) (configured timeouts: socketTimeoutMS: 20000.0ms, connectTimeoutMS: 20000.0ms)')>, <ServerDescription ('ac-8xlp2xc-shard-00-01.nc9rsuw.mongodb.net', 27017) server_type: Unknown, rtt: None, error=AutoReconnect('SSL handshake failed: ac-8xlp2xc-shard-00-01.nc9rsuw.mongodb.net:27017: [SSL: TLSV1_ALERT_INTERNAL_ERROR] tlsv1 alert internal error (_ssl.c:1129) (configured timeouts: socketTimeoutMS: 20000.0ms, connectTimeoutMS: 20000.0ms)')>, <ServerDescription ('ac-8xlp2xc-shard-00-02.nc9rsuw.mongodb.net', 27017) server_type: Unknown, rtt: None, error=AutoReconnect('SSL handshake failed: ac-8xlp2xc-shard-00-02.nc9rsuw.mongodb.net:27017: [SSL: TLSV1_ALERT_INTERNAL_ERROR] tlsv1 alert internal error (_ssl.c:1129) (configured timeouts: socketTimeoutMS: 20000.0ms, connectTimeoutMS: 20000.0ms)')>]>. Falling back to JSON.
20:55:15 - SearchConsoleAuditor - ERROR - Failed to save memory to MongoDB: SSL handshake failed: ac-8xlp2xc-shard-00-01.nc9rsuw.mongodb.net:27017: [SSL: TLSV1_ALERT_INTERNAL_ERROR] tlsv1 alert internal error (_ssl.c:1129) (configured timeouts: socketTimeoutMS: 20000.0ms, connectTimeoutMS: 20000.0ms),SSL handshake failed: ac-8xlp2xc-shard-00-02.nc9rsuw.mongodb.net:27017: [SSL: TLSV1_ALERT_INTERNAL_ERROR] tlsv1 alert internal error (_ssl.c:1129) (configured timeouts: socketTimeoutMS: 20000.0ms, connectTimeoutMS: 20000.0ms),SSL handshake failed: ac-8xlp2xc-shard-00-00.nc9rsuw.mongodb.net:27017: [SSL: TLSV1_ALERT_INTERNAL_ERROR] tlsv1 alert internal error (_ssl.c:1129) (configured timeouts: socketTimeoutMS: 20000.0ms, connectTimeoutMS: 20000.0ms), Timeout: 10.0s, Topology Description: <TopologyDescription id: 69e22f3fed403a7ca528fedf, topology_type: ReplicaSetNoPrimary, servers: [<ServerDescription ('ac-8xlp2xc-shard-00-00.nc9rsuw.mongodb.net', 27017) server_type: Unknown, rtt: None, error=AutoReconnect('SSL handshake failed: ac-8xlp2xc-shard-00-00.nc9rsuw.mongodb.net:27017: [SSL: TLSV1_ALERT_INTERNAL_ERROR] tlsv1 alert internal error (_ssl.c:1129) (configured timeouts: socketTimeoutMS: 20000.0ms, connectTimeoutMS: 20000.0ms)')>, <ServerDescription ('ac-8xlp2xc-shard-00-01.nc9rsuw.mongodb.net', 27017) server_type: Unknown, rtt: None, error=AutoReconnect('SSL handshake failed: ac-8xlp2xc-shard-00-01.nc9rsuw.mongodb.net:27017: [SSL: TLSV1_ALERT_INTERNAL_ERROR] tlsv1 alert internal error (_ssl.c:1129) (configured timeouts: socketTimeoutMS: 20000.0ms, connectTimeoutMS: 20000.0ms)')>, <ServerDescription ('ac-8xlp2xc-shard-00-02.nc9rsuw.mongodb.net', 27017) server_type: Unknown, rtt: None, error=AutoReconnect('SSL handshake failed: ac-8xlp2xc-shard-00-02.nc9rsuw.mongodb.net:27017: [SSL: TLSV1_ALERT_INTERNAL_ERROR] tlsv1 alert internal error (_ssl.c:1129) (configured timeouts: socketTimeoutMS: 20000.0ms, connectTimeoutMS: 20000.0ms)')>]>
20:55:15 - httpx - INFO - HTTP Request: POST https://tevdxaufsnpsbvvurddg.supabase.co/rest/v1/memory_store?on_conflict=id "HTTP/2 200 OK"
20:55:15 - AgentOrchestrator - INFO - Executing Tier 4: ['TargetingAgent', 'CreativityAgent', 'SwarmAgent_03_IMPROVE', 'SwarmAgent_10_IMPROVE', 'SwarmAgent_17_IMPROVE', 'SwarmAgent_24_IMPROVE', 'SwarmAgent_31_IMPROVE', 'SwarmAgent_38_IMPROVE', 'SwarmAgent_45_IMPROVE', 'SwarmAgent_52_IMPROVE', 'SwarmAgent_59_IMPROVE', 'SwarmAgent_66_IMPROVE', 'SwarmAgent_73_IMPROVE', 'SwarmAgent_80_IMPROVE', 'SwarmAgent_87_IMPROVE', 'SwarmAgent_94_IMPROVE']
20:55:15 - TargetingAgent - INFO - Building Google Optimized Audience Personas...
20:55:15 - CreativityAgent - INFO - Running Creativity Session...
20:55:15 - SwarmAgent_03_IMPROVE - INFO - [IMPROVE] Executing SEO Micro-task: Market Probe
20:55:15 - SwarmAgent_10_IMPROVE - INFO - [IMPROVE] Executing SEO Micro-task: Keyword Sync
20:55:15 - SwarmAgent_17_IMPROVE - INFO - [IMPROVE] Executing SEO Micro-task: SEO Audit
20:55:15 - SwarmAgent_24_IMPROVE - INFO - [IMPROVE] Executing SEO Micro-task: Market Probe
20:55:15 - SwarmAgent_31_IMPROVE - INFO - [IMPROVE] Executing SEO Micro-task: Market Probe
20:55:15 - SwarmAgent_38_IMPROVE - INFO - [IMPROVE] Executing SEO Micro-task: SEO Audit
20:55:15 - SwarmAgent_45_IMPROVE - INFO - [IMPROVE] Executing SEO Micro-task: SEO Audit
20:55:15 - SwarmAgent_52_IMPROVE - INFO - [IMPROVE] Executing SEO Micro-task: Domain Research
20:55:15 - SwarmAgent_59_IMPROVE - INFO - [IMPROVE] Executing SEO Micro-task: Keyword Sync
20:55:15 - SwarmAgent_66_IMPROVE - INFO - [IMPROVE] Executing SEO Micro-task: Domain Research
20:55:15 - SwarmAgent_73_IMPROVE - INFO - [IMPROVE] Executing SEO Micro-task: Market Probe
20:55:15 - SwarmAgent_80_IMPROVE - INFO - [IMPROVE] Executing SEO Micro-task: Domain Research
20:55:15 - SwarmAgent_87_IMPROVE - INFO - [IMPROVE] Executing SEO Micro-task: Domain Research
20:55:15 - SwarmAgent_94_IMPROVE - INFO - [IMPROVE] Executing SEO Micro-task: Market Probe
20:55:25 - TargetingAgent - WARNING - Failed to load memory from MongoDB: SSL handshake failed: ac-8xlp2xc-shard-00-01.nc9rsuw.mongodb.net:27017: [SSL: TLSV1_ALERT_INTERNAL_ERROR] tlsv1 alert internal error (_ssl.c:1129) (configured timeouts: socketTimeoutMS: 20000.0ms, connectTimeoutMS: 20000.0ms),SSL handshake failed: ac-8xlp2xc-shard-00-02.nc9rsuw.mongodb.net:27017: [SSL: TLSV1_ALERT_INTERNAL_ERROR] tlsv1 alert internal error (_ssl.c:1129) (configured timeouts: socketTimeoutMS: 20000.0ms, connectTimeoutMS: 20000.0ms),SSL handshake failed: ac-8xlp2xc-shard-00-00.nc9rsuw.mongodb.net:27017: [SSL: TLSV1_ALERT_INTERNAL_ERROR] tlsv1 alert internal error (_ssl.c:1129) (configured timeouts: socketTimeoutMS: 20000.0ms, connectTimeoutMS: 20000.0ms), Timeout: 10.0s, Topology Description: <TopologyDescription id: 69e22f3fed403a7ca528fedf, topology_type: ReplicaSetNoPrimary, servers: [<ServerDescription ('ac-8xlp2xc-shard-00-00.nc9rsuw.mongodb.net', 27017) server_type: Unknown, rtt: None, error=AutoReconnect('SSL handshake failed: ac-8xlp2xc-shard-00-00.nc9rsuw.mongodb.net:27017: [SSL: TLSV1_ALERT_INTERNAL_ERROR] tlsv1 alert internal error (_ssl.c:1129) (configured timeouts: socketTimeoutMS: 20000.0ms, connectTimeoutMS: 20000.0ms)')>, <ServerDescription ('ac-8xlp2xc-shard-00-01.nc9rsuw.mongodb.net', 27017) server_type: Unknown, rtt: None, error=AutoReconnect('SSL handshake failed: ac-8xlp2xc-shard-00-01.nc9rsuw.mongodb.net:27017: [SSL: TLSV1_ALERT_INTERNAL_ERROR] tlsv1 alert internal error (_ssl.c:1129) (configured timeouts: socketTimeoutMS: 20000.0ms, connectTimeoutMS: 20000.0ms)')>, <ServerDescription ('ac-8xlp2xc-shard-00-02.nc9rsuw.mongodb.net', 27017) server_type: Unknown, rtt: None, error=AutoReconnect('SSL handshake failed: ac-8xlp2xc-shard-00-02.nc9rsuw.mongodb.net:27017: [SSL: TLSV1_ALERT_INTERNAL_ERROR] tlsv1 alert internal error (_ssl.c:1129) (configured timeouts: socketTimeoutMS: 20000.0ms, connectTimeoutMS: 20000.0ms)')>]>. Falling back to JSON.
20:55:36 - TargetingAgent - WARNING - Failed to load memory from MongoDB: SSL handshake failed: ac-8xlp2xc-shard-00-01.nc9rsuw.mongodb.net:27017: [SSL: TLSV1_ALERT_INTERNAL_ERROR] tlsv1 alert internal error (_ssl.c:1129) (configured timeouts: socketTimeoutMS: 20000.0ms, connectTimeoutMS: 20000.0ms),SSL handshake failed: ac-8xlp2xc-shard-00-02.nc9rsuw.mongodb.net:27017: [SSL: TLSV1_ALERT_INTERNAL_ERROR] tlsv1 alert internal error (_ssl.c:1129) (configured timeouts: socketTimeoutMS: 20000.0ms, connectTimeoutMS: 20000.0ms),SSL handshake failed: ac-8xlp2xc-shard-00-00.nc9rsuw.mongodb.net:27017: [SSL: TLSV1_ALERT_INTERNAL_ERROR] tlsv1 alert internal error (_ssl.c:1129) (configured timeouts: socketTimeoutMS: 20000.0ms, connectTimeoutMS: 20000.0ms), Timeout: 10.0s, Topology Description: <TopologyDescription id: 69e22f3fed403a7ca528fedf, topology_type: ReplicaSetNoPrimary, servers: [<ServerDescription ('ac-8xlp2xc-shard-00-00.nc9rsuw.mongodb.net', 27017) server_type: Unknown, rtt: None, error=AutoReconnect('SSL handshake failed: ac-8xlp2xc-shard-00-00.nc9rsuw.mongodb.net:27017: [SSL: TLSV1_ALERT_INTERNAL_ERROR] tlsv1 alert internal error (_ssl.c:1129) (configured timeouts: socketTimeoutMS: 20000.0ms, connectTimeoutMS: 20000.0ms)')>, <ServerDescription ('ac-8xlp2xc-shard-00-01.nc9rsuw.mongodb.net', 27017) server_type: Unknown, rtt: None, error=AutoReconnect('SSL handshake failed: ac-8xlp2xc-shard-00-01.nc9rsuw.mongodb.net:27017: [SSL: TLSV1_ALERT_INTERNAL_ERROR] tlsv1 alert internal error (_ssl.c:1129) (configured timeouts: socketTimeoutMS: 20000.0ms, connectTimeoutMS: 20000.0ms)')>, <ServerDescription ('ac-8xlp2xc-shard-00-02.nc9rsuw.mongodb.net', 27017) server_type: Unknown, rtt: None, error=AutoReconnect('SSL handshake failed: ac-8xlp2xc-shard-00-02.nc9rsuw.mongodb.net:27017: [SSL: TLSV1_ALERT_INTERNAL_ERROR] tlsv1 alert internal error (_ssl.c:1129) (configured timeouts: socketTimeoutMS: 20000.0ms, connectTimeoutMS: 20000.0ms)')>]>. Falling back to JSON.
20:55:46 - TargetingAgent - ERROR - Failed to save memory to MongoDB: SSL handshake failed: ac-8xlp2xc-shard-00-01.nc9rsuw.mongodb.net:27017: [SSL: TLSV1_ALERT_INTERNAL_ERROR] tlsv1 alert internal error (_ssl.c:1129) (configured timeouts: socketTimeoutMS: 20000.0ms, connectTimeoutMS: 20000.0ms),SSL handshake failed: ac-8xlp2xc-shard-00-02.nc9rsuw.mongodb.net:27017: [SSL: TLSV1_ALERT_INTERNAL_ERROR] tlsv1 alert internal error (_ssl.c:1129) (configured timeouts: socketTimeoutMS: 20000.0ms, connectTimeoutMS: 20000.0ms),SSL handshake failed: ac-8xlp2xc-shard-00-00.nc9rsuw.mongodb.net:27017: [SSL: TLSV1_ALERT_INTERNAL_ERROR] tlsv1 alert internal error (_ssl.c:1129) (configured timeouts: socketTimeoutMS: 20000.0ms, connectTimeoutMS: 20000.0ms), Timeout: 10.0s, Topology Description: <TopologyDescription id: 69e22f3fed403a7ca528fedf, topology_type: ReplicaSetNoPrimary, servers: [<ServerDescription ('ac-8xlp2xc-shard-00-00.nc9rsuw.mongodb.net', 27017) server_type: Unknown, rtt: None, error=AutoReconnect('SSL handshake failed: ac-8xlp2xc-shard-00-00.nc9rsuw.mongodb.net:27017: [SSL: TLSV1_ALERT_INTERNAL_ERROR] tlsv1 alert internal error (_ssl.c:1129) (configured timeouts: socketTimeoutMS: 20000.0ms, connectTimeoutMS: 20000.0ms)')>, <ServerDescription ('ac-8xlp2xc-shard-00-01.nc9rsuw.mongodb.net', 27017) server_type: Unknown, rtt: None, error=AutoReconnect('SSL handshake failed: ac-8xlp2xc-shard-00-01.nc9rsuw.mongodb.net:27017: [SSL: TLSV1_ALERT_INTERNAL_ERROR] tlsv1 alert internal error (_ssl.c:1129) (configured timeouts: socketTimeoutMS: 20000.0ms, connectTimeoutMS: 20000.0ms)')>, <ServerDescription ('ac-8xlp2xc-shard-00-02.nc9rsuw.mongodb.net', 27017) server_type: Unknown, rtt: None, error=AutoReconnect('SSL handshake failed: ac-8xlp2xc-shard-00-02.nc9rsuw.mongodb.net:27017: [SSL: TLSV1_ALERT_INTERNAL_ERROR] tlsv1 alert internal error (_ssl.c:1129) (configured timeouts: socketTimeoutMS: 20000.0ms, connectTimeoutMS: 20000.0ms)')>]>
20:55:46 - httpx - INFO - HTTP Request: POST https://tevdxaufsnpsbvvurddg.supabase.co/rest/v1/memory_store?on_conflict=id "HTTP/2 200 OK"
20:55:46 - TargetingAgent - INFO - Persona locked: AdTech Professional (Google Stack Focus) | Intent: Campaign Optimization & ROAS Growth
20:55:46 - AgentOrchestrator - INFO - Executing Tier 5: ['BidAgent', 'ContentAgent']
20:55:46 - BidAgent - INFO - Calculating Smart Bid Strategy (tROAS / tCPA)...
20:55:46 - ContentAgent - INFO - Generating Content...
20:55:56 - BidAgent - WARNING - Failed to load memory from MongoDB: SSL handshake failed: ac-8xlp2xc-shard-00-01.nc9rsuw.mongodb.net:27017: [SSL: TLSV1_ALERT_INTERNAL_ERROR] tlsv1 alert internal error (_ssl.c:1129) (configured timeouts: socketTimeoutMS: 20000.0ms, connectTimeoutMS: 20000.0ms),SSL handshake failed: ac-8xlp2xc-shard-00-02.nc9rsuw.mongodb.net:27017: [SSL: TLSV1_ALERT_INTERNAL_ERROR] tlsv1 alert internal error (_ssl.c:1129) (configured timeouts: socketTimeoutMS: 20000.0ms, connectTimeoutMS: 20000.0ms),SSL handshake failed: ac-8xlp2xc-shard-00-00.nc9rsuw.mongodb.net:27017: [SSL: TLSV1_ALERT_INTERNAL_ERROR] tlsv1 alert internal error (_ssl.c:1129) (configured timeouts: socketTimeoutMS: 20000.0ms, connectTimeoutMS: 20000.0ms), Timeout: 10.0s, Topology Description: <TopologyDescription id: 69e22f3fed403a7ca528fedf, topology_type: ReplicaSetNoPrimary, servers: [<ServerDescription ('ac-8xlp2xc-shard-00-00.nc9rsuw.mongodb.net', 27017) server_type: Unknown, rtt: None, error=AutoReconnect('SSL handshake failed: ac-8xlp2xc-shard-00-00.nc9rsuw.mongodb.net:27017: [SSL: TLSV1_ALERT_INTERNAL_ERROR] tlsv1 alert internal error (_ssl.c:1129) (configured timeouts: socketTimeoutMS: 20000.0ms, connectTimeoutMS: 20000.0ms)')>, <ServerDescription ('ac-8xlp2xc-shard-00-01.nc9rsuw.mongodb.net', 27017) server_type: Unknown, rtt: None, error=AutoReconnect('SSL handshake failed: ac-8xlp2xc-shard-00-01.nc9rsuw.mongodb.net:27017: [SSL: TLSV1_ALERT_INTERNAL_ERROR] tlsv1 alert internal error (_ssl.c:1129) (configured timeouts: socketTimeoutMS: 20000.0ms, connectTimeoutMS: 20000.0ms)')>, <ServerDescription ('ac-8xlp2xc-shard-00-02.nc9rsuw.mongodb.net', 27017) server_type: Unknown, rtt: None, error=AutoReconnect('SSL handshake failed: ac-8xlp2xc-shard-00-02.nc9rsuw.mongodb.net:27017: [SSL: TLSV1_ALERT_INTERNAL_ERROR] tlsv1 alert internal error (_ssl.c:1129) (configured timeouts: socketTimeoutMS: 20000.0ms, connectTimeoutMS: 20000.0ms)')>]>. Falling back to JSON.
20:56:06 - BidAgent - WARNING - Failed to load memory from MongoDB: SSL handshake failed: ac-8xlp2xc-shard-00-01.nc9rsuw.mongodb.net:27017: [SSL: TLSV1_ALERT_INTERNAL_ERROR] tlsv1 alert internal error (_ssl.c:1129) (configured timeouts: socketTimeoutMS: 20000.0ms, connectTimeoutMS: 20000.0ms),SSL handshake failed: ac-8xlp2xc-shard-00-02.nc9rsuw.mongodb.net:27017: [SSL: TLSV1_ALERT_INTERNAL_ERROR] tlsv1 alert internal error (_ssl.c:1129) (configured timeouts: socketTimeoutMS: 20000.0ms, connectTimeoutMS: 20000.0ms),SSL handshake failed: ac-8xlp2xc-shard-00-00.nc9rsuw.mongodb.net:27017: [SSL: TLSV1_ALERT_INTERNAL_ERROR] tlsv1 alert internal error (_ssl.c:1129) (configured timeouts: socketTimeoutMS: 20000.0ms, connectTimeoutMS: 20000.0ms), Timeout: 10.0s, Topology Description: <TopologyDescription id: 69e22f3fed403a7ca528fedf, topology_type: ReplicaSetNoPrimary, servers: [<ServerDescription ('ac-8xlp2xc-shard-00-00.nc9rsuw.mongodb.net', 27017) server_type: Unknown, rtt: None, error=AutoReconnect('SSL handshake failed: ac-8xlp2xc-shard-00-00.nc9rsuw.mongodb.net:27017: [SSL: TLSV1_ALERT_INTERNAL_ERROR] tlsv1 alert internal error (_ssl.c:1129) (configured timeouts: socketTimeoutMS: 20000.0ms, connectTimeoutMS: 20000.0ms)')>, <ServerDescription ('ac-8xlp2xc-shard-00-01.nc9rsuw.mongodb.net', 27017) server_type: Unknown, rtt: None, error=AutoReconnect('SSL handshake failed: ac-8xlp2xc-shard-00-01.nc9rsuw.mongodb.net:27017: [SSL: TLSV1_ALERT_INTERNAL_ERROR] tlsv1 alert internal error (_ssl.c:1129) (configured timeouts: socketTimeoutMS: 20000.0ms, connectTimeoutMS: 20000.0ms)')>, <ServerDescription ('ac-8xlp2xc-shard-00-02.nc9rsuw.mongodb.net', 27017) server_type: Unknown, rtt: None, error=AutoReconnect('SSL handshake failed: ac-8xlp2xc-shard-00-02.nc9rsuw.mongodb.net:27017: [SSL: TLSV1_ALERT_INTERNAL_ERROR] tlsv1 alert internal error (_ssl.c:1129) (configured timeouts: socketTimeoutMS: 20000.0ms, connectTimeoutMS: 20000.0ms)')>]>. Falling back to JSON.
20:56:17 - BidAgent - WARNING - Failed to load memory from MongoDB: SSL handshake failed: ac-8xlp2xc-shard-00-01.nc9rsuw.mongodb.net:27017: [SSL: TLSV1_ALERT_INTERNAL_ERROR] tlsv1 alert internal error (_ssl.c:1129) (configured timeouts: socketTimeoutMS: 20000.0ms, connectTimeoutMS: 20000.0ms),SSL handshake failed: ac-8xlp2xc-shard-00-02.nc9rsuw.mongodb.net:27017: [SSL: TLSV1_ALERT_INTERNAL_ERROR] tlsv1 alert internal error (_ssl.c:1129) (configured timeouts: socketTimeoutMS: 20000.0ms, connectTimeoutMS: 20000.0ms),SSL handshake failed: ac-8xlp2xc-shard-00-00.nc9rsuw.mongodb.net:27017: [SSL: TLSV1_ALERT_INTERNAL_ERROR] tlsv1 alert internal error (_ssl.c:1129) (configured timeouts: socketTimeoutMS: 20000.0ms, connectTimeoutMS: 20000.0ms), Timeout: 10.0s, Topology Description: <TopologyDescription id: 69e22f3fed403a7ca528fedf, topology_type: ReplicaSetNoPrimary, servers: [<ServerDescription ('ac-8xlp2xc-shard-00-00.nc9rsuw.mongodb.net', 27017) server_type: Unknown, rtt: None, error=AutoReconnect('SSL handshake failed: ac-8xlp2xc-shard-00-00.nc9rsuw.mongodb.net:27017: [SSL: TLSV1_ALERT_INTERNAL_ERROR] tlsv1 alert internal error (_ssl.c:1129) (configured timeouts: socketTimeoutMS: 20000.0ms, connectTimeoutMS: 20000.0ms)')>, <ServerDescription ('ac-8xlp2xc-shard-00-01.nc9rsuw.mongodb.net', 27017) server_type: Unknown, rtt: None, error=AutoReconnect('SSL handshake failed: ac-8xlp2xc-shard-00-01.nc9rsuw.mongodb.net:27017: [SSL: TLSV1_ALERT_INTERNAL_ERROR] tlsv1 alert internal error (_ssl.c:1129) (configured timeouts: socketTimeoutMS: 20000.0ms, connectTimeoutMS: 20000.0ms)')>, <ServerDescription ('ac-8xlp2xc-shard-00-02.nc9rsuw.mongodb.net', 27017) server_type: Unknown, rtt: None, error=AutoReconnect('SSL handshake failed: ac-8xlp2xc-shard-00-02.nc9rsuw.mongodb.net:27017: [SSL: TLSV1_ALERT_INTERNAL_ERROR] tlsv1 alert internal error (_ssl.c:1129) (configured timeouts: socketTimeoutMS: 20000.0ms, connectTimeoutMS: 20000.0ms)')>]>. Falling back to JSON.
20:56:27 - BidAgent - WARNING - Failed to load memory from MongoDB: SSL handshake failed: ac-8xlp2xc-shard-00-01.nc9rsuw.mongodb.net:27017: [SSL: TLSV1_ALERT_INTERNAL_ERROR] tlsv1 alert internal error (_ssl.c:1129) (configured timeouts: socketTimeoutMS: 20000.0ms, connectTimeoutMS: 20000.0ms),SSL handshake failed: ac-8xlp2xc-shard-00-02.nc9rsuw.mongodb.net:27017: [SSL: TLSV1_ALERT_INTERNAL_ERROR] tlsv1 alert internal error (_ssl.c:1129) (configured timeouts: socketTimeoutMS: 20000.0ms, connectTimeoutMS: 20000.0ms),SSL handshake failed: ac-8xlp2xc-shard-00-00.nc9rsuw.mongodb.net:27017: [SSL: TLSV1_ALERT_INTERNAL_ERROR] tlsv1 alert internal error (_ssl.c:1129) (configured timeouts: socketTimeoutMS: 20000.0ms, connectTimeoutMS: 20000.0ms), Timeout: 10.0s, Topology Description: <TopologyDescription id: 69e22f3fed403a7ca528fedf, topology_type: ReplicaSetNoPrimary, servers: [<ServerDescription ('ac-8xlp2xc-shard-00-00.nc9rsuw.mongodb.net', 27017) server_type: Unknown, rtt: None, error=AutoReconnect('SSL handshake failed: ac-8xlp2xc-shard-00-00.nc9rsuw.mongodb.net:27017: [SSL: TLSV1_ALERT_INTERNAL_ERROR] tlsv1 alert internal error (_ssl.c:1129) (configured timeouts: socketTimeoutMS: 20000.0ms, connectTimeoutMS: 20000.0ms)')>, <ServerDescription ('ac-8xlp2xc-shard-00-01.nc9rsuw.mongodb.net', 27017) server_type: Unknown, rtt: None, error=AutoReconnect('SSL handshake failed: ac-8xlp2xc-shard-00-01.nc9rsuw.mongodb.net:27017: [SSL: TLSV1_ALERT_INTERNAL_ERROR] tlsv1 alert internal error (_ssl.c:1129) (configured timeouts: socketTimeoutMS: 20000.0ms, connectTimeoutMS: 20000.0ms)')>, <ServerDescription ('ac-8xlp2xc-shard-00-02.nc9rsuw.mongodb.net', 27017) server_type: Unknown, rtt: None, error=AutoReconnect('SSL handshake failed: ac-8xlp2xc-shard-00-02.nc9rsuw.mongodb.net:27017: [SSL: TLSV1_ALERT_INTERNAL_ERROR] tlsv1 alert internal error (_ssl.c:1129) (configured timeouts: socketTimeoutMS: 20000.0ms, connectTimeoutMS: 20000.0ms)')>]>. Falling back to JSON.
20:56:37 - BidAgent - ERROR - Failed to save memory to MongoDB: SSL handshake failed: ac-8xlp2xc-shard-00-01.nc9rsuw.mongodb.net:27017: [SSL: TLSV1_ALERT_INTERNAL_ERROR] tlsv1 alert internal error (_ssl.c:1129) (configured timeouts: socketTimeoutMS: 20000.0ms, connectTimeoutMS: 20000.0ms),SSL handshake failed: ac-8xlp2xc-shard-00-02.nc9rsuw.mongodb.net:27017: [SSL: TLSV1_ALERT_INTERNAL_ERROR] tlsv1 alert internal error (_ssl.c:1129) (configured timeouts: socketTimeoutMS: 20000.0ms, connectTimeoutMS: 20000.0ms),SSL handshake failed: ac-8xlp2xc-shard-00-00.nc9rsuw.mongodb.net:27017: [SSL: TLSV1_ALERT_INTERNAL_ERROR] tlsv1 alert internal error (_ssl.c:1129) (configured timeouts: socketTimeoutMS: 20000.0ms, connectTimeoutMS: 20000.0ms), Timeout: 10.0s, Topology Description: <TopologyDescription id: 69e22f3fed403a7ca528fedf, topology_type: ReplicaSetNoPrimary, servers: [<ServerDescription ('ac-8xlp2xc-shard-00-00.nc9rsuw.mongodb.net', 27017) server_type: Unknown, rtt: None, error=AutoReconnect('SSL handshake failed: ac-8xlp2xc-shard-00-00.nc9rsuw.mongodb.net:27017: [SSL: TLSV1_ALERT_INTERNAL_ERROR] tlsv1 alert internal error (_ssl.c:1129) (configured timeouts: socketTimeoutMS: 20000.0ms, connectTimeoutMS: 20000.0ms)')>, <ServerDescription ('ac-8xlp2xc-shard-00-01.nc9rsuw.mongodb.net', 27017) server_type: Unknown, rtt: None, error=AutoReconnect('SSL handshake failed: ac-8xlp2xc-shard-00-01.nc9rsuw.mongodb.net:27017: [SSL: TLSV1_ALERT_INTERNAL_ERROR] tlsv1 alert internal error (_ssl.c:1129) (configured timeouts: socketTimeoutMS: 20000.0ms, connectTimeoutMS: 20000.0ms)')>, <ServerDescription ('ac-8xlp2xc-shard-00-02.nc9rsuw.mongodb.net', 27017) server_type: Unknown, rtt: None, error=AutoReconnect('SSL handshake failed: ac-8xlp2xc-shard-00-02.nc9rsuw.mongodb.net:27017: [SSL: TLSV1_ALERT_INTERNAL_ERROR] tlsv1 alert internal error (_ssl.c:1129) (configured timeouts: socketTimeoutMS: 20000.0ms, connectTimeoutMS: 20000.0ms)')>]>
20:56:37 - httpx - INFO - HTTP Request: POST https://tevdxaufsnpsbvvurddg.supabase.co/rest/v1/memory_store?on_conflict=id "HTTP/2 200 OK"
20:56:47 - BidAgent - WARNING - Failed to load memory from MongoDB: SSL handshake failed: ac-8xlp2xc-shard-00-01.nc9rsuw.mongodb.net:27017: [SSL: TLSV1_ALERT_INTERNAL_ERROR] tlsv1 alert internal error (_ssl.c:1129) (configured timeouts: socketTimeoutMS: 20000.0ms, connectTimeoutMS: 20000.0ms),SSL handshake failed: ac-8xlp2xc-shard-00-02.nc9rsuw.mongodb.net:27017: [SSL: TLSV1_ALERT_INTERNAL_ERROR] tlsv1 alert internal error (_ssl.c:1129) (configured timeouts: socketTimeoutMS: 20000.0ms, connectTimeoutMS: 20000.0ms),SSL handshake failed: ac-8xlp2xc-shard-00-00.nc9rsuw.mongodb.net:27017: [SSL: TLSV1_ALERT_INTERNAL_ERROR] tlsv1 alert internal error (_ssl.c:1129) (configured timeouts: socketTimeoutMS: 20000.0ms, connectTimeoutMS: 20000.0ms), Timeout: 10.0s, Topology Description: <TopologyDescription id: 69e22f3fed403a7ca528fedf, topology_type: ReplicaSetNoPrimary, servers: [<ServerDescription ('ac-8xlp2xc-shard-00-00.nc9rsuw.mongodb.net', 27017) server_type: Unknown, rtt: None, error=AutoReconnect('SSL handshake failed: ac-8xlp2xc-shard-00-00.nc9rsuw.mongodb.net:27017: [SSL: TLSV1_ALERT_INTERNAL_ERROR] tlsv1 alert internal error (_ssl.c:1129) (configured timeouts: socketTimeoutMS: 20000.0ms, connectTimeoutMS: 20000.0ms)')>, <ServerDescription ('ac-8xlp2xc-shard-00-01.nc9rsuw.mongodb.net', 27017) server_type: Unknown, rtt: None, error=AutoReconnect('SSL handshake failed: ac-8xlp2xc-shard-00-01.nc9rsuw.mongodb.net:27017: [SSL: TLSV1_ALERT_INTERNAL_ERROR] tlsv1 alert internal error (_ssl.c:1129) (configured timeouts: socketTimeoutMS: 20000.0ms, connectTimeoutMS: 20000.0ms)')>, <ServerDescription ('ac-8xlp2xc-shard-00-02.nc9rsuw.mongodb.net', 27017) server_type: Unknown, rtt: None, error=AutoReconnect('SSL handshake failed: ac-8xlp2xc-shard-00-02.nc9rsuw.mongodb.net:27017: [SSL: TLSV1_ALERT_INTERNAL_ERROR] tlsv1 alert internal error (_ssl.c:1129) (configured timeouts: socketTimeoutMS: 20000.0ms, connectTimeoutMS: 20000.0ms)')>]>. Falling back to JSON.
20:56:58 - BidAgent - ERROR - Failed to save memory to MongoDB: SSL handshake failed: ac-8xlp2xc-shard-00-01.nc9rsuw.mongodb.net:27017: [SSL: TLSV1_ALERT_INTERNAL_ERROR] tlsv1 alert internal error (_ssl.c:1129) (configured timeouts: socketTimeoutMS: 20000.0ms, connectTimeoutMS: 20000.0ms),SSL handshake failed: ac-8xlp2xc-shard-00-02.nc9rsuw.mongodb.net:27017: [SSL: TLSV1_ALERT_INTERNAL_ERROR] tlsv1 alert internal error (_ssl.c:1129) (configured timeouts: socketTimeoutMS: 20000.0ms, connectTimeoutMS: 20000.0ms),SSL handshake failed: ac-8xlp2xc-shard-00-00.nc9rsuw.mongodb.net:27017: [SSL: TLSV1_ALERT_INTERNAL_ERROR] tlsv1 alert internal error (_ssl.c:1129) (configured timeouts: socketTimeoutMS: 20000.0ms, connectTimeoutMS: 20000.0ms), Timeout: 10.0s, Topology Description: <TopologyDescription id: 69e22f3fed403a7ca528fedf, topology_type: ReplicaSetNoPrimary, servers: [<ServerDescription ('ac-8xlp2xc-shard-00-00.nc9rsuw.mongodb.net', 27017) server_type: Unknown, rtt: None, error=AutoReconnect('SSL handshake failed: ac-8xlp2xc-shard-00-00.nc9rsuw.mongodb.net:27017: [SSL: TLSV1_ALERT_INTERNAL_ERROR] tlsv1 alert internal error (_ssl.c:1129) (configured timeouts: socketTimeoutMS: 20000.0ms, connectTimeoutMS: 20000.0ms)')>, <ServerDescription ('ac-8xlp2xc-shard-00-01.nc9rsuw.mongodb.net', 27017) server_type: Unknown, rtt: None, error=AutoReconnect('SSL handshake failed: ac-8xlp2xc-shard-00-01.nc9rsuw.mongodb.net:27017: [SSL: TLSV1_ALERT_INTERNAL_ERROR] tlsv1 alert internal error (_ssl.c:1129) (configured timeouts: socketTimeoutMS: 20000.0ms, connectTimeoutMS: 20000.0ms)')>, <ServerDescription ('ac-8xlp2xc-shard-00-02.nc9rsuw.mongodb.net', 27017) server_type: Unknown, rtt: None, error=AutoReconnect('SSL handshake failed: ac-8xlp2xc-shard-00-02.nc9rsuw.mongodb.net:27017: [SSL: TLSV1_ALERT_INTERNAL_ERROR] tlsv1 alert internal error (_ssl.c:1129) (configured timeouts: socketTimeoutMS: 20000.0ms, connectTimeoutMS: 20000.0ms)')>]>
20:56:58 - httpx - INFO - HTTP Request: POST https://tevdxaufsnpsbvvurddg.supabase.co/rest/v1/memory_store?on_conflict=id "HTTP/2 200 OK"
20:57:08 - BidAgent - WARNING - Failed to load memory from MongoDB: SSL handshake failed: ac-8xlp2xc-shard-00-01.nc9rsuw.mongodb.net:27017: [SSL: TLSV1_ALERT_INTERNAL_ERROR] tlsv1 alert internal error (_ssl.c:1129) (configured timeouts: socketTimeoutMS: 20000.0ms, connectTimeoutMS: 20000.0ms),SSL handshake failed: ac-8xlp2xc-shard-00-02.nc9rsuw.mongodb.net:27017: [SSL: TLSV1_ALERT_INTERNAL_ERROR] tlsv1 alert internal error (_ssl.c:1129) (configured timeouts: socketTimeoutMS: 20000.0ms, connectTimeoutMS: 20000.0ms),SSL handshake failed: ac-8xlp2xc-shard-00-00.nc9rsuw.mongodb.net:27017: [SSL: TLSV1_ALERT_INTERNAL_ERROR] tlsv1 alert internal error (_ssl.c:1129) (configured timeouts: socketTimeoutMS: 20000.0ms, connectTimeoutMS: 20000.0ms), Timeout: 10.0s, Topology Description: <TopologyDescription id: 69e22f3fed403a7ca528fedf, topology_type: ReplicaSetNoPrimary, servers: [<ServerDescription ('ac-8xlp2xc-shard-00-00.nc9rsuw.mongodb.net', 27017) server_type: Unknown, rtt: None, error=AutoReconnect('SSL handshake failed: ac-8xlp2xc-shard-00-00.nc9rsuw.mongodb.net:27017: [SSL: TLSV1_ALERT_INTERNAL_ERROR] tlsv1 alert internal error (_ssl.c:1129) (configured timeouts: socketTimeoutMS: 20000.0ms, connectTimeoutMS: 20000.0ms)')>, <ServerDescription ('ac-8xlp2xc-shard-00-01.nc9rsuw.mongodb.net', 27017) server_type: Unknown, rtt: None, error=AutoReconnect('SSL handshake failed: ac-8xlp2xc-shard-00-01.nc9rsuw.mongodb.net:27017: [SSL: TLSV1_ALERT_INTERNAL_ERROR] tlsv1 alert internal error (_ssl.c:1129) (configured timeouts: socketTimeoutMS: 20000.0ms, connectTimeoutMS: 20000.0ms)')>, <ServerDescription ('ac-8xlp2xc-shard-00-02.nc9rsuw.mongodb.net', 27017) server_type: Unknown, rtt: None, error=AutoReconnect('SSL handshake failed: ac-8xlp2xc-shard-00-02.nc9rsuw.mongodb.net:27017: [SSL: TLSV1_ALERT_INTERNAL_ERROR] tlsv1 alert internal error (_ssl.c:1129) (configured timeouts: socketTimeoutMS: 20000.0ms, connectTimeoutMS: 20000.0ms)')>]>. Falling back to JSON.
20:57:18 - BidAgent - ERROR - Failed to save memory to MongoDB: SSL handshake failed: ac-8xlp2xc-shard-00-01.nc9rsuw.mongodb.net:27017: [SSL: TLSV1_ALERT_INTERNAL_ERROR] tlsv1 alert internal error (_ssl.c:1129) (configured timeouts: socketTimeoutMS: 20000.0ms, connectTimeoutMS: 20000.0ms),SSL handshake failed: ac-8xlp2xc-shard-00-02.nc9rsuw.mongodb.net:27017: [SSL: TLSV1_ALERT_INTERNAL_ERROR] tlsv1 alert internal error (_ssl.c:1129) (configured timeouts: socketTimeoutMS: 20000.0ms, connectTimeoutMS: 20000.0ms),SSL handshake failed: ac-8xlp2xc-shard-00-00.nc9rsuw.mongodb.net:27017: [SSL: TLSV1_ALERT_INTERNAL_ERROR] tlsv1 alert internal error (_ssl.c:1129) (configured timeouts: socketTimeoutMS: 20000.0ms, connectTimeoutMS: 20000.0ms), Timeout: 10.0s, Topology Description: <TopologyDescription id: 69e22f3fed403a7ca528fedf, topology_type: ReplicaSetNoPrimary, servers: [<ServerDescription ('ac-8xlp2xc-shard-00-00.nc9rsuw.mongodb.net', 27017) server_type: Unknown, rtt: None, error=AutoReconnect('SSL handshake failed: ac-8xlp2xc-shard-00-00.nc9rsuw.mongodb.net:27017: [SSL: TLSV1_ALERT_INTERNAL_ERROR] tlsv1 alert internal error (_ssl.c:1129) (configured timeouts: socketTimeoutMS: 20000.0ms, connectTimeoutMS: 20000.0ms)')>, <ServerDescription ('ac-8xlp2xc-shard-00-01.nc9rsuw.mongodb.net', 27017) server_type: Unknown, rtt: None, error=AutoReconnect('SSL handshake failed: ac-8xlp2xc-shard-00-01.nc9rsuw.mongodb.net:27017: [SSL: TLSV1_ALERT_INTERNAL_ERROR] tlsv1 alert internal error (_ssl.c:1129) (configured timeouts: socketTimeoutMS: 20000.0ms, connectTimeoutMS: 20000.0ms)')>, <ServerDescription ('ac-8xlp2xc-shard-00-02.nc9rsuw.mongodb.net', 27017) server_type: Unknown, rtt: None, error=AutoReconnect('SSL handshake failed: ac-8xlp2xc-shard-00-02.nc9rsuw.mongodb.net:27017: [SSL: TLSV1_ALERT_INTERNAL_ERROR] tlsv1 alert internal error (_ssl.c:1129) (configured timeouts: socketTimeoutMS: 20000.0ms, connectTimeoutMS: 20000.0ms)')>]>
20:57:18 - httpx - INFO - HTTP Request: POST https://tevdxaufsnpsbvvurddg.supabase.co/rest/v1/memory_store?on_conflict=id "HTTP/2 200 OK"
20:57:18 - BidAgent - INFO - Strategy: Target CPA — PROTECT_BUDGET | CPM: €0.55 | tROAS: 4.0x | tCPA: €213.48
20:57:18 - AgentOrchestrator - INFO - Executing Tier 6: ['AdsAgent', 'MonetizationAgent', 'SwarmAgent_04_CONTROL', 'SwarmAgent_11_CONTROL', 'SwarmAgent_18_CONTROL', 'SwarmAgent_25_CONTROL', 'SwarmAgent_32_CONTROL', 'SwarmAgent_39_CONTROL', 'SwarmAgent_46_CONTROL', 'SwarmAgent_53_CONTROL', 'SwarmAgent_60_CONTROL', 'SwarmAgent_67_CONTROL', 'SwarmAgent_74_CONTROL', 'SwarmAgent_81_CONTROL', 'SwarmAgent_88_CONTROL', 'SwarmAgent_95_CONTROL']
20:57:18 - AdsAgent - INFO - Generating Performance Max Asset Groups & Ad Campaigns...
20:57:18 - TelemetryManager - INFO - [TELEMETRY] AdsAgent emitted AD_STRATEGY_GENERATION for AD_ADS_ADVERTISE
20:57:18 - AdsAgent - INFO - Generated 3 standard ads + PMax group 'PMax_Group_AdTech_Professi' (8 headlines, signal: BUILDING)
20:57:18 - MonetizationAgent - INFO - Running Monetization Analysis...
20:57:18 - SwarmAgent_04_CONTROL - INFO - [CONTROL] Executing SEO Micro-task: SEO Audit
20:57:18 - SwarmAgent_11_CONTROL - INFO - [CONTROL] Executing SEO Micro-task: SEO Audit
20:57:18 - SwarmAgent_18_CONTROL - INFO - [CONTROL] Executing SEO Micro-task: SEO Audit
20:57:18 - SwarmAgent_25_CONTROL - INFO - [CONTROL] Executing SEO Micro-task: SEO Audit
20:57:18 - SwarmAgent_32_CONTROL - INFO - [CONTROL] Executing SEO Micro-task: SEO Audit
20:57:18 - SwarmAgent_39_CONTROL - INFO - [CONTROL] Executing SEO Micro-task: Keyword Sync
20:57:18 - SwarmAgent_46_CONTROL - INFO - [CONTROL] Executing SEO Micro-task: Keyword Sync
20:57:18 - SwarmAgent_53_CONTROL - INFO - [CONTROL] Executing SEO Micro-task: Keyword Sync
20:57:18 - SwarmAgent_60_CONTROL - INFO - [CONTROL] Executing SEO Micro-task: Domain Research
20:57:18 - SwarmAgent_67_CONTROL - INFO - [CONTROL] Executing SEO Micro-task: Market Probe
20:57:18 - SwarmAgent_74_CONTROL - INFO - [CONTROL] Executing SEO Micro-task: Domain Research
20:57:18 - SwarmAgent_81_CONTROL - INFO - [CONTROL] Executing SEO Micro-task: Keyword Sync
20:57:18 - SwarmAgent_88_CONTROL - INFO - [CONTROL] Executing SEO Micro-task: Keyword Sync
20:57:18 - SwarmAgent_95_CONTROL - INFO - [CONTROL] Executing SEO Micro-task: SEO Audit
20:57:18 - AgentOrchestrator - INFO - Executing Tier 7: ['AutonomousIntelligenceAgent']
20:57:18 - httpx - INFO - HTTP Request: POST https://tevdxaufsnpsbvvurddg.supabase.co/rest/v1/telemetry?columns=%22id%22%2C%22event_data%22%2C%22recorded_at%22 "HTTP/2 201 Created"
20:57:18 - AutonomousIntelligenceAgent - INFO - Overseeing Ecosystem...
20:57:28 - TelemetryManager - WARNING - MongoDB telemetry sync failed: SSL handshake failed: ac-8xlp2xc-shard-00-01.nc9rsuw.mongodb.net:27017: [SSL: TLSV1_ALERT_INTERNAL_ERROR] tlsv1 alert internal error (_ssl.c:1129) (configured timeouts: socketTimeoutMS: 20000.0ms, connectTimeoutMS: 20000.0ms),SSL handshake failed: ac-8xlp2xc-shard-00-02.nc9rsuw.mongodb.net:27017: [SSL: TLSV1_ALERT_INTERNAL_ERROR] tlsv1 alert internal error (_ssl.c:1129) (configured timeouts: socketTimeoutMS: 20000.0ms, connectTimeoutMS: 20000.0ms),SSL handshake failed: ac-8xlp2xc-shard-00-00.nc9rsuw.mongodb.net:27017: [SSL: TLSV1_ALERT_INTERNAL_ERROR] tlsv1 alert internal error (_ssl.c:1129) (configured timeouts: socketTimeoutMS: 20000.0ms, connectTimeoutMS: 20000.0ms), Timeout: 10.0s, Topology Description: <TopologyDescription id: 69e22f3fed403a7ca528fedf, topology_type: ReplicaSetNoPrimary, servers: [<ServerDescription ('ac-8xlp2xc-shard-00-00.nc9rsuw.mongodb.net', 27017) server_type: Unknown, rtt: None, error=AutoReconnect('SSL handshake failed: ac-8xlp2xc-shard-00-00.nc9rsuw.mongodb.net:27017: [SSL: TLSV1_ALERT_INTERNAL_ERROR] tlsv1 alert internal error (_ssl.c:1129) (configured timeouts: socketTimeoutMS: 20000.0ms, connectTimeoutMS: 20000.0ms)')>, <ServerDescription ('ac-8xlp2xc-shard-00-01.nc9rsuw.mongodb.net', 27017) server_type: Unknown, rtt: None, error=AutoReconnect('SSL handshake failed: ac-8xlp2xc-shard-00-01.nc9rsuw.mongodb.net:27017: [SSL: TLSV1_ALERT_INTERNAL_ERROR] tlsv1 alert internal error (_ssl.c:1129) (configured timeouts: socketTimeoutMS: 20000.0ms, connectTimeoutMS: 20000.0ms)')>, <ServerDescription ('ac-8xlp2xc-shard-00-02.nc9rsuw.mongodb.net', 27017) server_type: Unknown, rtt: None, error=AutoReconnect('SSL handshake failed: ac-8xlp2xc-shard-00-02.nc9rsuw.mongodb.net:27017: [SSL: TLSV1_ALERT_INTERNAL_ERROR] tlsv1 alert internal error (_ssl.c:1129) (configured timeouts: socketTimeoutMS: 20000.0ms, connectTimeoutMS: 20000.0ms)')>]>
20:57:28 - AutonomousIntelligenceAgent - WARNING - Failed to load memory from MongoDB: SSL handshake failed: ac-8xlp2xc-shard-00-01.nc9rsuw.mongodb.net:27017: [SSL: TLSV1_ALERT_INTERNAL_ERROR] tlsv1 alert internal error (_ssl.c:1129) (configured timeouts: socketTimeoutMS: 20000.0ms, connectTimeoutMS: 20000.0ms),SSL handshake failed: ac-8xlp2xc-shard-00-02.nc9rsuw.mongodb.net:27017: [SSL: TLSV1_ALERT_INTERNAL_ERROR] tlsv1 alert internal error (_ssl.c:1129) (configured timeouts: socketTimeoutMS: 20000.0ms, connectTimeoutMS: 20000.0ms),SSL handshake failed: ac-8xlp2xc-shard-00-00.nc9rsuw.mongodb.net:27017: [SSL: TLSV1_ALERT_INTERNAL_ERROR] tlsv1 alert internal error (_ssl.c:1129) (configured timeouts: socketTimeoutMS: 20000.0ms, connectTimeoutMS: 20000.0ms), Timeout: 10.0s, Topology Description: <TopologyDescription id: 69e22f3fed403a7ca528fedf, topology_type: ReplicaSetNoPrimary, servers: [<ServerDescription ('ac-8xlp2xc-shard-00-00.nc9rsuw.mongodb.net', 27017) server_type: Unknown, rtt: None, error=AutoReconnect('SSL handshake failed: ac-8xlp2xc-shard-00-00.nc9rsuw.mongodb.net:27017: [SSL: TLSV1_ALERT_INTERNAL_ERROR] tlsv1 alert internal error (_ssl.c:1129) (configured timeouts: socketTimeoutMS: 20000.0ms, connectTimeoutMS: 20000.0ms)')>, <ServerDescription ('ac-8xlp2xc-shard-00-01.nc9rsuw.mongodb.net', 27017) server_type: Unknown, rtt: None, error=AutoReconnect('SSL handshake failed: ac-8xlp2xc-shard-00-01.nc9rsuw.mongodb.net:27017: [SSL: TLSV1_ALERT_INTERNAL_ERROR] tlsv1 alert internal error (_ssl.c:1129) (configured timeouts: socketTimeoutMS: 20000.0ms, connectTimeoutMS: 20000.0ms)')>, <ServerDescription ('ac-8xlp2xc-shard-00-02.nc9rsuw.mongodb.net', 27017) server_type: Unknown, rtt: None, error=AutoReconnect('SSL handshake failed: ac-8xlp2xc-shard-00-02.nc9rsuw.mongodb.net:27017: [SSL: TLSV1_ALERT_INTERNAL_ERROR] tlsv1 alert internal error (_ssl.c:1129) (configured timeouts: socketTimeoutMS: 20000.0ms, connectTimeoutMS: 20000.0ms)')>]>. Falling back to JSON.
20:57:38 - AutonomousIntelligenceAgent - ERROR - Failed to save memory to MongoDB: SSL handshake failed: ac-8xlp2xc-shard-00-01.nc9rsuw.mongodb.net:27017: [SSL: TLSV1_ALERT_INTERNAL_ERROR] tlsv1 alert internal error (_ssl.c:1129) (configured timeouts: socketTimeoutMS: 20000.0ms, connectTimeoutMS: 20000.0ms),SSL handshake failed: ac-8xlp2xc-shard-00-02.nc9rsuw.mongodb.net:27017: [SSL: TLSV1_ALERT_INTERNAL_ERROR] tlsv1 alert internal error (_ssl.c:1129) (configured timeouts: socketTimeoutMS: 20000.0ms, connectTimeoutMS: 20000.0ms),SSL handshake failed: ac-8xlp2xc-shard-00-00.nc9rsuw.mongodb.net:27017: [SSL: TLSV1_ALERT_INTERNAL_ERROR] tlsv1 alert internal error (_ssl.c:1129) (configured timeouts: socketTimeoutMS: 20000.0ms, connectTimeoutMS: 20000.0ms), Timeout: 10.0s, Topology Description: <TopologyDescription id: 69e22f3fed403a7ca528fedf, topology_type: ReplicaSetNoPrimary, servers: [<ServerDescription ('ac-8xlp2xc-shard-00-00.nc9rsuw.mongodb.net', 27017) server_type: Unknown, rtt: None, error=AutoReconnect('SSL handshake failed: ac-8xlp2xc-shard-00-00.nc9rsuw.mongodb.net:27017: [SSL: TLSV1_ALERT_INTERNAL_ERROR] tlsv1 alert internal error (_ssl.c:1129) (configured timeouts: socketTimeoutMS: 20000.0ms, connectTimeoutMS: 20000.0ms)')>, <ServerDescription ('ac-8xlp2xc-shard-00-01.nc9rsuw.mongodb.net', 27017) server_type: Unknown, rtt: None, error=AutoReconnect('SSL handshake failed: ac-8xlp2xc-shard-00-01.nc9rsuw.mongodb.net:27017: [SSL: TLSV1_ALERT_INTERNAL_ERROR] tlsv1 alert internal error (_ssl.c:1129) (configured timeouts: socketTimeoutMS: 20000.0ms, connectTimeoutMS: 20000.0ms)')>, <ServerDescription ('ac-8xlp2xc-shard-00-02.nc9rsuw.mongodb.net', 27017) server_type: Unknown, rtt: None, error=AutoReconnect('SSL handshake failed: ac-8xlp2xc-shard-00-02.nc9rsuw.mongodb.net:27017: [SSL: TLSV1_ALERT_INTERNAL_ERROR] tlsv1 alert internal error (_ssl.c:1129) (configured timeouts: socketTimeoutMS: 20000.0ms, connectTimeoutMS: 20000.0ms)')>]>
20:57:39 - httpx - INFO - HTTP Request: POST https://tevdxaufsnpsbvvurddg.supabase.co/rest/v1/memory_store?on_conflict=id "HTTP/2 200 OK"
20:57:39 - AgentOrchestrator - INFO - Executing Tier 8: ['TelemetryAgent']
20:57:39 - TelemetryAgent - INFO - Synthesizing Market Data Structural Telemetry & External World Connectivity...
20:57:39 - AgentOrchestrator - INFO - Executing Tier 9: ['SixSigmaChampion']
20:57:39 - SixSigmaChampion - INFO - Governing Six Belt Sigma SEO Process...
20:57:39 - AgentOrchestrator - INFO - Executing Tier 10: ['Architect', 'CEO_Backup_00', 'CEO_Backup_01', 'CEO_Backup_02', 'CEO_Backup_03', 'AutonomyExpertImbued', 'SwiftEvolutionExpertImbued']
20:57:39 - Architect - INFO - Analyzing system architecture for daily improvements...
20:57:39 - Architect - INFO - Reviewing proposal from SwarmAgent_00_DEFINE: {'seo_impact_threshold': 0.48}
20:57:39 - Architect - INFO - Reviewing proposal from SwarmAgent_06_AD_TECH_PROBE: {'seo_impact_threshold': 0.48}
20:57:39 - Architect - INFO - Reviewing proposal from SwarmAgent_07_DEFINE: {'seo_impact_threshold': 0.48}
20:57:39 - Architect - INFO - Reviewing proposal from SwarmAgent_12_RESEARCH_WORLD: {'seo_impact_threshold': 0.48}
20:57:39 - Architect - INFO - Reviewing proposal from SwarmAgent_13_AD_TECH_PROBE: {'seo_impact_threshold': 0.48}
20:57:39 - Architect - INFO - Reviewing proposal from SwarmAgent_14_DEFINE: {'seo_impact_threshold': 0.48}
20:57:39 - Architect - INFO - Reviewing proposal from SwarmAgent_20_AD_TECH_PROBE: {'seo_impact_threshold': 0.48}
20:57:39 - Architect - INFO - Reviewing proposal from SwarmAgent_21_DEFINE: {'seo_impact_threshold': 0.48}
20:57:39 - Architect - INFO - Reviewing proposal from SwarmAgent_26_RESEARCH_WORLD: {'seo_impact_threshold': 0.48}
20:57:39 - Architect - INFO - Reviewing proposal from SwarmAgent_27_AD_TECH_PROBE: {'seo_impact_threshold': 0.48}
20:57:39 - Architect - INFO - Reviewing proposal from SwarmAgent_33_RESEARCH_WORLD: {'seo_impact_threshold': 0.48}
20:57:39 - Architect - INFO - Reviewing proposal from SwarmAgent_41_AD_TECH_PROBE: {'seo_impact_threshold': 0.48}
20:57:39 - Architect - INFO - Reviewing proposal from SwarmAgent_49_DEFINE: {'seo_impact_threshold': 0.48}
20:57:39 - Architect - INFO - Reviewing proposal from SwarmAgent_55_AD_TECH_PROBE: {'seo_impact_threshold': 0.48}
20:57:39 - Architect - INFO - Reviewing proposal from SwarmAgent_61_RESEARCH_WORLD: {'seo_impact_threshold': 0.48}
20:57:39 - Architect - INFO - Reviewing proposal from SwarmAgent_68_RESEARCH_WORLD: {'seo_impact_threshold': 0.48}
20:57:39 - Architect - INFO - Reviewing proposal from SwarmAgent_69_AD_TECH_PROBE: {'seo_impact_threshold': 0.48}
20:57:39 - Architect - INFO - Reviewing proposal from SwarmAgent_70_DEFINE: {'seo_impact_threshold': 0.48}
20:57:39 - Architect - INFO - Reviewing proposal from SwarmAgent_76_AD_TECH_PROBE: {'seo_impact_threshold': 0.48}
20:57:39 - Architect - INFO - Reviewing proposal from SwarmAgent_77_DEFINE: {'seo_impact_threshold': 0.48}
20:57:39 - Architect - INFO - Reviewing proposal from SwarmAgent_98_DEFINE: {'seo_impact_threshold': 0.48}
20:57:39 - Architect - INFO - Reviewing proposal from SwarmAgent_01_MEASURE: {'seo_impact_threshold': 0.48}
20:57:39 - Architect - INFO - Reviewing proposal from SwarmAgent_08_MEASURE: {'seo_impact_threshold': 0.48}
20:57:39 - Architect - INFO - Reviewing proposal from SwarmAgent_09_ANALYZE: {'seo_impact_threshold': 0.48}
20:57:39 - Architect - INFO - Reviewing proposal from SwarmAgent_22_MEASURE: {'seo_impact_threshold': 0.48}
20:57:39 - Architect - INFO - Reviewing proposal from SwarmAgent_23_ANALYZE: {'seo_impact_threshold': 0.48}
20:57:39 - Architect - INFO - Reviewing proposal from SwarmAgent_29_MEASURE: {'seo_impact_threshold': 0.48}
20:57:39 - Architect - INFO - Reviewing proposal from SwarmAgent_30_ANALYZE: {'seo_impact_threshold': 0.48}
20:57:39 - Architect - INFO - Reviewing proposal from SwarmAgent_50_MEASURE: {'seo_impact_threshold': 0.48}
20:57:39 - Architect - INFO - Reviewing proposal from SwarmAgent_51_ANALYZE: {'seo_impact_threshold': 0.48}
20:57:39 - Architect - INFO - Reviewing proposal from SwarmAgent_57_MEASURE: {'seo_impact_threshold': 0.48}
20:57:39 - Architect - INFO - Reviewing proposal from SwarmAgent_58_ANALYZE: {'seo_impact_threshold': 0.48}
20:57:39 - Architect - INFO - Reviewing proposal from SwarmAgent_71_MEASURE: {'seo_impact_threshold': 0.48}
20:57:39 - Architect - INFO - Reviewing proposal from SwarmAgent_78_MEASURE: {'seo_impact_threshold': 0.48}
20:57:39 - Architect - INFO - Reviewing proposal from SwarmAgent_92_MEASURE: {'seo_impact_threshold': 0.48}
20:57:39 - Architect - INFO - Reviewing proposal from SwarmAgent_99_MEASURE: {'seo_impact_threshold': 0.48}
20:57:39 - Architect - INFO - Reviewing proposal from SwarmAgent_10_IMPROVE: {'seo_impact_threshold': 0.48}
20:57:39 - Architect - INFO - Reviewing proposal from SwarmAgent_31_IMPROVE: {'seo_impact_threshold': 0.48}
20:57:39 - Architect - INFO - Reviewing proposal from SwarmAgent_38_IMPROVE: {'seo_impact_threshold': 0.48}
20:57:39 - Architect - INFO - Reviewing proposal from SwarmAgent_45_IMPROVE: {'seo_impact_threshold': 0.48}
20:57:39 - Architect - INFO - Reviewing proposal from SwarmAgent_73_IMPROVE: {'seo_impact_threshold': 0.48}
20:57:39 - Architect - INFO - Reviewing proposal from SwarmAgent_80_IMPROVE: {'seo_impact_threshold': 0.48}
20:57:39 - Architect - INFO - Reviewing proposal from SwarmAgent_04_CONTROL: {'seo_impact_threshold': 0.48}
20:57:39 - Architect - INFO - Reviewing proposal from SwarmAgent_25_CONTROL: {'seo_impact_threshold': 0.48}
20:57:39 - Architect - INFO - Reviewing proposal from SwarmAgent_60_CONTROL: {'seo_impact_threshold': 0.48}
20:57:39 - Architect - INFO - Reviewing proposal from SwarmAgent_81_CONTROL: {'seo_impact_threshold': 0.48}
20:57:39 - Architect - INFO - Reviewing proposal from SwarmAgent_88_CONTROL: {'seo_impact_threshold': 0.48}
20:57:39 - Architect - INFO - Reviewing proposal from SwarmAgent_95_CONTROL: {'seo_impact_threshold': 0.48}
20:57:39 - AgentOrchestrator - ERROR - Error in agent Architect: can only concatenate str (not "float") to str
Traceback (most recent call last):
  File "/Users/filipkeser/Documents/Antigravity/agents/orchestrator.py", line 74, in _run_agent
    "current_tier": 0,
  File "/Users/filipkeser/Documents/Antigravity/agents/architect_agent.py", line 44, in run
    else:
  File "/Users/filipkeser/Documents/Antigravity/agents/architect_agent.py", line 53, in _apply_evolution
TypeError: can only concatenate str (not "float") to str
20:57:39 - CEO_Backup_00 - INFO - Verifying CEO (Champion) integrity...
20:57:39 - CEO_Backup_01 - INFO - Verifying CEO (Champion) integrity...
20:57:39 - CEO_Backup_02 - INFO - Verifying CEO (Champion) integrity...
20:57:39 - CEO_Backup_03 - INFO - Verifying CEO (Champion) integrity...
20:57:39 - AutonomyExpertImbued - INFO - 🤖 Autonomy Expert running diagnostic on background daily cycle...
20:57:39 - AutonomyExpertImbued - INFO - Last autonomous run detected at: 2026-04-17T18:49:56.634216+00:00
20:57:39 - SwiftEvolutionExpertImbued - INFO - Swift Evolution Expert refactoring Agent IDE UI...
20:57:39 - httpx - INFO - HTTP Request: POST https://tevdxaufsnpsbvvurddg.supabase.co/rest/v1/telemetry "HTTP/2 400 Bad Request"
20:57:39 - SwiftEvolutionExpertImbued - WARNING - Failed to push to Supabase: {'message': 'null value in column "id" of relation "telemetry" violates not-null constraint', 'code': '23502', 'hint': None, 'details': 'Failing row contains (null, {"type": "EVOLUTION_SYNC", "message": "Swift Evolution Expert op..., 2026-04-17 18:57:39.147034+00).'}
20:57:39 - AgentOrchestrator - INFO - Executing Tier 11: ['MetaCodingAgent', 'DockerEvolutionAgent']
20:57:39 - MetaCodingAgent - INFO - Performing Meta-Coding Analysis and Autonomous Self-Improvement...
20:57:39 - MetaCodingAgent - INFO - High system impact (0.50) detected. Injecting 'Deep-Skill' optimizations.
20:57:39 - DockerEvolutionAgent - INFO - No system evolution detected. Skipping Docker validation.
20:57:39 - AgentOrchestrator - INFO - Executing Tier 12: ['GitHubEvolutionAgent']
20:57:39 - GitHubEvolutionAgent - INFO - No system evolution. Skipping Git operations.
20:57:39 - httpx - INFO - HTTP Request: POST https://tevdxaufsnpsbvvurddg.supabase.co/rest/v1/github_sync_history "HTTP/2 201 Created"
20:57:39 - GitHubEvolutionAgent - INFO - GitHub sync record written to Supabase: SKIPPED
20:57:49 - GitHubEvolutionAgent - WARNING - MongoDB github_sync write failed: SSL handshake failed: ac-8xlp2xc-shard-00-01.nc9rsuw.mongodb.net:27017: [SSL: TLSV1_ALERT_INTERNAL_ERROR] tlsv1 alert internal error (_ssl.c:1129) (configured timeouts: socketTimeoutMS: 20000.0ms, connectTimeoutMS: 20000.0ms),SSL handshake failed: ac-8xlp2xc-shard-00-02.nc9rsuw.mongodb.net:27017: [SSL: TLSV1_ALERT_INTERNAL_ERROR] tlsv1 alert internal error (_ssl.c:1129) (configured timeouts: socketTimeoutMS: 20000.0ms, connectTimeoutMS: 20000.0ms),SSL handshake failed: ac-8xlp2xc-shard-00-00.nc9rsuw.mongodb.net:27017: [SSL: TLSV1_ALERT_INTERNAL_ERROR] tlsv1 alert internal error (_ssl.c:1129) (configured timeouts: socketTimeoutMS: 20000.0ms, connectTimeoutMS: 20000.0ms), Timeout: 10.0s, Topology Description: <TopologyDescription id: 69e22f3fed403a7ca528fedf, topology_type: ReplicaSetNoPrimary, servers: [<ServerDescription ('ac-8xlp2xc-shard-00-00.nc9rsuw.mongodb.net', 27017) server_type: Unknown, rtt: None, error=AutoReconnect('SSL handshake failed: ac-8xlp2xc-shard-00-00.nc9rsuw.mongodb.net:27017: [SSL: TLSV1_ALERT_INTERNAL_ERROR] tlsv1 alert internal error (_ssl.c:1129) (configured timeouts: socketTimeoutMS: 20000.0ms, connectTimeoutMS: 20000.0ms)')>, <ServerDescription ('ac-8xlp2xc-shard-00-01.nc9rsuw.mongodb.net', 27017) server_type: Unknown, rtt: None, error=AutoReconnect('SSL handshake failed: ac-8xlp2xc-shard-00-01.nc9rsuw.mongodb.net:27017: [SSL: TLSV1_ALERT_INTERNAL_ERROR] tlsv1 alert internal error (_ssl.c:1129) (configured timeouts: socketTimeoutMS: 20000.0ms, connectTimeoutMS: 20000.0ms)')>, <ServerDescription ('ac-8xlp2xc-shard-00-02.nc9rsuw.mongodb.net', 27017) server_type: Unknown, rtt: None, error=AutoReconnect('SSL handshake failed: ac-8xlp2xc-shard-00-02.nc9rsuw.mongodb.net:27017: [SSL: TLSV1_ALERT_INTERNAL_ERROR] tlsv1 alert internal error (_ssl.c:1129) (configured timeouts: socketTimeoutMS: 20000.0ms, connectTimeoutMS: 20000.0ms)')>]>
20:57:49 - AgentOrchestrator - INFO - Executing Tier 13: ['GitKrakenEvolutionAgent']
20:57:49 - GitKrakenEvolutionAgent - INFO - No system evolution for GitKraken sync. Skipping.
20:57:49 - AgentOrchestrator - INFO - Executing Tier 14: ['JulesEvolutionAgent']
20:57:49 - JulesEvolutionAgent - INFO - Jules at your service. Synchronizing all evolution channels and memory...
20:57:49 - httpx - INFO - HTTP Request: POST https://tevdxaufsnpsbvvurddg.supabase.co/rest/v1/sync_logs "HTTP/2 200 OK"
20:57:49 - httpx - INFO - HTTP Request: POST https://tevdxaufsnpsbvvurddg.supabase.co/rest/v1/sync_logs "HTTP/2 200 OK"
20:57:50 - httpx - INFO - HTTP Request: POST https://tevdxaufsnpsbvvurddg.supabase.co/rest/v1/sync_logs "HTTP/2 200 OK"
20:57:50 - JulesEvolutionAgent - INFO - Jules has synced 3 learnings to Supabase.
20:58:00 - JulesEvolutionAgent - WARNING - Jules failed to sync learnings to MongoDB: SSL handshake failed: ac-8xlp2xc-shard-00-01.nc9rsuw.mongodb.net:27017: [SSL: TLSV1_ALERT_INTERNAL_ERROR] tlsv1 alert internal error (_ssl.c:1129) (configured timeouts: socketTimeoutMS: 20000.0ms, connectTimeoutMS: 20000.0ms),SSL handshake failed: ac-8xlp2xc-shard-00-02.nc9rsuw.mongodb.net:27017: [SSL: TLSV1_ALERT_INTERNAL_ERROR] tlsv1 alert internal error (_ssl.c:1129) (configured timeouts: socketTimeoutMS: 20000.0ms, connectTimeoutMS: 20000.0ms),SSL handshake failed: ac-8xlp2xc-shard-00-00.nc9rsuw.mongodb.net:27017: [SSL: TLSV1_ALERT_INTERNAL_ERROR] tlsv1 alert internal error (_ssl.c:1129) (configured timeouts: socketTimeoutMS: 20000.0ms, connectTimeoutMS: 20000.0ms), Timeout: 10.0s, Topology Description: <TopologyDescription id: 69e22f3fed403a7ca528fedf, topology_type: ReplicaSetNoPrimary, servers: [<ServerDescription ('ac-8xlp2xc-shard-00-00.nc9rsuw.mongodb.net', 27017) server_type: Unknown, rtt: None, error=AutoReconnect('SSL handshake failed: ac-8xlp2xc-shard-00-00.nc9rsuw.mongodb.net:27017: [SSL: TLSV1_ALERT_INTERNAL_ERROR] tlsv1 alert internal error (_ssl.c:1129) (configured timeouts: socketTimeoutMS: 20000.0ms, connectTimeoutMS: 20000.0ms)')>, <ServerDescription ('ac-8xlp2xc-shard-00-01.nc9rsuw.mongodb.net', 27017) server_type: Unknown, rtt: None, error=AutoReconnect('SSL handshake failed: ac-8xlp2xc-shard-00-01.nc9rsuw.mongodb.net:27017: [SSL: TLSV1_ALERT_INTERNAL_ERROR] tlsv1 alert internal error (_ssl.c:1129) (configured timeouts: socketTimeoutMS: 20000.0ms, connectTimeoutMS: 20000.0ms)')>, <ServerDescription ('ac-8xlp2xc-shard-00-02.nc9rsuw.mongodb.net', 27017) server_type: Unknown, rtt: None, error=AutoReconnect('SSL handshake failed: ac-8xlp2xc-shard-00-02.nc9rsuw.mongodb.net:27017: [SSL: TLSV1_ALERT_INTERNAL_ERROR] tlsv1 alert internal error (_ssl.c:1129) (configured timeouts: socketTimeoutMS: 20000.0ms, connectTimeoutMS: 20000.0ms)')>]>
20:58:00 - JulesEvolutionAgent - INFO - No evolution actions were required. Jules is standing by.
20:58:00 - AgentOrchestrator - INFO - Execution Cycle Complete.
20:58:00 - AgentOrchestrator - INFO - Starting Peer Review Phase...
20:58:00 - AgentOrchestrator - INFO - Review from ResearchAgent: ['Research data and Google World investigations are fully synchronized.']
20:58:00 - SystemOrchestrator - INFO - Report generated at results/DAILY_REPORT_2026-04-17.md
20:58:00 - SystemOrchestrator - INFO - === Cycle Complete ===
20:58:00 - AutonomousOrchestrator - INFO - Autonomous Evolution Cycle Complete.
20:58:00 - httpx - INFO - HTTP Request: POST https://tevdxaufsnpsbvvurddg.supabase.co/rest/v1/memory_store "HTTP/2 200 OK"
20:58:10 - AutonomousOrchestrator - INFO - Manual trigger detected!
20:58:10 - AutonomousOrchestrator - INFO - Starting Autonomous Evolution Cycle...
20:58:10 - httpx - INFO - HTTP Request: POST https://tevdxaufsnpsbvvurddg.supabase.co/rest/v1/memory_store "HTTP/2 200 OK"
20:58:10 - SystemOrchestrator - INFO - === Starting Massive Synchronized Autonomous Cycle ===
20:58:10 - SystemOrchestrator - INFO - Starting Scraper...
20:58:11 - SystemOrchestrator - ERROR - Scraper failed: Traceback (most recent call last):
  File "/Users/filipkeser/Documents/Antigravity/scraper.py", line 1, in <module>
    import aiohttp
ModuleNotFoundError: No module named 'aiohttp'

20:58:11 - SystemOrchestrator - INFO - Dynamically loaded imbued expert: AutonomyExpertImbued
20:58:11 - SystemOrchestrator - INFO - Dynamically loaded imbued expert: MonetizationExpertImbued
20:58:11 - SystemOrchestrator - INFO - Dynamically loaded imbued expert: SEOExpertImbued
20:58:11 - SystemOrchestrator - INFO - Dynamically loaded imbued expert: SwiftEvolutionExpertImbued
20:58:11 - SystemOrchestrator - INFO - Instantiated ecosystem with 179 autonomous agents (including 4 imbued experts).
20:58:11 - AgentOrchestrator - INFO - Starting Autonomous Execution Cycle (v1.42)...
20:58:11 - AgentOrchestrator - INFO - Executing Tier 1: ['HealthCheckAgent', 'RobotTxtAgent', 'AnalysisAgent', 'SwarmAgent_00_DEFINE', 'SwarmAgent_05_RESEARCH_WORLD', 'SwarmAgent_06_AD_TECH_PROBE', 'SwarmAgent_07_DEFINE', 'SwarmAgent_12_RESEARCH_WORLD', 'SwarmAgent_13_AD_TECH_PROBE', 'SwarmAgent_14_DEFINE', 'SwarmAgent_19_RESEARCH_WORLD', 'SwarmAgent_20_AD_TECH_PROBE', 'SwarmAgent_21_DEFINE', 'SwarmAgent_26_RESEARCH_WORLD', 'SwarmAgent_27_AD_TECH_PROBE', 'SwarmAgent_28_DEFINE', 'SwarmAgent_33_RESEARCH_WORLD', 'SwarmAgent_34_AD_TECH_PROBE', 'SwarmAgent_35_DEFINE', 'SwarmAgent_40_RESEARCH_WORLD', 'SwarmAgent_41_AD_TECH_PROBE', 'SwarmAgent_42_DEFINE', 'SwarmAgent_47_RESEARCH_WORLD', 'SwarmAgent_48_AD_TECH_PROBE', 'SwarmAgent_49_DEFINE', 'SwarmAgent_54_RESEARCH_WORLD', 'SwarmAgent_55_AD_TECH_PROBE', 'SwarmAgent_56_DEFINE', 'SwarmAgent_61_RESEARCH_WORLD', 'SwarmAgent_62_AD_TECH_PROBE', 'SwarmAgent_63_DEFINE', 'SwarmAgent_68_RESEARCH_WORLD', 'SwarmAgent_69_AD_TECH_PROBE', 'SwarmAgent_70_DEFINE', 'SwarmAgent_75_RESEARCH_WORLD', 'SwarmAgent_76_AD_TECH_PROBE', 'SwarmAgent_77_DEFINE', 'SwarmAgent_82_RESEARCH_WORLD', 'SwarmAgent_83_AD_TECH_PROBE', 'SwarmAgent_84_DEFINE', 'SwarmAgent_89_RESEARCH_WORLD', 'SwarmAgent_90_AD_TECH_PROBE', 'SwarmAgent_91_DEFINE', 'SwarmAgent_96_RESEARCH_WORLD', 'SwarmAgent_97_AD_TECH_PROBE', 'SwarmAgent_98_DEFINE', 'System_Backup_00', 'System_Backup_01', 'System_Backup_02', 'System_Backup_03', 'System_Backup_04', 'System_Backup_05', 'System_Backup_06', 'System_Backup_07', 'System_Backup_08', 'System_Backup_09', 'System_Backup_10', 'System_Backup_11', 'System_Backup_12', 'System_Backup_13', 'System_Backup_14', 'System_Backup_15', 'System_Backup_16', 'System_Backup_17', 'System_Backup_18', 'System_Backup_19', 'System_Backup_20', 'System_Backup_21', 'System_Backup_22', 'System_Backup_23', 'System_Backup_24', 'System_Backup_25', 'System_Backup_26', 'System_Backup_27', 'System_Backup_28', 'System_Backup_29', 'System_Backup_30', 'System_Backup_31', 'System_Backup_32', 'System_Backup_33', 'System_Backup_34', 'System_Backup_35', 'System_Backup_36', 'System_Backup_37', 'System_Backup_38', 'System_Backup_39', 'System_Backup_40', 'System_Backup_41', 'System_Backup_42', 'System_Backup_43', 'System_Backup_44', 'System_Backup_45', 'System_Backup_46', 'System_Backup_47', 'System_Backup_48', 'System_Backup_49']
20:58:11 - HealthCheckAgent - INFO - Running Health Check...
20:58:11 - RobotTxtAgent - INFO - Checking robots.txt compliance and secrets...
20:58:11 - RobotTxtAgent - INFO - Fetching https://markposition.wordpress.com/robots.txt
20:58:11 - AnalysisAgent - INFO - Running Analysis...
20:58:11 - TelemetryManager - INFO - [TELEMETRY] AnalysisAgent emitted MARKET_DATA_ANALYSIS for AD_ADS_ADVERTISE
20:58:11 - SwarmAgent_00_DEFINE - INFO - [DEFINE] Executing SEO Micro-task: Keyword Sync
20:58:11 - SwarmAgent_05_RESEARCH_WORLD - INFO - [RESEARCH_WORLD] Executing SEO Micro-task: Domain Research
20:58:11 - SwarmAgent_06_AD_TECH_PROBE - INFO - [AD_TECH_PROBE] Executing SEO Micro-task: Keyword Sync
20:58:11 - SwarmAgent_07_DEFINE - INFO - [DEFINE] Executing SEO Micro-task: Market Probe
20:58:11 - SwarmAgent_12_RESEARCH_WORLD - INFO - [RESEARCH_WORLD] Executing SEO Micro-task: Market Probe
20:58:11 - SwarmAgent_13_AD_TECH_PROBE - INFO - [AD_TECH_PROBE] Executing SEO Micro-task: Domain Research
20:58:11 - SwarmAgent_14_DEFINE - INFO - [DEFINE] Executing SEO Micro-task: SEO Audit
20:58:11 - SwarmAgent_19_RESEARCH_WORLD - INFO - [RESEARCH_WORLD] Executing SEO Micro-task: Keyword Sync
20:58:11 - SwarmAgent_20_AD_TECH_PROBE - INFO - [AD_TECH_PROBE] Executing SEO Micro-task: Market Probe
20:58:11 - SwarmAgent_21_DEFINE - INFO - [DEFINE] Executing SEO Micro-task: Keyword Sync
20:58:11 - SwarmAgent_26_RESEARCH_WORLD - INFO - [RESEARCH_WORLD] Executing SEO Micro-task: SEO Audit
20:58:11 - SwarmAgent_27_AD_TECH_PROBE - INFO - [AD_TECH_PROBE] Executing SEO Micro-task: Keyword Sync
20:58:11 - SwarmAgent_28_DEFINE - INFO - [DEFINE] Executing SEO Micro-task: Market Probe
20:58:11 - SwarmAgent_33_RESEARCH_WORLD - INFO - [RESEARCH_WORLD] Executing SEO Micro-task: SEO Audit
20:58:11 - SwarmAgent_34_AD_TECH_PROBE - INFO - [AD_TECH_PROBE] Executing SEO Micro-task: Keyword Sync
20:58:11 - SwarmAgent_35_DEFINE - INFO - [DEFINE] Executing SEO Micro-task: Domain Research
20:58:11 - SwarmAgent_40_RESEARCH_WORLD - INFO - [RESEARCH_WORLD] Executing SEO Micro-task: Keyword Sync
20:58:11 - SwarmAgent_41_AD_TECH_PROBE - INFO - [AD_TECH_PROBE] Executing SEO Micro-task: Keyword Sync
20:58:11 - SwarmAgent_42_DEFINE - INFO - [DEFINE] Executing SEO Micro-task: Domain Research
20:58:11 - SwarmAgent_47_RESEARCH_WORLD - INFO - [RESEARCH_WORLD] Executing SEO Micro-task: SEO Audit
20:58:11 - SwarmAgent_48_AD_TECH_PROBE - INFO - [AD_TECH_PROBE] Executing SEO Micro-task: Domain Research
20:58:11 - SwarmAgent_49_DEFINE - INFO - [DEFINE] Executing SEO Micro-task: SEO Audit
20:58:11 - SwarmAgent_54_RESEARCH_WORLD - INFO - [RESEARCH_WORLD] Executing SEO Micro-task: Domain Research
20:58:11 - SwarmAgent_55_AD_TECH_PROBE - INFO - [AD_TECH_PROBE] Executing SEO Micro-task: Market Probe
20:58:11 - SwarmAgent_56_DEFINE - INFO - [DEFINE] Executing SEO Micro-task: Keyword Sync
20:58:11 - SwarmAgent_61_RESEARCH_WORLD - INFO - [RESEARCH_WORLD] Executing SEO Micro-task: Keyword Sync
20:58:11 - SwarmAgent_62_AD_TECH_PROBE - INFO - [AD_TECH_PROBE] Executing SEO Micro-task: SEO Audit
20:58:11 - SwarmAgent_63_DEFINE - INFO - [DEFINE] Executing SEO Micro-task: Domain Research
20:58:11 - SwarmAgent_68_RESEARCH_WORLD - INFO - [RESEARCH_WORLD] Executing SEO Micro-task: Keyword Sync
20:58:11 - SwarmAgent_69_AD_TECH_PROBE - INFO - [AD_TECH_PROBE] Executing SEO Micro-task: SEO Audit
20:58:11 - SwarmAgent_70_DEFINE - INFO - [DEFINE] Executing SEO Micro-task: Market Probe
20:58:11 - SwarmAgent_75_RESEARCH_WORLD - INFO - [RESEARCH_WORLD] Executing SEO Micro-task: SEO Audit
20:58:11 - SwarmAgent_76_AD_TECH_PROBE - INFO - [AD_TECH_PROBE] Executing SEO Micro-task: SEO Audit
20:58:11 - SwarmAgent_77_DEFINE - INFO - [DEFINE] Executing SEO Micro-task: SEO Audit
20:58:11 - SwarmAgent_82_RESEARCH_WORLD - INFO - [RESEARCH_WORLD] Executing SEO Micro-task: Domain Research
20:58:11 - SwarmAgent_83_AD_TECH_PROBE - INFO - [AD_TECH_PROBE] Executing SEO Micro-task: Domain Research
20:58:11 - SwarmAgent_84_DEFINE - INFO - [DEFINE] Executing SEO Micro-task: SEO Audit
20:58:11 - SwarmAgent_89_RESEARCH_WORLD - INFO - [RESEARCH_WORLD] Executing SEO Micro-task: Domain Research
20:58:11 - SwarmAgent_90_AD_TECH_PROBE - INFO - [AD_TECH_PROBE] Executing SEO Micro-task: SEO Audit
20:58:11 - SwarmAgent_91_DEFINE - INFO - [DEFINE] Executing SEO Micro-task: Domain Research
20:58:11 - SwarmAgent_96_RESEARCH_WORLD - INFO - [RESEARCH_WORLD] Executing SEO Micro-task: Keyword Sync
20:58:11 - SwarmAgent_97_AD_TECH_PROBE - INFO - [AD_TECH_PROBE] Executing SEO Micro-task: SEO Audit
20:58:11 - SwarmAgent_98_DEFINE - INFO - [DEFINE] Executing SEO Micro-task: Keyword Sync
20:58:11 - System_Backup_00 - INFO - [FAILOVER] Redundancy active. Monitoring state...
20:58:11 - System_Backup_01 - INFO - [FAILOVER] Redundancy active. Monitoring state...
20:58:11 - System_Backup_02 - INFO - [FAILOVER] Redundancy active. Monitoring state...
20:58:11 - System_Backup_03 - INFO - [FAILOVER] Redundancy active. Monitoring state...
20:58:11 - System_Backup_04 - INFO - [FAILOVER] Redundancy active. Monitoring state...
20:58:11 - System_Backup_05 - INFO - [FAILOVER] Redundancy active. Monitoring state...
20:58:11 - System_Backup_06 - INFO - [FAILOVER] Redundancy active. Monitoring state...
20:58:11 - System_Backup_07 - INFO - [FAILOVER] Redundancy active. Monitoring state...
20:58:11 - System_Backup_08 - INFO - [FAILOVER] Redundancy active. Monitoring state...
20:58:11 - System_Backup_09 - INFO - [FAILOVER] Redundancy active. Monitoring state...
20:58:11 - System_Backup_10 - INFO - [FAILOVER] Redundancy active. Monitoring state...
20:58:11 - System_Backup_11 - INFO - [FAILOVER] Redundancy active. Monitoring state...
20:58:11 - System_Backup_12 - INFO - [FAILOVER] Redundancy active. Monitoring state...
20:58:11 - System_Backup_13 - INFO - [FAILOVER] Redundancy active. Monitoring state...
20:58:11 - System_Backup_14 - INFO - [FAILOVER] Redundancy active. Monitoring state...
20:58:11 - System_Backup_15 - INFO - [FAILOVER] Redundancy active. Monitoring state...
20:58:11 - System_Backup_16 - INFO - [FAILOVER] Redundancy active. Monitoring state...
20:58:11 - System_Backup_17 - INFO - [FAILOVER] Redundancy active. Monitoring state...
20:58:11 - System_Backup_18 - INFO - [FAILOVER] Redundancy active. Monitoring state...
20:58:11 - System_Backup_19 - INFO - [FAILOVER] Redundancy active. Monitoring state...
20:58:11 - System_Backup_20 - INFO - [FAILOVER] Redundancy active. Monitoring state...
20:58:11 - System_Backup_21 - INFO - [FAILOVER] Redundancy active. Monitoring state...
20:58:11 - System_Backup_22 - INFO - [FAILOVER] Redundancy active. Monitoring state...
20:58:11 - System_Backup_23 - INFO - [FAILOVER] Redundancy active. Monitoring state...
20:58:11 - System_Backup_24 - INFO - [FAILOVER] Redundancy active. Monitoring state...
20:58:11 - System_Backup_25 - INFO - [FAILOVER] Redundancy active. Monitoring state...
20:58:11 - System_Backup_26 - INFO - [FAILOVER] Redundancy active. Monitoring state...
20:58:11 - System_Backup_27 - INFO - [FAILOVER] Redundancy active. Monitoring state...
20:58:11 - System_Backup_28 - INFO - [FAILOVER] Redundancy active. Monitoring state...
20:58:11 - System_Backup_29 - INFO - [FAILOVER] Redundancy active. Monitoring state...
20:58:11 - System_Backup_30 - INFO - [FAILOVER] Redundancy active. Monitoring state...
20:58:11 - System_Backup_31 - INFO - [FAILOVER] Redundancy active. Monitoring state...
20:58:11 - System_Backup_32 - INFO - [FAILOVER] Redundancy active. Monitoring state...
20:58:11 - System_Backup_33 - INFO - [FAILOVER] Redundancy active. Monitoring state...
20:58:11 - System_Backup_34 - INFO - [FAILOVER] Redundancy active. Monitoring state...
20:58:11 - System_Backup_35 - INFO - [FAILOVER] Redundancy active. Monitoring state...
20:58:11 - System_Backup_36 - INFO - [FAILOVER] Redundancy active. Monitoring state...
20:58:11 - System_Backup_37 - INFO - [FAILOVER] Redundancy active. Monitoring state...
20:58:11 - System_Backup_38 - INFO - [FAILOVER] Redundancy active. Monitoring state...
20:58:11 - System_Backup_39 - INFO - [FAILOVER] Redundancy active. Monitoring state...
20:58:11 - System_Backup_40 - INFO - [FAILOVER] Redundancy active. Monitoring state...
20:58:11 - System_Backup_41 - INFO - [FAILOVER] Redundancy active. Monitoring state...
20:58:11 - System_Backup_42 - INFO - [FAILOVER] Redundancy active. Monitoring state...
20:58:11 - System_Backup_43 - INFO - [FAILOVER] Redundancy active. Monitoring state...
20:58:11 - System_Backup_44 - INFO - [FAILOVER] Redundancy active. Monitoring state...
20:58:11 - System_Backup_45 - INFO - [FAILOVER] Redundancy active. Monitoring state...
20:58:11 - System_Backup_46 - INFO - [FAILOVER] Redundancy active. Monitoring state...
20:58:11 - System_Backup_47 - INFO - [FAILOVER] Redundancy active. Monitoring state...
20:58:11 - System_Backup_48 - INFO - [FAILOVER] Redundancy active. Monitoring state...
20:58:11 - System_Backup_49 - INFO - [FAILOVER] Redundancy active. Monitoring state...
20:58:21 - RobotTxtAgent - WARNING - Failed to load memory from MongoDB: SSL handshake failed: ac-8xlp2xc-shard-00-01.nc9rsuw.mongodb.net:27017: [SSL: TLSV1_ALERT_INTERNAL_ERROR] tlsv1 alert internal error (_ssl.c:1129) (configured timeouts: socketTimeoutMS: 20000.0ms, connectTimeoutMS: 20000.0ms),SSL handshake failed: ac-8xlp2xc-shard-00-02.nc9rsuw.mongodb.net:27017: [SSL: TLSV1_ALERT_INTERNAL_ERROR] tlsv1 alert internal error (_ssl.c:1129) (configured timeouts: socketTimeoutMS: 20000.0ms, connectTimeoutMS: 20000.0ms),SSL handshake failed: ac-8xlp2xc-shard-00-00.nc9rsuw.mongodb.net:27017: [SSL: TLSV1_ALERT_INTERNAL_ERROR] tlsv1 alert internal error (_ssl.c:1129) (configured timeouts: socketTimeoutMS: 20000.0ms, connectTimeoutMS: 20000.0ms), Timeout: 10.0s, Topology Description: <TopologyDescription id: 69e22f3fed403a7ca528fedf, topology_type: ReplicaSetNoPrimary, servers: [<ServerDescription ('ac-8xlp2xc-shard-00-00.nc9rsuw.mongodb.net', 27017) server_type: Unknown, rtt: None, error=AutoReconnect('SSL handshake failed: ac-8xlp2xc-shard-00-00.nc9rsuw.mongodb.net:27017: [SSL: TLSV1_ALERT_INTERNAL_ERROR] tlsv1 alert internal error (_ssl.c:1129) (configured timeouts: socketTimeoutMS: 20000.0ms, connectTimeoutMS: 20000.0ms)')>, <ServerDescription ('ac-8xlp2xc-shard-00-01.nc9rsuw.mongodb.net', 27017) server_type: Unknown, rtt: None, error=AutoReconnect('SSL handshake failed: ac-8xlp2xc-shard-00-01.nc9rsuw.mongodb.net:27017: [SSL: TLSV1_ALERT_INTERNAL_ERROR] tlsv1 alert internal error (_ssl.c:1129) (configured timeouts: socketTimeoutMS: 20000.0ms, connectTimeoutMS: 20000.0ms)')>, <ServerDescription ('ac-8xlp2xc-shard-00-02.nc9rsuw.mongodb.net', 27017) server_type: Unknown, rtt: None, error=AutoReconnect('SSL handshake failed: ac-8xlp2xc-shard-00-02.nc9rsuw.mongodb.net:27017: [SSL: TLSV1_ALERT_INTERNAL_ERROR] tlsv1 alert internal error (_ssl.c:1129) (configured timeouts: socketTimeoutMS: 20000.0ms, connectTimeoutMS: 20000.0ms)')>]>. Falling back to JSON.
20:58:21 - AgentOrchestrator - INFO - Executing Tier 2: ['ResearchAgent', 'SwarmAgent_01_MEASURE', 'SwarmAgent_02_ANALYZE', 'SwarmAgent_08_MEASURE', 'SwarmAgent_09_ANALYZE', 'SwarmAgent_15_MEASURE', 'SwarmAgent_16_ANALYZE', 'SwarmAgent_22_MEASURE', 'SwarmAgent_23_ANALYZE', 'SwarmAgent_29_MEASURE', 'SwarmAgent_30_ANALYZE', 'SwarmAgent_36_MEASURE', 'SwarmAgent_37_ANALYZE', 'SwarmAgent_43_MEASURE', 'SwarmAgent_44_ANALYZE', 'SwarmAgent_50_MEASURE', 'SwarmAgent_51_ANALYZE', 'SwarmAgent_57_MEASURE', 'SwarmAgent_58_ANALYZE', 'SwarmAgent_64_MEASURE', 'SwarmAgent_65_ANALYZE', 'SwarmAgent_71_MEASURE', 'SwarmAgent_72_ANALYZE', 'SwarmAgent_78_MEASURE', 'SwarmAgent_79_ANALYZE', 'SwarmAgent_85_MEASURE', 'SwarmAgent_86_ANALYZE', 'SwarmAgent_92_MEASURE', 'SwarmAgent_93_ANALYZE', 'SwarmAgent_99_MEASURE', 'SEOExpertImbued']
20:58:21 - httpx - INFO - HTTP Request: POST https://tevdxaufsnpsbvvurddg.supabase.co/rest/v1/telemetry?columns=%22id%22%2C%22event_data%22%2C%22recorded_at%22 "HTTP/2 201 Created"
20:58:21 - ResearchAgent - INFO - Running High-Level Autonomous Research & Outside World Investigation...
20:58:21 - SwarmAgent_01_MEASURE - INFO - [MEASURE] Executing SEO Micro-task: Keyword Sync
20:58:21 - SwarmAgent_02_ANALYZE - INFO - [ANALYZE] Executing SEO Micro-task: Keyword Sync
20:58:21 - SwarmAgent_08_MEASURE - INFO - [MEASURE] Executing SEO Micro-task: Domain Research
20:58:21 - SwarmAgent_09_ANALYZE - INFO - [ANALYZE] Executing SEO Micro-task: Domain Research
20:58:21 - SwarmAgent_15_MEASURE - INFO - [MEASURE] Executing SEO Micro-task: Keyword Sync
20:58:21 - SwarmAgent_16_ANALYZE - INFO - [ANALYZE] Executing SEO Micro-task: SEO Audit
20:58:21 - SwarmAgent_22_MEASURE - INFO - [MEASURE] Executing SEO Micro-task: Domain Research
20:58:21 - SwarmAgent_23_ANALYZE - INFO - [ANALYZE] Executing SEO Micro-task: Market Probe
20:58:21 - SwarmAgent_29_MEASURE - INFO - [MEASURE] Executing SEO Micro-task: SEO Audit
20:58:21 - SwarmAgent_30_ANALYZE - INFO - [ANALYZE] Executing SEO Micro-task: Market Probe
20:58:21 - SwarmAgent_36_MEASURE - INFO - [MEASURE] Executing SEO Micro-task: Keyword Sync
20:58:21 - SwarmAgent_37_ANALYZE - INFO - [ANALYZE] Executing SEO Micro-task: Market Probe
20:58:21 - SwarmAgent_43_MEASURE - INFO - [MEASURE] Executing SEO Micro-task: SEO Audit
20:58:21 - SwarmAgent_44_ANALYZE - INFO - [ANALYZE] Executing SEO Micro-task: Keyword Sync
20:58:21 - SwarmAgent_50_MEASURE - INFO - [MEASURE] Executing SEO Micro-task: Market Probe
20:58:21 - SwarmAgent_51_ANALYZE - INFO - [ANALYZE] Executing SEO Micro-task: Market Probe
20:58:21 - SwarmAgent_57_MEASURE - INFO - [MEASURE] Executing SEO Micro-task: Domain Research
20:58:21 - SwarmAgent_58_ANALYZE - INFO - [ANALYZE] Executing SEO Micro-task: Market Probe
20:58:21 - SwarmAgent_64_MEASURE - INFO - [MEASURE] Executing SEO Micro-task: Market Probe
20:58:21 - SwarmAgent_65_ANALYZE - INFO - [ANALYZE] Executing SEO Micro-task: Domain Research
20:58:21 - SwarmAgent_71_MEASURE - INFO - [MEASURE] Executing SEO Micro-task: Market Probe
20:58:21 - SwarmAgent_72_ANALYZE - INFO - [ANALYZE] Executing SEO Micro-task: Domain Research
20:58:21 - SwarmAgent_78_MEASURE - INFO - [MEASURE] Executing SEO Micro-task: Market Probe
20:58:21 - SwarmAgent_79_ANALYZE - INFO - [ANALYZE] Executing SEO Micro-task: Market Probe
20:58:21 - SwarmAgent_85_MEASURE - INFO - [MEASURE] Executing SEO Micro-task: Market Probe
20:58:21 - SwarmAgent_86_ANALYZE - INFO - [ANALYZE] Executing SEO Micro-task: SEO Audit
20:58:21 - SwarmAgent_92_MEASURE - INFO - [MEASURE] Executing SEO Micro-task: SEO Audit
20:58:21 - SwarmAgent_93_ANALYZE - INFO - [ANALYZE] Executing SEO Micro-task: Keyword Sync
20:58:21 - SwarmAgent_99_MEASURE - INFO - [MEASURE] Executing SEO Micro-task: SEO Audit
20:58:21 - SEOExpertImbued - INFO - Performing Deep Search Engine Optimization Audit on market data...
20:58:21 - SEOExpertImbued - INFO - SEO Audit Complete: Score 0.92
20:58:21 - TelemetryManager - INFO - [TELEMETRY] ResearchAgent emitted EXTERNAL_INVESTIGATION for GOOGLE_WORLD
20:58:21 - TelemetryManager - INFO - [TELEMETRY] ResearchAgent emitted EXTERNAL_INVESTIGATION for GOOGLE_WORLD
20:58:21 - TelemetryManager - INFO - [TELEMETRY] ResearchAgent emitted EXTERNAL_INVESTIGATION for GOOGLE_WORLD
20:58:21 - TelemetryManager - INFO - [TELEMETRY] ResearchAgent emitted EXTERNAL_INVESTIGATION for GOOGLE_WORLD
20:58:21 - ResearchAgent - INFO - Research and World Investigation completed for 10 domains.
20:58:21 - AgentOrchestrator - INFO - Executing Tier 3: ['IntelligenceAgent', 'SearchConsoleAuditor', 'MonetizationExpertImbued']
20:58:21 - httpx - INFO - HTTP Request: POST https://tevdxaufsnpsbvvurddg.supabase.co/rest/v1/telemetry?columns=%22id%22%2C%22event_data%22%2C%22recorded_at%22 "HTTP/2 201 Created"
20:58:21 - IntelligenceAgent - INFO - Running Intelligence Synchronization & External World Collaboration...
20:58:21 - SearchConsoleAuditor - INFO - Running Deep-Skill SEO Audit (Search Console Mastery)...
20:58:21 - MonetizationExpertImbued - INFO - Projecting ROI and Financial Monetization Opportunities...
20:58:21 - MonetizationExpertImbued - INFO - Financial Synthesis Complete: Projected ROI 103.32%
20:58:31 - TelemetryManager - WARNING - MongoDB telemetry sync failed: SSL handshake failed: ac-8xlp2xc-shard-00-01.nc9rsuw.mongodb.net:27017: [SSL: TLSV1_ALERT_INTERNAL_ERROR] tlsv1 alert internal error (_ssl.c:1129) (configured timeouts: socketTimeoutMS: 20000.0ms, connectTimeoutMS: 20000.0ms),SSL handshake failed: ac-8xlp2xc-shard-00-02.nc9rsuw.mongodb.net:27017: [SSL: TLSV1_ALERT_INTERNAL_ERROR] tlsv1 alert internal error (_ssl.c:1129) (configured timeouts: socketTimeoutMS: 20000.0ms, connectTimeoutMS: 20000.0ms),SSL handshake failed: ac-8xlp2xc-shard-00-00.nc9rsuw.mongodb.net:27017: [SSL: TLSV1_ALERT_INTERNAL_ERROR] tlsv1 alert internal error (_ssl.c:1129) (configured timeouts: socketTimeoutMS: 20000.0ms, connectTimeoutMS: 20000.0ms), Timeout: 10.0s, Topology Description: <TopologyDescription id: 69e22f3fed403a7ca528fedf, topology_type: ReplicaSetNoPrimary, servers: [<ServerDescription ('ac-8xlp2xc-shard-00-00.nc9rsuw.mongodb.net', 27017) server_type: Unknown, rtt: None, error=AutoReconnect('SSL handshake failed: ac-8xlp2xc-shard-00-00.nc9rsuw.mongodb.net:27017: [SSL: TLSV1_ALERT_INTERNAL_ERROR] tlsv1 alert internal error (_ssl.c:1129) (configured timeouts: socketTimeoutMS: 20000.0ms, connectTimeoutMS: 20000.0ms)')>, <ServerDescription ('ac-8xlp2xc-shard-00-01.nc9rsuw.mongodb.net', 27017) server_type: Unknown, rtt: None, error=AutoReconnect('SSL handshake failed: ac-8xlp2xc-shard-00-01.nc9rsuw.mongodb.net:27017: [SSL: TLSV1_ALERT_INTERNAL_ERROR] tlsv1 alert internal error (_ssl.c:1129) (configured timeouts: socketTimeoutMS: 20000.0ms, connectTimeoutMS: 20000.0ms)')>, <ServerDescription ('ac-8xlp2xc-shard-00-02.nc9rsuw.mongodb.net', 27017) server_type: Unknown, rtt: None, error=AutoReconnect('SSL handshake failed: ac-8xlp2xc-shard-00-02.nc9rsuw.mongodb.net:27017: [SSL: TLSV1_ALERT_INTERNAL_ERROR] tlsv1 alert internal error (_ssl.c:1129) (configured timeouts: socketTimeoutMS: 20000.0ms, connectTimeoutMS: 20000.0ms)')>]>
20:58:32 - TelemetryManager - WARNING - MongoDB telemetry sync failed: SSL handshake failed: ac-8xlp2xc-shard-00-01.nc9rsuw.mongodb.net:27017: [SSL: TLSV1_ALERT_INTERNAL_ERROR] tlsv1 alert internal error (_ssl.c:1129) (configured timeouts: socketTimeoutMS: 20000.0ms, connectTimeoutMS: 20000.0ms),SSL handshake failed: ac-8xlp2xc-shard-00-02.nc9rsuw.mongodb.net:27017: [SSL: TLSV1_ALERT_INTERNAL_ERROR] tlsv1 alert internal error (_ssl.c:1129) (configured timeouts: socketTimeoutMS: 20000.0ms, connectTimeoutMS: 20000.0ms),SSL handshake failed: ac-8xlp2xc-shard-00-00.nc9rsuw.mongodb.net:27017: [SSL: TLSV1_ALERT_INTERNAL_ERROR] tlsv1 alert internal error (_ssl.c:1129) (configured timeouts: socketTimeoutMS: 20000.0ms, connectTimeoutMS: 20000.0ms), Timeout: 10.0s, Topology Description: <TopologyDescription id: 69e22f3fed403a7ca528fedf, topology_type: ReplicaSetNoPrimary, servers: [<ServerDescription ('ac-8xlp2xc-shard-00-00.nc9rsuw.mongodb.net', 27017) server_type: Unknown, rtt: None, error=AutoReconnect('SSL handshake failed: ac-8xlp2xc-shard-00-00.nc9rsuw.mongodb.net:27017: [SSL: TLSV1_ALERT_INTERNAL_ERROR] tlsv1 alert internal error (_ssl.c:1129) (configured timeouts: socketTimeoutMS: 20000.0ms, connectTimeoutMS: 20000.0ms)')>, <ServerDescription ('ac-8xlp2xc-shard-00-01.nc9rsuw.mongodb.net', 27017) server_type: Unknown, rtt: None, error=AutoReconnect('SSL handshake failed: ac-8xlp2xc-shard-00-01.nc9rsuw.mongodb.net:27017: [SSL: TLSV1_ALERT_INTERNAL_ERROR] tlsv1 alert internal error (_ssl.c:1129) (configured timeouts: socketTimeoutMS: 20000.0ms, connectTimeoutMS: 20000.0ms)')>, <ServerDescription ('ac-8xlp2xc-shard-00-02.nc9rsuw.mongodb.net', 27017) server_type: Unknown, rtt: None, error=AutoReconnect('SSL handshake failed: ac-8xlp2xc-shard-00-02.nc9rsuw.mongodb.net:27017: [SSL: TLSV1_ALERT_INTERNAL_ERROR] tlsv1 alert internal error (_ssl.c:1129) (configured timeouts: socketTimeoutMS: 20000.0ms, connectTimeoutMS: 20000.0ms)')>]>
20:58:32 - SearchConsoleAuditor - WARNING - Failed to load memory from MongoDB: SSL handshake failed: ac-8xlp2xc-shard-00-01.nc9rsuw.mongodb.net:27017: [SSL: TLSV1_ALERT_INTERNAL_ERROR] tlsv1 alert internal error (_ssl.c:1129) (configured timeouts: socketTimeoutMS: 20000.0ms, connectTimeoutMS: 20000.0ms),SSL handshake failed: ac-8xlp2xc-shard-00-02.nc9rsuw.mongodb.net:27017: [SSL: TLSV1_ALERT_INTERNAL_ERROR] tlsv1 alert internal error (_ssl.c:1129) (configured timeouts: socketTimeoutMS: 20000.0ms, connectTimeoutMS: 20000.0ms),SSL handshake failed: ac-8xlp2xc-shard-00-00.nc9rsuw.mongodb.net:27017: [SSL: TLSV1_ALERT_INTERNAL_ERROR] tlsv1 alert internal error (_ssl.c:1129) (configured timeouts: socketTimeoutMS: 20000.0ms, connectTimeoutMS: 20000.0ms), Timeout: 10.0s, Topology Description: <TopologyDescription id: 69e22f3fed403a7ca528fedf, topology_type: ReplicaSetNoPrimary, servers: [<ServerDescription ('ac-8xlp2xc-shard-00-00.nc9rsuw.mongodb.net', 27017) server_type: Unknown, rtt: None, error=AutoReconnect('SSL handshake failed: ac-8xlp2xc-shard-00-00.nc9rsuw.mongodb.net:27017: [SSL: TLSV1_ALERT_INTERNAL_ERROR] tlsv1 alert internal error (_ssl.c:1129) (configured timeouts: socketTimeoutMS: 20000.0ms, connectTimeoutMS: 20000.0ms)')>, <ServerDescription ('ac-8xlp2xc-shard-00-01.nc9rsuw.mongodb.net', 27017) server_type: Unknown, rtt: None, error=AutoReconnect('SSL handshake failed: ac-8xlp2xc-shard-00-01.nc9rsuw.mongodb.net:27017: [SSL: TLSV1_ALERT_INTERNAL_ERROR] tlsv1 alert internal error (_ssl.c:1129) (configured timeouts: socketTimeoutMS: 20000.0ms, connectTimeoutMS: 20000.0ms)')>, <ServerDescription ('ac-8xlp2xc-shard-00-02.nc9rsuw.mongodb.net', 27017) server_type: Unknown, rtt: None, error=AutoReconnect('SSL handshake failed: ac-8xlp2xc-shard-00-02.nc9rsuw.mongodb.net:27017: [SSL: TLSV1_ALERT_INTERNAL_ERROR] tlsv1 alert internal error (_ssl.c:1129) (configured timeouts: socketTimeoutMS: 20000.0ms, connectTimeoutMS: 20000.0ms)')>]>. Falling back to JSON.
20:58:42 - SearchConsoleAuditor - ERROR - Failed to save memory to MongoDB: SSL handshake failed: ac-8xlp2xc-shard-00-01.nc9rsuw.mongodb.net:27017: [SSL: TLSV1_ALERT_INTERNAL_ERROR] tlsv1 alert internal error (_ssl.c:1129) (configured timeouts: socketTimeoutMS: 20000.0ms, connectTimeoutMS: 20000.0ms),SSL handshake failed: ac-8xlp2xc-shard-00-02.nc9rsuw.mongodb.net:27017: [SSL: TLSV1_ALERT_INTERNAL_ERROR] tlsv1 alert internal error (_ssl.c:1129) (configured timeouts: socketTimeoutMS: 20000.0ms, connectTimeoutMS: 20000.0ms),SSL handshake failed: ac-8xlp2xc-shard-00-00.nc9rsuw.mongodb.net:27017: [SSL: TLSV1_ALERT_INTERNAL_ERROR] tlsv1 alert internal error (_ssl.c:1129) (configured timeouts: socketTimeoutMS: 20000.0ms, connectTimeoutMS: 20000.0ms), Timeout: 10.0s, Topology Description: <TopologyDescription id: 69e22f3fed403a7ca528fedf, topology_type: ReplicaSetNoPrimary, servers: [<ServerDescription ('ac-8xlp2xc-shard-00-00.nc9rsuw.mongodb.net', 27017) server_type: Unknown, rtt: None, error=AutoReconnect('SSL handshake failed: ac-8xlp2xc-shard-00-00.nc9rsuw.mongodb.net:27017: [SSL: TLSV1_ALERT_INTERNAL_ERROR] tlsv1 alert internal error (_ssl.c:1129) (configured timeouts: socketTimeoutMS: 20000.0ms, connectTimeoutMS: 20000.0ms)')>, <ServerDescription ('ac-8xlp2xc-shard-00-01.nc9rsuw.mongodb.net', 27017) server_type: Unknown, rtt: None, error=AutoReconnect('SSL handshake failed: ac-8xlp2xc-shard-00-01.nc9rsuw.mongodb.net:27017: [SSL: TLSV1_ALERT_INTERNAL_ERROR] tlsv1 alert internal error (_ssl.c:1129) (configured timeouts: socketTimeoutMS: 20000.0ms, connectTimeoutMS: 20000.0ms)')>, <ServerDescription ('ac-8xlp2xc-shard-00-02.nc9rsuw.mongodb.net', 27017) server_type: Unknown, rtt: None, error=AutoReconnect('SSL handshake failed: ac-8xlp2xc-shard-00-02.nc9rsuw.mongodb.net:27017: [SSL: TLSV1_ALERT_INTERNAL_ERROR] tlsv1 alert internal error (_ssl.c:1129) (configured timeouts: socketTimeoutMS: 20000.0ms, connectTimeoutMS: 20000.0ms)')>]>
20:58:42 - httpx - INFO - HTTP Request: POST https://tevdxaufsnpsbvvurddg.supabase.co/rest/v1/memory_store?on_conflict=id "HTTP/2 200 OK"
20:58:42 - AgentOrchestrator - INFO - Executing Tier 4: ['TargetingAgent', 'CreativityAgent', 'SwarmAgent_03_IMPROVE', 'SwarmAgent_10_IMPROVE', 'SwarmAgent_17_IMPROVE', 'SwarmAgent_24_IMPROVE', 'SwarmAgent_31_IMPROVE', 'SwarmAgent_38_IMPROVE', 'SwarmAgent_45_IMPROVE', 'SwarmAgent_52_IMPROVE', 'SwarmAgent_59_IMPROVE', 'SwarmAgent_66_IMPROVE', 'SwarmAgent_73_IMPROVE', 'SwarmAgent_80_IMPROVE', 'SwarmAgent_87_IMPROVE', 'SwarmAgent_94_IMPROVE']
20:58:42 - TargetingAgent - INFO - Building Google Optimized Audience Personas...
20:58:42 - CreativityAgent - INFO - Running Creativity Session...
20:58:42 - SwarmAgent_03_IMPROVE - INFO - [IMPROVE] Executing SEO Micro-task: Market Probe
20:58:42 - SwarmAgent_10_IMPROVE - INFO - [IMPROVE] Executing SEO Micro-task: Domain Research
20:58:42 - SwarmAgent_17_IMPROVE - INFO - [IMPROVE] Executing SEO Micro-task: Keyword Sync
20:58:42 - SwarmAgent_24_IMPROVE - INFO - [IMPROVE] Executing SEO Micro-task: Keyword Sync
20:58:42 - SwarmAgent_31_IMPROVE - INFO - [IMPROVE] Executing SEO Micro-task: Market Probe
20:58:42 - SwarmAgent_38_IMPROVE - INFO - [IMPROVE] Executing SEO Micro-task: SEO Audit
20:58:42 - SwarmAgent_45_IMPROVE - INFO - [IMPROVE] Executing SEO Micro-task: SEO Audit
20:58:42 - SwarmAgent_52_IMPROVE - INFO - [IMPROVE] Executing SEO Micro-task: Keyword Sync
20:58:42 - SwarmAgent_59_IMPROVE - INFO - [IMPROVE] Executing SEO Micro-task: Domain Research
20:58:42 - SwarmAgent_66_IMPROVE - INFO - [IMPROVE] Executing SEO Micro-task: SEO Audit
20:58:42 - SwarmAgent_73_IMPROVE - INFO - [IMPROVE] Executing SEO Micro-task: Market Probe
20:58:42 - SwarmAgent_80_IMPROVE - INFO - [IMPROVE] Executing SEO Micro-task: Domain Research
20:58:42 - SwarmAgent_87_IMPROVE - INFO - [IMPROVE] Executing SEO Micro-task: Market Probe
20:58:42 - SwarmAgent_94_IMPROVE - INFO - [IMPROVE] Executing SEO Micro-task: SEO Audit
20:58:52 - TargetingAgent - WARNING - Failed to load memory from MongoDB: SSL handshake failed: ac-8xlp2xc-shard-00-01.nc9rsuw.mongodb.net:27017: [SSL: TLSV1_ALERT_INTERNAL_ERROR] tlsv1 alert internal error (_ssl.c:1129) (configured timeouts: socketTimeoutMS: 20000.0ms, connectTimeoutMS: 20000.0ms),SSL handshake failed: ac-8xlp2xc-shard-00-02.nc9rsuw.mongodb.net:27017: [SSL: TLSV1_ALERT_INTERNAL_ERROR] tlsv1 alert internal error (_ssl.c:1129) (configured timeouts: socketTimeoutMS: 20000.0ms, connectTimeoutMS: 20000.0ms),SSL handshake failed: ac-8xlp2xc-shard-00-00.nc9rsuw.mongodb.net:27017: [SSL: TLSV1_ALERT_INTERNAL_ERROR] tlsv1 alert internal error (_ssl.c:1129) (configured timeouts: socketTimeoutMS: 20000.0ms, connectTimeoutMS: 20000.0ms), Timeout: 10.0s, Topology Description: <TopologyDescription id: 69e22f3fed403a7ca528fedf, topology_type: ReplicaSetNoPrimary, servers: [<ServerDescription ('ac-8xlp2xc-shard-00-00.nc9rsuw.mongodb.net', 27017) server_type: Unknown, rtt: None, error=AutoReconnect('SSL handshake failed: ac-8xlp2xc-shard-00-00.nc9rsuw.mongodb.net:27017: [SSL: TLSV1_ALERT_INTERNAL_ERROR] tlsv1 alert internal error (_ssl.c:1129) (configured timeouts: socketTimeoutMS: 20000.0ms, connectTimeoutMS: 20000.0ms)')>, <ServerDescription ('ac-8xlp2xc-shard-00-01.nc9rsuw.mongodb.net', 27017) server_type: Unknown, rtt: None, error=AutoReconnect('SSL handshake failed: ac-8xlp2xc-shard-00-01.nc9rsuw.mongodb.net:27017: [SSL: TLSV1_ALERT_INTERNAL_ERROR] tlsv1 alert internal error (_ssl.c:1129) (configured timeouts: socketTimeoutMS: 20000.0ms, connectTimeoutMS: 20000.0ms)')>, <ServerDescription ('ac-8xlp2xc-shard-00-02.nc9rsuw.mongodb.net', 27017) server_type: Unknown, rtt: None, error=AutoReconnect('SSL handshake failed: ac-8xlp2xc-shard-00-02.nc9rsuw.mongodb.net:27017: [SSL: TLSV1_ALERT_INTERNAL_ERROR] tlsv1 alert internal error (_ssl.c:1129) (configured timeouts: socketTimeoutMS: 20000.0ms, connectTimeoutMS: 20000.0ms)')>]>. Falling back to JSON.
20:59:02 - TargetingAgent - WARNING - Failed to load memory from MongoDB: SSL handshake failed: ac-8xlp2xc-shard-00-01.nc9rsuw.mongodb.net:27017: [SSL: TLSV1_ALERT_INTERNAL_ERROR] tlsv1 alert internal error (_ssl.c:1129) (configured timeouts: socketTimeoutMS: 20000.0ms, connectTimeoutMS: 20000.0ms),SSL handshake failed: ac-8xlp2xc-shard-00-02.nc9rsuw.mongodb.net:27017: [SSL: TLSV1_ALERT_INTERNAL_ERROR] tlsv1 alert internal error (_ssl.c:1129) (configured timeouts: socketTimeoutMS: 20000.0ms, connectTimeoutMS: 20000.0ms),SSL handshake failed: ac-8xlp2xc-shard-00-00.nc9rsuw.mongodb.net:27017: [SSL: TLSV1_ALERT_INTERNAL_ERROR] tlsv1 alert internal error (_ssl.c:1129) (configured timeouts: socketTimeoutMS: 20000.0ms, connectTimeoutMS: 20000.0ms), Timeout: 10.0s, Topology Description: <TopologyDescription id: 69e22f3fed403a7ca528fedf, topology_type: ReplicaSetNoPrimary, servers: [<ServerDescription ('ac-8xlp2xc-shard-00-00.nc9rsuw.mongodb.net', 27017) server_type: Unknown, rtt: None, error=AutoReconnect('SSL handshake failed: ac-8xlp2xc-shard-00-00.nc9rsuw.mongodb.net:27017: [SSL: TLSV1_ALERT_INTERNAL_ERROR] tlsv1 alert internal error (_ssl.c:1129) (configured timeouts: socketTimeoutMS: 20000.0ms, connectTimeoutMS: 20000.0ms)')>, <ServerDescription ('ac-8xlp2xc-shard-00-01.nc9rsuw.mongodb.net', 27017) server_type: Unknown, rtt: None, error=AutoReconnect('SSL handshake failed: ac-8xlp2xc-shard-00-01.nc9rsuw.mongodb.net:27017: [SSL: TLSV1_ALERT_INTERNAL_ERROR] tlsv1 alert internal error (_ssl.c:1129) (configured timeouts: socketTimeoutMS: 20000.0ms, connectTimeoutMS: 20000.0ms)')>, <ServerDescription ('ac-8xlp2xc-shard-00-02.nc9rsuw.mongodb.net', 27017) server_type: Unknown, rtt: None, error=AutoReconnect('SSL handshake failed: ac-8xlp2xc-shard-00-02.nc9rsuw.mongodb.net:27017: [SSL: TLSV1_ALERT_INTERNAL_ERROR] tlsv1 alert internal error (_ssl.c:1129) (configured timeouts: socketTimeoutMS: 20000.0ms, connectTimeoutMS: 20000.0ms)')>]>. Falling back to JSON.
20:59:13 - TargetingAgent - ERROR - Failed to save memory to MongoDB: SSL handshake failed: ac-8xlp2xc-shard-00-01.nc9rsuw.mongodb.net:27017: [SSL: TLSV1_ALERT_INTERNAL_ERROR] tlsv1 alert internal error (_ssl.c:1129) (configured timeouts: socketTimeoutMS: 20000.0ms, connectTimeoutMS: 20000.0ms),SSL handshake failed: ac-8xlp2xc-shard-00-02.nc9rsuw.mongodb.net:27017: [SSL: TLSV1_ALERT_INTERNAL_ERROR] tlsv1 alert internal error (_ssl.c:1129) (configured timeouts: socketTimeoutMS: 20000.0ms, connectTimeoutMS: 20000.0ms),SSL handshake failed: ac-8xlp2xc-shard-00-00.nc9rsuw.mongodb.net:27017: [SSL: TLSV1_ALERT_INTERNAL_ERROR] tlsv1 alert internal error (_ssl.c:1129) (configured timeouts: socketTimeoutMS: 20000.0ms, connectTimeoutMS: 20000.0ms), Timeout: 10.0s, Topology Description: <TopologyDescription id: 69e22f3fed403a7ca528fedf, topology_type: ReplicaSetNoPrimary, servers: [<ServerDescription ('ac-8xlp2xc-shard-00-00.nc9rsuw.mongodb.net', 27017) server_type: Unknown, rtt: None, error=AutoReconnect('SSL handshake failed: ac-8xlp2xc-shard-00-00.nc9rsuw.mongodb.net:27017: [SSL: TLSV1_ALERT_INTERNAL_ERROR] tlsv1 alert internal error (_ssl.c:1129) (configured timeouts: socketTimeoutMS: 20000.0ms, connectTimeoutMS: 20000.0ms)')>, <ServerDescription ('ac-8xlp2xc-shard-00-01.nc9rsuw.mongodb.net', 27017) server_type: Unknown, rtt: None, error=AutoReconnect('SSL handshake failed: ac-8xlp2xc-shard-00-01.nc9rsuw.mongodb.net:27017: [SSL: TLSV1_ALERT_INTERNAL_ERROR] tlsv1 alert internal error (_ssl.c:1129) (configured timeouts: socketTimeoutMS: 20000.0ms, connectTimeoutMS: 20000.0ms)')>, <ServerDescription ('ac-8xlp2xc-shard-00-02.nc9rsuw.mongodb.net', 27017) server_type: Unknown, rtt: None, error=AutoReconnect('SSL handshake failed: ac-8xlp2xc-shard-00-02.nc9rsuw.mongodb.net:27017: [SSL: TLSV1_ALERT_INTERNAL_ERROR] tlsv1 alert internal error (_ssl.c:1129) (configured timeouts: socketTimeoutMS: 20000.0ms, connectTimeoutMS: 20000.0ms)')>]>
20:59:13 - httpx - INFO - HTTP Request: POST https://tevdxaufsnpsbvvurddg.supabase.co/rest/v1/memory_store?on_conflict=id "HTTP/2 200 OK"
20:59:13 - TargetingAgent - INFO - Persona locked: AdTech Professional (Google Stack Focus) | Intent: Campaign Optimization & ROAS Growth
20:59:13 - AgentOrchestrator - INFO - Executing Tier 5: ['BidAgent', 'ContentAgent']
20:59:13 - BidAgent - INFO - Calculating Smart Bid Strategy (tROAS / tCPA)...
20:59:13 - ContentAgent - INFO - Generating Content...
20:59:23 - BidAgent - WARNING - Failed to load memory from MongoDB: SSL handshake failed: ac-8xlp2xc-shard-00-01.nc9rsuw.mongodb.net:27017: [SSL: TLSV1_ALERT_INTERNAL_ERROR] tlsv1 alert internal error (_ssl.c:1129) (configured timeouts: socketTimeoutMS: 20000.0ms, connectTimeoutMS: 20000.0ms),SSL handshake failed: ac-8xlp2xc-shard-00-02.nc9rsuw.mongodb.net:27017: [SSL: TLSV1_ALERT_INTERNAL_ERROR] tlsv1 alert internal error (_ssl.c:1129) (configured timeouts: socketTimeoutMS: 20000.0ms, connectTimeoutMS: 20000.0ms),SSL handshake failed: ac-8xlp2xc-shard-00-00.nc9rsuw.mongodb.net:27017: [SSL: TLSV1_ALERT_INTERNAL_ERROR] tlsv1 alert internal error (_ssl.c:1129) (configured timeouts: socketTimeoutMS: 20000.0ms, connectTimeoutMS: 20000.0ms), Timeout: 10.0s, Topology Description: <TopologyDescription id: 69e22f3fed403a7ca528fedf, topology_type: ReplicaSetNoPrimary, servers: [<ServerDescription ('ac-8xlp2xc-shard-00-00.nc9rsuw.mongodb.net', 27017) server_type: Unknown, rtt: None, error=AutoReconnect('SSL handshake failed: ac-8xlp2xc-shard-00-00.nc9rsuw.mongodb.net:27017: [SSL: TLSV1_ALERT_INTERNAL_ERROR] tlsv1 alert internal error (_ssl.c:1129) (configured timeouts: socketTimeoutMS: 20000.0ms, connectTimeoutMS: 20000.0ms)')>, <ServerDescription ('ac-8xlp2xc-shard-00-01.nc9rsuw.mongodb.net', 27017) server_type: Unknown, rtt: None, error=AutoReconnect('SSL handshake failed: ac-8xlp2xc-shard-00-01.nc9rsuw.mongodb.net:27017: [SSL: TLSV1_ALERT_INTERNAL_ERROR] tlsv1 alert internal error (_ssl.c:1129) (configured timeouts: socketTimeoutMS: 20000.0ms, connectTimeoutMS: 20000.0ms)')>, <ServerDescription ('ac-8xlp2xc-shard-00-02.nc9rsuw.mongodb.net', 27017) server_type: Unknown, rtt: None, error=AutoReconnect('SSL handshake failed: ac-8xlp2xc-shard-00-02.nc9rsuw.mongodb.net:27017: [SSL: TLSV1_ALERT_INTERNAL_ERROR] tlsv1 alert internal error (_ssl.c:1129) (configured timeouts: socketTimeoutMS: 20000.0ms, connectTimeoutMS: 20000.0ms)')>]>. Falling back to JSON.
20:59:33 - BidAgent - WARNING - Failed to load memory from MongoDB: SSL handshake failed: ac-8xlp2xc-shard-00-01.nc9rsuw.mongodb.net:27017: [SSL: TLSV1_ALERT_INTERNAL_ERROR] tlsv1 alert internal error (_ssl.c:1129) (configured timeouts: socketTimeoutMS: 20000.0ms, connectTimeoutMS: 20000.0ms),SSL handshake failed: ac-8xlp2xc-shard-00-02.nc9rsuw.mongodb.net:27017: [SSL: TLSV1_ALERT_INTERNAL_ERROR] tlsv1 alert internal error (_ssl.c:1129) (configured timeouts: socketTimeoutMS: 20000.0ms, connectTimeoutMS: 20000.0ms),SSL handshake failed: ac-8xlp2xc-shard-00-00.nc9rsuw.mongodb.net:27017: [SSL: TLSV1_ALERT_INTERNAL_ERROR] tlsv1 alert internal error (_ssl.c:1129) (configured timeouts: socketTimeoutMS: 20000.0ms, connectTimeoutMS: 20000.0ms), Timeout: 10.0s, Topology Description: <TopologyDescription id: 69e22f3fed403a7ca528fedf, topology_type: ReplicaSetNoPrimary, servers: [<ServerDescription ('ac-8xlp2xc-shard-00-00.nc9rsuw.mongodb.net', 27017) server_type: Unknown, rtt: None, error=AutoReconnect('SSL handshake failed: ac-8xlp2xc-shard-00-00.nc9rsuw.mongodb.net:27017: [SSL: TLSV1_ALERT_INTERNAL_ERROR] tlsv1 alert internal error (_ssl.c:1129) (configured timeouts: socketTimeoutMS: 20000.0ms, connectTimeoutMS: 20000.0ms)')>, <ServerDescription ('ac-8xlp2xc-shard-00-01.nc9rsuw.mongodb.net', 27017) server_type: Unknown, rtt: None, error=AutoReconnect('SSL handshake failed: ac-8xlp2xc-shard-00-01.nc9rsuw.mongodb.net:27017: [SSL: TLSV1_ALERT_INTERNAL_ERROR] tlsv1 alert internal error (_ssl.c:1129) (configured timeouts: socketTimeoutMS: 20000.0ms, connectTimeoutMS: 20000.0ms)')>, <ServerDescription ('ac-8xlp2xc-shard-00-02.nc9rsuw.mongodb.net', 27017) server_type: Unknown, rtt: None, error=AutoReconnect('SSL handshake failed: ac-8xlp2xc-shard-00-02.nc9rsuw.mongodb.net:27017: [SSL: TLSV1_ALERT_INTERNAL_ERROR] tlsv1 alert internal error (_ssl.c:1129) (configured timeouts: socketTimeoutMS: 20000.0ms, connectTimeoutMS: 20000.0ms)')>]>. Falling back to JSON.
20:59:43 - BidAgent - WARNING - Failed to load memory from MongoDB: SSL handshake failed: ac-8xlp2xc-shard-00-01.nc9rsuw.mongodb.net:27017: [SSL: TLSV1_ALERT_INTERNAL_ERROR] tlsv1 alert internal error (_ssl.c:1129) (configured timeouts: socketTimeoutMS: 20000.0ms, connectTimeoutMS: 20000.0ms),SSL handshake failed: ac-8xlp2xc-shard-00-02.nc9rsuw.mongodb.net:27017: [SSL: TLSV1_ALERT_INTERNAL_ERROR] tlsv1 alert internal error (_ssl.c:1129) (configured timeouts: socketTimeoutMS: 20000.0ms, connectTimeoutMS: 20000.0ms),SSL handshake failed: ac-8xlp2xc-shard-00-00.nc9rsuw.mongodb.net:27017: [SSL: TLSV1_ALERT_INTERNAL_ERROR] tlsv1 alert internal error (_ssl.c:1129) (configured timeouts: socketTimeoutMS: 20000.0ms, connectTimeoutMS: 20000.0ms), Timeout: 10.0s, Topology Description: <TopologyDescription id: 69e22f3fed403a7ca528fedf, topology_type: ReplicaSetNoPrimary, servers: [<ServerDescription ('ac-8xlp2xc-shard-00-00.nc9rsuw.mongodb.net', 27017) server_type: Unknown, rtt: None, error=AutoReconnect('SSL handshake failed: ac-8xlp2xc-shard-00-00.nc9rsuw.mongodb.net:27017: [SSL: TLSV1_ALERT_INTERNAL_ERROR] tlsv1 alert internal error (_ssl.c:1129) (configured timeouts: socketTimeoutMS: 20000.0ms, connectTimeoutMS: 20000.0ms)')>, <ServerDescription ('ac-8xlp2xc-shard-00-01.nc9rsuw.mongodb.net', 27017) server_type: Unknown, rtt: None, error=AutoReconnect('SSL handshake failed: ac-8xlp2xc-shard-00-01.nc9rsuw.mongodb.net:27017: [SSL: TLSV1_ALERT_INTERNAL_ERROR] tlsv1 alert internal error (_ssl.c:1129) (configured timeouts: socketTimeoutMS: 20000.0ms, connectTimeoutMS: 20000.0ms)')>, <ServerDescription ('ac-8xlp2xc-shard-00-02.nc9rsuw.mongodb.net', 27017) server_type: Unknown, rtt: None, error=AutoReconnect('SSL handshake failed: ac-8xlp2xc-shard-00-02.nc9rsuw.mongodb.net:27017: [SSL: TLSV1_ALERT_INTERNAL_ERROR] tlsv1 alert internal error (_ssl.c:1129) (configured timeouts: socketTimeoutMS: 20000.0ms, connectTimeoutMS: 20000.0ms)')>]>. Falling back to JSON.
20:59:54 - BidAgent - WARNING - Failed to load memory from MongoDB: SSL handshake failed: ac-8xlp2xc-shard-00-01.nc9rsuw.mongodb.net:27017: [SSL: TLSV1_ALERT_INTERNAL_ERROR] tlsv1 alert internal error (_ssl.c:1129) (configured timeouts: socketTimeoutMS: 20000.0ms, connectTimeoutMS: 20000.0ms),SSL handshake failed: ac-8xlp2xc-shard-00-02.nc9rsuw.mongodb.net:27017: [SSL: TLSV1_ALERT_INTERNAL_ERROR] tlsv1 alert internal error (_ssl.c:1129) (configured timeouts: socketTimeoutMS: 20000.0ms, connectTimeoutMS: 20000.0ms),SSL handshake failed: ac-8xlp2xc-shard-00-00.nc9rsuw.mongodb.net:27017: [SSL: TLSV1_ALERT_INTERNAL_ERROR] tlsv1 alert internal error (_ssl.c:1129) (configured timeouts: socketTimeoutMS: 20000.0ms, connectTimeoutMS: 20000.0ms), Timeout: 10.0s, Topology Description: <TopologyDescription id: 69e22f3fed403a7ca528fedf, topology_type: ReplicaSetNoPrimary, servers: [<ServerDescription ('ac-8xlp2xc-shard-00-00.nc9rsuw.mongodb.net', 27017) server_type: Unknown, rtt: None, error=AutoReconnect('SSL handshake failed: ac-8xlp2xc-shard-00-00.nc9rsuw.mongodb.net:27017: [SSL: TLSV1_ALERT_INTERNAL_ERROR] tlsv1 alert internal error (_ssl.c:1129) (configured timeouts: socketTimeoutMS: 20000.0ms, connectTimeoutMS: 20000.0ms)')>, <ServerDescription ('ac-8xlp2xc-shard-00-01.nc9rsuw.mongodb.net', 27017) server_type: Unknown, rtt: None, error=AutoReconnect('SSL handshake failed: ac-8xlp2xc-shard-00-01.nc9rsuw.mongodb.net:27017: [SSL: TLSV1_ALERT_INTERNAL_ERROR] tlsv1 alert internal error (_ssl.c:1129) (configured timeouts: socketTimeoutMS: 20000.0ms, connectTimeoutMS: 20000.0ms)')>, <ServerDescription ('ac-8xlp2xc-shard-00-02.nc9rsuw.mongodb.net', 27017) server_type: Unknown, rtt: None, error=AutoReconnect('SSL handshake failed: ac-8xlp2xc-shard-00-02.nc9rsuw.mongodb.net:27017: [SSL: TLSV1_ALERT_INTERNAL_ERROR] tlsv1 alert internal error (_ssl.c:1129) (configured timeouts: socketTimeoutMS: 20000.0ms, connectTimeoutMS: 20000.0ms)')>]>. Falling back to JSON.
21:01:04 - BidAgent - ERROR - Failed to save memory to MongoDB: SSL handshake failed: ac-8xlp2xc-shard-00-01.nc9rsuw.mongodb.net:27017: [SSL: TLSV1_ALERT_INTERNAL_ERROR] tlsv1 alert internal error (_ssl.c:1129) (configured timeouts: socketTimeoutMS: 20000.0ms, connectTimeoutMS: 20000.0ms),SSL handshake failed: ac-8xlp2xc-shard-00-02.nc9rsuw.mongodb.net:27017: [SSL: TLSV1_ALERT_INTERNAL_ERROR] tlsv1 alert internal error (_ssl.c:1129) (configured timeouts: socketTimeoutMS: 20000.0ms, connectTimeoutMS: 20000.0ms),SSL handshake failed: ac-8xlp2xc-shard-00-00.nc9rsuw.mongodb.net:27017: [SSL: TLSV1_ALERT_INTERNAL_ERROR] tlsv1 alert internal error (_ssl.c:1129) (configured timeouts: socketTimeoutMS: 20000.0ms, connectTimeoutMS: 20000.0ms), Timeout: 10.0s, Topology Description: <TopologyDescription id: 69e22f3fed403a7ca528fedf, topology_type: ReplicaSetNoPrimary, servers: [<ServerDescription ('ac-8xlp2xc-shard-00-00.nc9rsuw.mongodb.net', 27017) server_type: Unknown, rtt: None, error=AutoReconnect('SSL handshake failed: ac-8xlp2xc-shard-00-00.nc9rsuw.mongodb.net:27017: [SSL: TLSV1_ALERT_INTERNAL_ERROR] tlsv1 alert internal error (_ssl.c:1129) (configured timeouts: socketTimeoutMS: 20000.0ms, connectTimeoutMS: 20000.0ms)')>, <ServerDescription ('ac-8xlp2xc-shard-00-01.nc9rsuw.mongodb.net', 27017) server_type: Unknown, rtt: None, error=AutoReconnect('SSL handshake failed: ac-8xlp2xc-shard-00-01.nc9rsuw.mongodb.net:27017: [SSL: TLSV1_ALERT_INTERNAL_ERROR] tlsv1 alert internal error (_ssl.c:1129) (configured timeouts: socketTimeoutMS: 20000.0ms, connectTimeoutMS: 20000.0ms)')>, <ServerDescription ('ac-8xlp2xc-shard-00-02.nc9rsuw.mongodb.net', 27017) server_type: Unknown, rtt: None, error=AutoReconnect('SSL handshake failed: ac-8xlp2xc-shard-00-02.nc9rsuw.mongodb.net:27017: [SSL: TLSV1_ALERT_INTERNAL_ERROR] tlsv1 alert internal error (_ssl.c:1129) (configured timeouts: socketTimeoutMS: 20000.0ms, connectTimeoutMS: 20000.0ms)')>]>
21:01:05 - httpx - INFO - HTTP Request: POST https://tevdxaufsnpsbvvurddg.supabase.co/rest/v1/memory_store?on_conflict=id "HTTP/2 200 OK"
21:01:32 - BidAgent - WARNING - Failed to load memory from MongoDB: SSL handshake failed: ac-8xlp2xc-shard-00-01.nc9rsuw.mongodb.net:27017: [SSL: TLSV1_ALERT_INTERNAL_ERROR] tlsv1 alert internal error (_ssl.c:1129) (configured timeouts: socketTimeoutMS: 20000.0ms, connectTimeoutMS: 20000.0ms),SSL handshake failed: ac-8xlp2xc-shard-00-02.nc9rsuw.mongodb.net:27017: [SSL: TLSV1_ALERT_INTERNAL_ERROR] tlsv1 alert internal error (_ssl.c:1129) (configured timeouts: socketTimeoutMS: 20000.0ms, connectTimeoutMS: 20000.0ms),SSL handshake failed: ac-8xlp2xc-shard-00-00.nc9rsuw.mongodb.net:27017: [SSL: TLSV1_ALERT_INTERNAL_ERROR] tlsv1 alert internal error (_ssl.c:1129) (configured timeouts: socketTimeoutMS: 20000.0ms, connectTimeoutMS: 20000.0ms), Timeout: 10.0s, Topology Description: <TopologyDescription id: 69e22f3fed403a7ca528fedf, topology_type: ReplicaSetNoPrimary, servers: [<ServerDescription ('ac-8xlp2xc-shard-00-00.nc9rsuw.mongodb.net', 27017) server_type: Unknown, rtt: None, error=AutoReconnect('SSL handshake failed: ac-8xlp2xc-shard-00-00.nc9rsuw.mongodb.net:27017: [SSL: TLSV1_ALERT_INTERNAL_ERROR] tlsv1 alert internal error (_ssl.c:1129) (configured timeouts: socketTimeoutMS: 20000.0ms, connectTimeoutMS: 20000.0ms)')>, <ServerDescription ('ac-8xlp2xc-shard-00-01.nc9rsuw.mongodb.net', 27017) server_type: Unknown, rtt: None, error=AutoReconnect('SSL handshake failed: ac-8xlp2xc-shard-00-01.nc9rsuw.mongodb.net:27017: [SSL: TLSV1_ALERT_INTERNAL_ERROR] tlsv1 alert internal error (_ssl.c:1129) (configured timeouts: socketTimeoutMS: 20000.0ms, connectTimeoutMS: 20000.0ms)')>, <ServerDescription ('ac-8xlp2xc-shard-00-02.nc9rsuw.mongodb.net', 27017) server_type: Unknown, rtt: None, error=AutoReconnect('SSL handshake failed: ac-8xlp2xc-shard-00-02.nc9rsuw.mongodb.net:27017: [SSL: TLSV1_ALERT_INTERNAL_ERROR] tlsv1 alert internal error (_ssl.c:1129) (configured timeouts: socketTimeoutMS: 20000.0ms, connectTimeoutMS: 20000.0ms)')>]>. Falling back to JSON.
21:05:34 - BidAgent - ERROR - Failed to save memory to MongoDB: SSL handshake failed: ac-8xlp2xc-shard-00-01.nc9rsuw.mongodb.net:27017: [SSL: TLSV1_ALERT_INTERNAL_ERROR] tlsv1 alert internal error (_ssl.c:1129) (configured timeouts: socketTimeoutMS: 20000.0ms, connectTimeoutMS: 20000.0ms),SSL handshake failed: ac-8xlp2xc-shard-00-02.nc9rsuw.mongodb.net:27017: [SSL: TLSV1_ALERT_INTERNAL_ERROR] tlsv1 alert internal error (_ssl.c:1129) (configured timeouts: socketTimeoutMS: 20000.0ms, connectTimeoutMS: 20000.0ms),SSL handshake failed: ac-8xlp2xc-shard-00-00.nc9rsuw.mongodb.net:27017: [SSL: TLSV1_ALERT_INTERNAL_ERROR] tlsv1 alert internal error (_ssl.c:1129) (configured timeouts: socketTimeoutMS: 20000.0ms, connectTimeoutMS: 20000.0ms), Timeout: 10.0s, Topology Description: <TopologyDescription id: 69e22f3fed403a7ca528fedf, topology_type: ReplicaSetNoPrimary, servers: [<ServerDescription ('ac-8xlp2xc-shard-00-00.nc9rsuw.mongodb.net', 27017) server_type: Unknown, rtt: None, error=AutoReconnect('SSL handshake failed: ac-8xlp2xc-shard-00-00.nc9rsuw.mongodb.net:27017: [SSL: TLSV1_ALERT_INTERNAL_ERROR] tlsv1 alert internal error (_ssl.c:1129) (configured timeouts: socketTimeoutMS: 20000.0ms, connectTimeoutMS: 20000.0ms)')>, <ServerDescription ('ac-8xlp2xc-shard-00-01.nc9rsuw.mongodb.net', 27017) server_type: Unknown, rtt: None, error=AutoReconnect('SSL handshake failed: ac-8xlp2xc-shard-00-01.nc9rsuw.mongodb.net:27017: [SSL: TLSV1_ALERT_INTERNAL_ERROR] tlsv1 alert internal error (_ssl.c:1129) (configured timeouts: socketTimeoutMS: 20000.0ms, connectTimeoutMS: 20000.0ms)')>, <ServerDescription ('ac-8xlp2xc-shard-00-02.nc9rsuw.mongodb.net', 27017) server_type: Unknown, rtt: None, error=AutoReconnect('SSL handshake failed: ac-8xlp2xc-shard-00-02.nc9rsuw.mongodb.net:27017: [SSL: TLSV1_ALERT_INTERNAL_ERROR] tlsv1 alert internal error (_ssl.c:1129) (configured timeouts: socketTimeoutMS: 20000.0ms, connectTimeoutMS: 20000.0ms)')>]>
21:05:35 - httpx - INFO - HTTP Request: POST https://tevdxaufsnpsbvvurddg.supabase.co/rest/v1/memory_store?on_conflict=id "HTTP/2 200 OK"
21:06:29 - BidAgent - WARNING - Failed to load memory from MongoDB: SSL handshake failed: ac-8xlp2xc-shard-00-01.nc9rsuw.mongodb.net:27017: [SSL: TLSV1_ALERT_INTERNAL_ERROR] tlsv1 alert internal error (_ssl.c:1129) (configured timeouts: socketTimeoutMS: 20000.0ms, connectTimeoutMS: 20000.0ms),SSL handshake failed: ac-8xlp2xc-shard-00-02.nc9rsuw.mongodb.net:27017: [SSL: TLSV1_ALERT_INTERNAL_ERROR] tlsv1 alert internal error (_ssl.c:1129) (configured timeouts: socketTimeoutMS: 20000.0ms, connectTimeoutMS: 20000.0ms),SSL handshake failed: ac-8xlp2xc-shard-00-00.nc9rsuw.mongodb.net:27017: [SSL: TLSV1_ALERT_INTERNAL_ERROR] tlsv1 alert internal error (_ssl.c:1129) (configured timeouts: socketTimeoutMS: 20000.0ms, connectTimeoutMS: 20000.0ms), Timeout: 10.0s, Topology Description: <TopologyDescription id: 69e22f3fed403a7ca528fedf, topology_type: ReplicaSetNoPrimary, servers: [<ServerDescription ('ac-8xlp2xc-shard-00-00.nc9rsuw.mongodb.net', 27017) server_type: Unknown, rtt: None, error=AutoReconnect('SSL handshake failed: ac-8xlp2xc-shard-00-00.nc9rsuw.mongodb.net:27017: [SSL: TLSV1_ALERT_INTERNAL_ERROR] tlsv1 alert internal error (_ssl.c:1129) (configured timeouts: socketTimeoutMS: 20000.0ms, connectTimeoutMS: 20000.0ms)')>, <ServerDescription ('ac-8xlp2xc-shard-00-01.nc9rsuw.mongodb.net', 27017) server_type: Unknown, rtt: None, error=AutoReconnect('SSL handshake failed: ac-8xlp2xc-shard-00-01.nc9rsuw.mongodb.net:27017: [SSL: TLSV1_ALERT_INTERNAL_ERROR] tlsv1 alert internal error (_ssl.c:1129) (configured timeouts: socketTimeoutMS: 20000.0ms, connectTimeoutMS: 20000.0ms)')>, <ServerDescription ('ac-8xlp2xc-shard-00-02.nc9rsuw.mongodb.net', 27017) server_type: Unknown, rtt: None, error=AutoReconnect('SSL handshake failed: ac-8xlp2xc-shard-00-02.nc9rsuw.mongodb.net:27017: [SSL: TLSV1_ALERT_INTERNAL_ERROR] tlsv1 alert internal error (_ssl.c:1129) (configured timeouts: socketTimeoutMS: 20000.0ms, connectTimeoutMS: 20000.0ms)')>]>. Falling back to JSON.
21:06:51 - BidAgent - ERROR - Failed to save memory to MongoDB: SSL handshake failed: ac-8xlp2xc-shard-00-01.nc9rsuw.mongodb.net:27017: [SSL: TLSV1_ALERT_INTERNAL_ERROR] tlsv1 alert internal error (_ssl.c:1129) (configured timeouts: socketTimeoutMS: 20000.0ms, connectTimeoutMS: 20000.0ms),SSL handshake failed: ac-8xlp2xc-shard-00-02.nc9rsuw.mongodb.net:27017: [SSL: TLSV1_ALERT_INTERNAL_ERROR] tlsv1 alert internal error (_ssl.c:1129) (configured timeouts: socketTimeoutMS: 20000.0ms, connectTimeoutMS: 20000.0ms),SSL handshake failed: ac-8xlp2xc-shard-00-00.nc9rsuw.mongodb.net:27017: [SSL: TLSV1_ALERT_INTERNAL_ERROR] tlsv1 alert internal error (_ssl.c:1129) (configured timeouts: socketTimeoutMS: 20000.0ms, connectTimeoutMS: 20000.0ms), Timeout: 10.0s, Topology Description: <TopologyDescription id: 69e22f3fed403a7ca528fedf, topology_type: ReplicaSetNoPrimary, servers: [<ServerDescription ('ac-8xlp2xc-shard-00-00.nc9rsuw.mongodb.net', 27017) server_type: Unknown, rtt: None, error=AutoReconnect('SSL handshake failed: ac-8xlp2xc-shard-00-00.nc9rsuw.mongodb.net:27017: [SSL: TLSV1_ALERT_INTERNAL_ERROR] tlsv1 alert internal error (_ssl.c:1129) (configured timeouts: socketTimeoutMS: 20000.0ms, connectTimeoutMS: 20000.0ms)')>, <ServerDescription ('ac-8xlp2xc-shard-00-01.nc9rsuw.mongodb.net', 27017) server_type: Unknown, rtt: None, error=AutoReconnect('SSL handshake failed: ac-8xlp2xc-shard-00-01.nc9rsuw.mongodb.net:27017: [SSL: TLSV1_ALERT_INTERNAL_ERROR] tlsv1 alert internal error (_ssl.c:1129) (configured timeouts: socketTimeoutMS: 20000.0ms, connectTimeoutMS: 20000.0ms)')>, <ServerDescription ('ac-8xlp2xc-shard-00-02.nc9rsuw.mongodb.net', 27017) server_type: Unknown, rtt: None, error=AutoReconnect('SSL handshake failed: ac-8xlp2xc-shard-00-02.nc9rsuw.mongodb.net:27017: [SSL: TLSV1_ALERT_INTERNAL_ERROR] tlsv1 alert internal error (_ssl.c:1129) (configured timeouts: socketTimeoutMS: 20000.0ms, connectTimeoutMS: 20000.0ms)')>]>
21:06:52 - httpx - INFO - HTTP Request: POST https://tevdxaufsnpsbvvurddg.supabase.co/rest/v1/memory_store?on_conflict=id "HTTP/2 200 OK"
21:06:52 - BidAgent - INFO - Strategy: Target CPA — PROTECT_BUDGET | CPM: €0.52 | tROAS: 4.0x | tCPA: €224.15
21:06:52 - AgentOrchestrator - INFO - Executing Tier 6: ['AdsAgent', 'MonetizationAgent', 'SwarmAgent_04_CONTROL', 'SwarmAgent_11_CONTROL', 'SwarmAgent_18_CONTROL', 'SwarmAgent_25_CONTROL', 'SwarmAgent_32_CONTROL', 'SwarmAgent_39_CONTROL', 'SwarmAgent_46_CONTROL', 'SwarmAgent_53_CONTROL', 'SwarmAgent_60_CONTROL', 'SwarmAgent_67_CONTROL', 'SwarmAgent_74_CONTROL', 'SwarmAgent_81_CONTROL', 'SwarmAgent_88_CONTROL', 'SwarmAgent_95_CONTROL']
21:06:52 - AdsAgent - INFO - Generating Performance Max Asset Groups & Ad Campaigns...
21:06:52 - TelemetryManager - INFO - [TELEMETRY] AdsAgent emitted AD_STRATEGY_GENERATION for AD_ADS_ADVERTISE
21:06:52 - AdsAgent - INFO - Generated 3 standard ads + PMax group 'PMax_Group_AdTech_Professi' (8 headlines, signal: BUILDING)
21:06:52 - MonetizationAgent - INFO - Running Monetization Analysis...
21:06:52 - SwarmAgent_04_CONTROL - INFO - [CONTROL] Executing SEO Micro-task: Keyword Sync
21:06:52 - SwarmAgent_11_CONTROL - INFO - [CONTROL] Executing SEO Micro-task: SEO Audit
21:06:52 - SwarmAgent_18_CONTROL - INFO - [CONTROL] Executing SEO Micro-task: Domain Research
21:06:52 - SwarmAgent_25_CONTROL - INFO - [CONTROL] Executing SEO Micro-task: Keyword Sync
21:06:52 - SwarmAgent_32_CONTROL - INFO - [CONTROL] Executing SEO Micro-task: SEO Audit
21:06:52 - SwarmAgent_39_CONTROL - INFO - [CONTROL] Executing SEO Micro-task: Domain Research
21:06:52 - SwarmAgent_46_CONTROL - INFO - [CONTROL] Executing SEO Micro-task: Market Probe
21:06:52 - SwarmAgent_53_CONTROL - INFO - [CONTROL] Executing SEO Micro-task: Domain Research
21:06:52 - SwarmAgent_60_CONTROL - INFO - [CONTROL] Executing SEO Micro-task: Domain Research
21:06:52 - SwarmAgent_67_CONTROL - INFO - [CONTROL] Executing SEO Micro-task: Market Probe
21:06:52 - SwarmAgent_74_CONTROL - INFO - [CONTROL] Executing SEO Micro-task: SEO Audit
21:06:52 - SwarmAgent_81_CONTROL - INFO - [CONTROL] Executing SEO Micro-task: SEO Audit
21:06:52 - SwarmAgent_88_CONTROL - INFO - [CONTROL] Executing SEO Micro-task: Keyword Sync
21:06:52 - SwarmAgent_95_CONTROL - INFO - [CONTROL] Executing SEO Micro-task: Domain Research
21:06:52 - AgentOrchestrator - INFO - Executing Tier 7: ['AutonomousIntelligenceAgent']
21:06:52 - httpx - INFO - HTTP Request: POST https://tevdxaufsnpsbvvurddg.supabase.co/rest/v1/telemetry?columns=%22id%22%2C%22event_data%22%2C%22recorded_at%22 "HTTP/2 201 Created"
21:06:52 - AutonomousIntelligenceAgent - INFO - Overseeing Ecosystem...
21:07:02 - AutonomousIntelligenceAgent - WARNING - Failed to load memory from MongoDB: SSL handshake failed: ac-8xlp2xc-shard-00-01.nc9rsuw.mongodb.net:27017: [SSL: TLSV1_ALERT_INTERNAL_ERROR] tlsv1 alert internal error (_ssl.c:1129) (configured timeouts: socketTimeoutMS: 20000.0ms, connectTimeoutMS: 20000.0ms),SSL handshake failed: ac-8xlp2xc-shard-00-02.nc9rsuw.mongodb.net:27017: [SSL: TLSV1_ALERT_INTERNAL_ERROR] tlsv1 alert internal error (_ssl.c:1129) (configured timeouts: socketTimeoutMS: 20000.0ms, connectTimeoutMS: 20000.0ms),SSL handshake failed: ac-8xlp2xc-shard-00-00.nc9rsuw.mongodb.net:27017: [SSL: TLSV1_ALERT_INTERNAL_ERROR] tlsv1 alert internal error (_ssl.c:1129) (configured timeouts: socketTimeoutMS: 20000.0ms, connectTimeoutMS: 20000.0ms), Timeout: 10.0s, Topology Description: <TopologyDescription id: 69e22f3fed403a7ca528fedf, topology_type: ReplicaSetNoPrimary, servers: [<ServerDescription ('ac-8xlp2xc-shard-00-00.nc9rsuw.mongodb.net', 27017) server_type: Unknown, rtt: None, error=AutoReconnect('SSL handshake failed: ac-8xlp2xc-shard-00-00.nc9rsuw.mongodb.net:27017: [SSL: TLSV1_ALERT_INTERNAL_ERROR] tlsv1 alert internal error (_ssl.c:1129) (configured timeouts: socketTimeoutMS: 20000.0ms, connectTimeoutMS: 20000.0ms)')>, <ServerDescription ('ac-8xlp2xc-shard-00-01.nc9rsuw.mongodb.net', 27017) server_type: Unknown, rtt: None, error=AutoReconnect('SSL handshake failed: ac-8xlp2xc-shard-00-01.nc9rsuw.mongodb.net:27017: [SSL: TLSV1_ALERT_INTERNAL_ERROR] tlsv1 alert internal error (_ssl.c:1129) (configured timeouts: socketTimeoutMS: 20000.0ms, connectTimeoutMS: 20000.0ms)')>, <ServerDescription ('ac-8xlp2xc-shard-00-02.nc9rsuw.mongodb.net', 27017) server_type: Unknown, rtt: None, error=AutoReconnect('SSL handshake failed: ac-8xlp2xc-shard-00-02.nc9rsuw.mongodb.net:27017: [SSL: TLSV1_ALERT_INTERNAL_ERROR] tlsv1 alert internal error (_ssl.c:1129) (configured timeouts: socketTimeoutMS: 20000.0ms, connectTimeoutMS: 20000.0ms)')>]>. Falling back to JSON.
21:07:02 - TelemetryManager - WARNING - MongoDB telemetry sync failed: SSL handshake failed: ac-8xlp2xc-shard-00-01.nc9rsuw.mongodb.net:27017: [SSL: TLSV1_ALERT_INTERNAL_ERROR] tlsv1 alert internal error (_ssl.c:1129) (configured timeouts: socketTimeoutMS: 20000.0ms, connectTimeoutMS: 20000.0ms),SSL handshake failed: ac-8xlp2xc-shard-00-02.nc9rsuw.mongodb.net:27017: [SSL: TLSV1_ALERT_INTERNAL_ERROR] tlsv1 alert internal error (_ssl.c:1129) (configured timeouts: socketTimeoutMS: 20000.0ms, connectTimeoutMS: 20000.0ms),SSL handshake failed: ac-8xlp2xc-shard-00-00.nc9rsuw.mongodb.net:27017: [SSL: TLSV1_ALERT_INTERNAL_ERROR] tlsv1 alert internal error (_ssl.c:1129) (configured timeouts: socketTimeoutMS: 20000.0ms, connectTimeoutMS: 20000.0ms), Timeout: 10.0s, Topology Description: <TopologyDescription id: 69e22f3fed403a7ca528fedf, topology_type: ReplicaSetNoPrimary, servers: [<ServerDescription ('ac-8xlp2xc-shard-00-00.nc9rsuw.mongodb.net', 27017) server_type: Unknown, rtt: None, error=AutoReconnect('SSL handshake failed: ac-8xlp2xc-shard-00-00.nc9rsuw.mongodb.net:27017: [SSL: TLSV1_ALERT_INTERNAL_ERROR] tlsv1 alert internal error (_ssl.c:1129) (configured timeouts: socketTimeoutMS: 20000.0ms, connectTimeoutMS: 20000.0ms)')>, <ServerDescription ('ac-8xlp2xc-shard-00-01.nc9rsuw.mongodb.net', 27017) server_type: Unknown, rtt: None, error=AutoReconnect('SSL handshake failed: ac-8xlp2xc-shard-00-01.nc9rsuw.mongodb.net:27017: [SSL: TLSV1_ALERT_INTERNAL_ERROR] tlsv1 alert internal error (_ssl.c:1129) (configured timeouts: socketTimeoutMS: 20000.0ms, connectTimeoutMS: 20000.0ms)')>, <ServerDescription ('ac-8xlp2xc-shard-00-02.nc9rsuw.mongodb.net', 27017) server_type: Unknown, rtt: None, error=AutoReconnect('SSL handshake failed: ac-8xlp2xc-shard-00-02.nc9rsuw.mongodb.net:27017: [SSL: TLSV1_ALERT_INTERNAL_ERROR] tlsv1 alert internal error (_ssl.c:1129) (configured timeouts: socketTimeoutMS: 20000.0ms, connectTimeoutMS: 20000.0ms)')>]>
21:17:37 - AutonomousIntelligenceAgent - ERROR - Failed to save memory to MongoDB: SSL handshake failed: ac-8xlp2xc-shard-00-01.nc9rsuw.mongodb.net:27017: [SSL: TLSV1_ALERT_INTERNAL_ERROR] tlsv1 alert internal error (_ssl.c:1129) (configured timeouts: socketTimeoutMS: 20000.0ms, connectTimeoutMS: 20000.0ms),SSL handshake failed: ac-8xlp2xc-shard-00-02.nc9rsuw.mongodb.net:27017: [SSL: TLSV1_ALERT_INTERNAL_ERROR] tlsv1 alert internal error (_ssl.c:1129) (configured timeouts: socketTimeoutMS: 20000.0ms, connectTimeoutMS: 20000.0ms),SSL handshake failed: ac-8xlp2xc-shard-00-00.nc9rsuw.mongodb.net:27017: [SSL: TLSV1_ALERT_INTERNAL_ERROR] tlsv1 alert internal error (_ssl.c:1129) (configured timeouts: socketTimeoutMS: 20000.0ms, connectTimeoutMS: 20000.0ms), Timeout: 10.0s, Topology Description: <TopologyDescription id: 69e22f3fed403a7ca528fedf, topology_type: ReplicaSetNoPrimary, servers: [<ServerDescription ('ac-8xlp2xc-shard-00-00.nc9rsuw.mongodb.net', 27017) server_type: Unknown, rtt: None, error=AutoReconnect('SSL handshake failed: ac-8xlp2xc-shard-00-00.nc9rsuw.mongodb.net:27017: [SSL: TLSV1_ALERT_INTERNAL_ERROR] tlsv1 alert internal error (_ssl.c:1129) (configured timeouts: socketTimeoutMS: 20000.0ms, connectTimeoutMS: 20000.0ms)')>, <ServerDescription ('ac-8xlp2xc-shard-00-01.nc9rsuw.mongodb.net', 27017) server_type: Unknown, rtt: None, error=AutoReconnect('SSL handshake failed: ac-8xlp2xc-shard-00-01.nc9rsuw.mongodb.net:27017: [SSL: TLSV1_ALERT_INTERNAL_ERROR] tlsv1 alert internal error (_ssl.c:1129) (configured timeouts: socketTimeoutMS: 20000.0ms, connectTimeoutMS: 20000.0ms)')>, <ServerDescription ('ac-8xlp2xc-shard-00-02.nc9rsuw.mongodb.net', 27017) server_type: Unknown, rtt: None, error=AutoReconnect('SSL handshake failed: ac-8xlp2xc-shard-00-02.nc9rsuw.mongodb.net:27017: [SSL: TLSV1_ALERT_INTERNAL_ERROR] tlsv1 alert internal error (_ssl.c:1129) (configured timeouts: socketTimeoutMS: 20000.0ms, connectTimeoutMS: 20000.0ms)')>]>
21:17:38 - httpx - INFO - HTTP Request: POST https://tevdxaufsnpsbvvurddg.supabase.co/rest/v1/memory_store?on_conflict=id "HTTP/2 200 OK"
21:17:38 - AgentOrchestrator - INFO - Executing Tier 8: ['TelemetryAgent']
21:17:38 - TelemetryAgent - INFO - Synthesizing Market Data Structural Telemetry & External World Connectivity...
21:17:38 - AgentOrchestrator - INFO - Executing Tier 9: ['SixSigmaChampion']
21:17:38 - SixSigmaChampion - INFO - Governing Six Belt Sigma SEO Process...
21:17:38 - AgentOrchestrator - INFO - Executing Tier 10: ['Architect', 'CEO_Backup_00', 'CEO_Backup_01', 'CEO_Backup_02', 'CEO_Backup_03', 'AutonomyExpertImbued', 'SwiftEvolutionExpertImbued']
21:17:38 - Architect - INFO - Analyzing system architecture for daily improvements...
21:17:38 - Architect - INFO - Reviewing proposal from SwarmAgent_05_RESEARCH_WORLD: {'seo_impact_threshold': 0.48}
21:17:38 - Architect - INFO - Reviewing proposal from SwarmAgent_06_AD_TECH_PROBE: {'seo_impact_threshold': 0.48}
21:17:38 - Architect - INFO - Reviewing proposal from SwarmAgent_07_DEFINE: {'seo_impact_threshold': 0.48}
21:17:38 - Architect - INFO - Reviewing proposal from SwarmAgent_12_RESEARCH_WORLD: {'seo_impact_threshold': 0.48}
21:17:38 - Architect - INFO - Reviewing proposal from SwarmAgent_13_AD_TECH_PROBE: {'seo_impact_threshold': 0.48}
21:17:38 - Architect - INFO - Reviewing proposal from SwarmAgent_14_DEFINE: {'seo_impact_threshold': 0.48}
21:17:38 - Architect - INFO - Reviewing proposal from SwarmAgent_19_RESEARCH_WORLD: {'seo_impact_threshold': 0.48}
21:17:38 - Architect - INFO - Reviewing proposal from SwarmAgent_20_AD_TECH_PROBE: {'seo_impact_threshold': 0.48}
21:17:38 - Architect - INFO - Reviewing proposal from SwarmAgent_21_DEFINE: {'seo_impact_threshold': 0.48}
21:17:38 - Architect - INFO - Reviewing proposal from SwarmAgent_26_RESEARCH_WORLD: {'seo_impact_threshold': 0.48}
21:17:38 - Architect - INFO - Reviewing proposal from SwarmAgent_27_AD_TECH_PROBE: {'seo_impact_threshold': 0.48}
21:17:38 - Architect - INFO - Reviewing proposal from SwarmAgent_28_DEFINE: {'seo_impact_threshold': 0.48}
21:17:38 - Architect - INFO - Reviewing proposal from SwarmAgent_34_AD_TECH_PROBE: {'seo_impact_threshold': 0.48}
21:17:38 - Architect - INFO - Reviewing proposal from SwarmAgent_41_AD_TECH_PROBE: {'seo_impact_threshold': 0.48}
21:17:38 - Architect - INFO - Reviewing proposal from SwarmAgent_47_RESEARCH_WORLD: {'seo_impact_threshold': 0.48}
21:17:38 - Architect - INFO - Reviewing proposal from SwarmAgent_49_DEFINE: {'seo_impact_threshold': 0.48}
21:17:38 - Architect - INFO - Reviewing proposal from SwarmAgent_54_RESEARCH_WORLD: {'seo_impact_threshold': 0.48}
21:17:38 - Architect - INFO - Reviewing proposal from SwarmAgent_56_DEFINE: {'seo_impact_threshold': 0.48}
21:17:38 - Architect - INFO - Reviewing proposal from SwarmAgent_61_RESEARCH_WORLD: {'seo_impact_threshold': 0.48}
21:17:38 - Architect - INFO - Reviewing proposal from SwarmAgent_62_AD_TECH_PROBE: {'seo_impact_threshold': 0.48}
21:17:38 - Architect - INFO - Reviewing proposal from SwarmAgent_68_RESEARCH_WORLD: {'seo_impact_threshold': 0.48}
21:17:38 - Architect - INFO - Reviewing proposal from SwarmAgent_70_DEFINE: {'seo_impact_threshold': 0.48}
21:17:38 - Architect - INFO - Reviewing proposal from SwarmAgent_75_RESEARCH_WORLD: {'seo_impact_threshold': 0.48}
21:17:38 - Architect - INFO - Reviewing proposal from SwarmAgent_77_DEFINE: {'seo_impact_threshold': 0.48}
21:17:38 - Architect - INFO - Reviewing proposal from SwarmAgent_83_AD_TECH_PROBE: {'seo_impact_threshold': 0.48}
21:17:38 - Architect - INFO - Reviewing proposal from SwarmAgent_84_DEFINE: {'seo_impact_threshold': 0.48}
21:17:38 - Architect - INFO - Reviewing proposal from SwarmAgent_96_RESEARCH_WORLD: {'seo_impact_threshold': 0.48}
21:17:38 - Architect - INFO - Reviewing proposal from SwarmAgent_97_AD_TECH_PROBE: {'seo_impact_threshold': 0.48}
21:17:38 - Architect - INFO - Reviewing proposal from SwarmAgent_98_DEFINE: {'seo_impact_threshold': 0.48}
21:17:38 - Architect - INFO - Reviewing proposal from SwarmAgent_08_MEASURE: {'seo_impact_threshold': 0.48}
21:17:38 - Architect - INFO - Reviewing proposal from SwarmAgent_36_MEASURE: {'seo_impact_threshold': 0.48}
21:17:38 - Architect - INFO - Reviewing proposal from SwarmAgent_44_ANALYZE: {'seo_impact_threshold': 0.48}
21:17:38 - Architect - INFO - Reviewing proposal from SwarmAgent_50_MEASURE: {'seo_impact_threshold': 0.48}
21:17:38 - Architect - INFO - Reviewing proposal from SwarmAgent_51_ANALYZE: {'seo_impact_threshold': 0.48}
21:17:38 - Architect - INFO - Reviewing proposal from SwarmAgent_57_MEASURE: {'seo_impact_threshold': 0.48}
21:17:38 - Architect - INFO - Reviewing proposal from SwarmAgent_65_ANALYZE: {'seo_impact_threshold': 0.48}
21:17:38 - Architect - INFO - Reviewing proposal from SwarmAgent_71_MEASURE: {'seo_impact_threshold': 0.48}
21:17:38 - Architect - INFO - Reviewing proposal from SwarmAgent_72_ANALYZE: {'seo_impact_threshold': 0.48}
21:17:38 - Architect - INFO - Reviewing proposal from SwarmAgent_78_MEASURE: {'seo_impact_threshold': 0.48}
21:17:38 - Architect - INFO - Reviewing proposal from SwarmAgent_79_ANALYZE: {'seo_impact_threshold': 0.48}
21:17:38 - Architect - INFO - Reviewing proposal from SwarmAgent_85_MEASURE: {'seo_impact_threshold': 0.48}
21:17:38 - Architect - INFO - Reviewing proposal from SwarmAgent_86_ANALYZE: {'seo_impact_threshold': 0.48}
21:17:38 - Architect - INFO - Reviewing proposal from SwarmAgent_93_ANALYZE: {'seo_impact_threshold': 0.48}
21:17:38 - Architect - INFO - Reviewing proposal from SwarmAgent_17_IMPROVE: {'seo_impact_threshold': 0.48}
21:17:38 - Architect - INFO - Reviewing proposal from SwarmAgent_59_IMPROVE: {'seo_impact_threshold': 0.48}
21:17:38 - Architect - INFO - Reviewing proposal from SwarmAgent_66_IMPROVE: {'seo_impact_threshold': 0.48}
21:17:38 - Architect - INFO - Reviewing proposal from SwarmAgent_80_IMPROVE: {'seo_impact_threshold': 0.48}
21:17:38 - Architect - INFO - Reviewing proposal from SwarmAgent_25_CONTROL: {'seo_impact_threshold': 0.48}
21:17:38 - Architect - INFO - Reviewing proposal from SwarmAgent_60_CONTROL: {'seo_impact_threshold': 0.48}
21:17:38 - Architect - INFO - Reviewing proposal from SwarmAgent_74_CONTROL: {'seo_impact_threshold': 0.48}
21:17:38 - Architect - INFO - Reviewing proposal from SwarmAgent_81_CONTROL: {'seo_impact_threshold': 0.48}
21:17:38 - AgentOrchestrator - ERROR - Error in agent Architect: can only concatenate str (not "float") to str
Traceback (most recent call last):
  File "/Users/filipkeser/Documents/Antigravity/agents/orchestrator.py", line 74, in _run_agent
    "current_tier": 0,
  File "/Users/filipkeser/Documents/Antigravity/agents/architect_agent.py", line 44, in run
    else:
  File "/Users/filipkeser/Documents/Antigravity/agents/architect_agent.py", line 53, in _apply_evolution
TypeError: can only concatenate str (not "float") to str
21:17:38 - CEO_Backup_00 - INFO - Verifying CEO (Champion) integrity...
21:17:38 - CEO_Backup_01 - INFO - Verifying CEO (Champion) integrity...
21:17:38 - CEO_Backup_02 - INFO - Verifying CEO (Champion) integrity...
21:17:38 - CEO_Backup_03 - INFO - Verifying CEO (Champion) integrity...
21:17:38 - AutonomyExpertImbued - INFO - 🤖 Autonomy Expert running diagnostic on background daily cycle...
21:17:38 - AutonomyExpertImbued - INFO - Last autonomous run detected at: 2026-04-17T18:54:44.242481+00:00
21:17:38 - SwiftEvolutionExpertImbued - INFO - Swift Evolution Expert refactoring Agent IDE UI...
21:17:38 - httpx - INFO - HTTP Request: POST https://tevdxaufsnpsbvvurddg.supabase.co/rest/v1/telemetry "HTTP/2 400 Bad Request"
21:17:38 - SwiftEvolutionExpertImbued - WARNING - Failed to push to Supabase: {'message': 'null value in column "id" of relation "telemetry" violates not-null constraint', 'code': '23502', 'hint': None, 'details': 'Failing row contains (null, {"type": "EVOLUTION_SYNC", "message": "Swift Evolution Expert op..., 2026-04-17 19:17:38.689843+00).'}
21:17:38 - AgentOrchestrator - INFO - Executing Tier 11: ['MetaCodingAgent', 'DockerEvolutionAgent']
21:17:38 - MetaCodingAgent - INFO - Performing Meta-Coding Analysis and Autonomous Self-Improvement...
21:17:38 - MetaCodingAgent - INFO - Stable impact detected. Standard maintenance refactor proposed.
21:17:38 - DockerEvolutionAgent - INFO - No system evolution detected. Skipping Docker validation.
21:17:38 - AgentOrchestrator - INFO - Executing Tier 12: ['GitHubEvolutionAgent']
21:17:38 - GitHubEvolutionAgent - INFO - No system evolution. Skipping Git operations.
21:17:38 - httpx - INFO - HTTP Request: POST https://tevdxaufsnpsbvvurddg.supabase.co/rest/v1/github_sync_history "HTTP/2 201 Created"
21:17:38 - GitHubEvolutionAgent - INFO - GitHub sync record written to Supabase: SKIPPED
21:17:49 - GitHubEvolutionAgent - WARNING - MongoDB github_sync write failed: SSL handshake failed: ac-8xlp2xc-shard-00-01.nc9rsuw.mongodb.net:27017: [SSL: TLSV1_ALERT_INTERNAL_ERROR] tlsv1 alert internal error (_ssl.c:1129) (configured timeouts: socketTimeoutMS: 20000.0ms, connectTimeoutMS: 20000.0ms),SSL handshake failed: ac-8xlp2xc-shard-00-02.nc9rsuw.mongodb.net:27017: [SSL: TLSV1_ALERT_INTERNAL_ERROR] tlsv1 alert internal error (_ssl.c:1129) (configured timeouts: socketTimeoutMS: 20000.0ms, connectTimeoutMS: 20000.0ms),SSL handshake failed: ac-8xlp2xc-shard-00-00.nc9rsuw.mongodb.net:27017: [SSL: TLSV1_ALERT_INTERNAL_ERROR] tlsv1 alert internal error (_ssl.c:1129) (configured timeouts: socketTimeoutMS: 20000.0ms, connectTimeoutMS: 20000.0ms), Timeout: 10.0s, Topology Description: <TopologyDescription id: 69e22f3fed403a7ca528fedf, topology_type: ReplicaSetNoPrimary, servers: [<ServerDescription ('ac-8xlp2xc-shard-00-00.nc9rsuw.mongodb.net', 27017) server_type: Unknown, rtt: None, error=AutoReconnect('SSL handshake failed: ac-8xlp2xc-shard-00-00.nc9rsuw.mongodb.net:27017: [SSL: TLSV1_ALERT_INTERNAL_ERROR] tlsv1 alert internal error (_ssl.c:1129) (configured timeouts: socketTimeoutMS: 20000.0ms, connectTimeoutMS: 20000.0ms)')>, <ServerDescription ('ac-8xlp2xc-shard-00-01.nc9rsuw.mongodb.net', 27017) server_type: Unknown, rtt: None, error=AutoReconnect('SSL handshake failed: ac-8xlp2xc-shard-00-01.nc9rsuw.mongodb.net:27017: [SSL: TLSV1_ALERT_INTERNAL_ERROR] tlsv1 alert internal error (_ssl.c:1129) (configured timeouts: socketTimeoutMS: 20000.0ms, connectTimeoutMS: 20000.0ms)')>, <ServerDescription ('ac-8xlp2xc-shard-00-02.nc9rsuw.mongodb.net', 27017) server_type: Unknown, rtt: None, error=AutoReconnect('SSL handshake failed: ac-8xlp2xc-shard-00-02.nc9rsuw.mongodb.net:27017: [SSL: TLSV1_ALERT_INTERNAL_ERROR] tlsv1 alert internal error (_ssl.c:1129) (configured timeouts: socketTimeoutMS: 20000.0ms, connectTimeoutMS: 20000.0ms)')>]>
21:17:49 - AgentOrchestrator - INFO - Executing Tier 13: ['GitKrakenEvolutionAgent']
21:17:49 - GitKrakenEvolutionAgent - INFO - No system evolution for GitKraken sync. Skipping.
21:17:49 - AgentOrchestrator - INFO - Executing Tier 14: ['JulesEvolutionAgent']
21:17:49 - JulesEvolutionAgent - INFO - Jules at your service. Synchronizing all evolution channels and memory...
21:17:49 - httpx - INFO - HTTP Request: POST https://tevdxaufsnpsbvvurddg.supabase.co/rest/v1/sync_logs "HTTP/2 200 OK"
21:17:49 - httpx - INFO - HTTP Request: POST https://tevdxaufsnpsbvvurddg.supabase.co/rest/v1/sync_logs "HTTP/2 200 OK"
21:17:49 - httpx - INFO - HTTP Request: POST https://tevdxaufsnpsbvvurddg.supabase.co/rest/v1/sync_logs "HTTP/2 200 OK"
21:17:49 - JulesEvolutionAgent - INFO - Jules has synced 3 learnings to Supabase.
21:18:30 - JulesEvolutionAgent - WARNING - Jules failed to sync learnings to MongoDB: SSL handshake failed: ac-8xlp2xc-shard-00-01.nc9rsuw.mongodb.net:27017: [SSL: TLSV1_ALERT_INTERNAL_ERROR] tlsv1 alert internal error (_ssl.c:1129) (configured timeouts: socketTimeoutMS: 20000.0ms, connectTimeoutMS: 20000.0ms),SSL handshake failed: ac-8xlp2xc-shard-00-02.nc9rsuw.mongodb.net:27017: [SSL: TLSV1_ALERT_INTERNAL_ERROR] tlsv1 alert internal error (_ssl.c:1129) (configured timeouts: socketTimeoutMS: 20000.0ms, connectTimeoutMS: 20000.0ms),SSL handshake failed: ac-8xlp2xc-shard-00-00.nc9rsuw.mongodb.net:27017: [SSL: TLSV1_ALERT_INTERNAL_ERROR] tlsv1 alert internal error (_ssl.c:1129) (configured timeouts: socketTimeoutMS: 20000.0ms, connectTimeoutMS: 20000.0ms), Timeout: 10.0s, Topology Description: <TopologyDescription id: 69e22f3fed403a7ca528fedf, topology_type: ReplicaSetNoPrimary, servers: [<ServerDescription ('ac-8xlp2xc-shard-00-00.nc9rsuw.mongodb.net', 27017) server_type: Unknown, rtt: None, error=AutoReconnect('SSL handshake failed: ac-8xlp2xc-shard-00-00.nc9rsuw.mongodb.net:27017: [SSL: TLSV1_ALERT_INTERNAL_ERROR] tlsv1 alert internal error (_ssl.c:1129) (configured timeouts: socketTimeoutMS: 20000.0ms, connectTimeoutMS: 20000.0ms)')>, <ServerDescription ('ac-8xlp2xc-shard-00-01.nc9rsuw.mongodb.net', 27017) server_type: Unknown, rtt: None, error=AutoReconnect('SSL handshake failed: ac-8xlp2xc-shard-00-01.nc9rsuw.mongodb.net:27017: [SSL: TLSV1_ALERT_INTERNAL_ERROR] tlsv1 alert internal error (_ssl.c:1129) (configured timeouts: socketTimeoutMS: 20000.0ms, connectTimeoutMS: 20000.0ms)')>, <ServerDescription ('ac-8xlp2xc-shard-00-02.nc9rsuw.mongodb.net', 27017) server_type: Unknown, rtt: None, error=AutoReconnect('SSL handshake failed: ac-8xlp2xc-shard-00-02.nc9rsuw.mongodb.net:27017: [SSL: TLSV1_ALERT_INTERNAL_ERROR] tlsv1 alert internal error (_ssl.c:1129) (configured timeouts: socketTimeoutMS: 20000.0ms, connectTimeoutMS: 20000.0ms)')>]>
21:18:30 - JulesEvolutionAgent - INFO - No evolution actions were required. Jules is standing by.
21:18:30 - AgentOrchestrator - INFO - Execution Cycle Complete.
21:18:30 - AgentOrchestrator - INFO - Starting Peer Review Phase...
21:18:30 - AgentOrchestrator - INFO - Review from ResearchAgent: ['Research data and Google World investigations are fully synchronized.']
21:18:30 - SystemOrchestrator - INFO - Report generated at results/DAILY_REPORT_2026-04-17.md
21:18:30 - SystemOrchestrator - INFO - === Cycle Complete ===
21:18:30 - AutonomousOrchestrator - INFO - Autonomous Evolution Cycle Complete.
21:18:30 - httpx - INFO - HTTP Request: POST https://tevdxaufsnpsbvvurddg.supabase.co/rest/v1/memory_store "HTTP/2 200 OK"
05:40:56 - AutonomousOrchestrator - INFO - Manual trigger detected!
05:40:56 - AutonomousOrchestrator - INFO - Starting Autonomous Evolution Cycle...
05:40:56 - httpx - INFO - HTTP Request: POST https://tevdxaufsnpsbvvurddg.supabase.co/rest/v1/memory_store "HTTP/2 200 OK"
05:40:56 - SystemOrchestrator - INFO - === Starting Massive Synchronized Autonomous Cycle ===
05:40:56 - SystemOrchestrator - INFO - Starting Scraper...
05:40:56 - SystemOrchestrator - ERROR - Scraper failed: Traceback (most recent call last):
  File "/Users/filipkeser/Documents/Antigravity/scraper.py", line 1, in <module>
    import aiohttp
ModuleNotFoundError: No module named 'aiohttp'

05:40:56 - SystemOrchestrator - INFO - Dynamically loaded imbued expert: AutonomyExpertImbued
05:40:56 - SystemOrchestrator - INFO - Dynamically loaded imbued expert: MonetizationExpertImbued
05:40:56 - SystemOrchestrator - INFO - Dynamically loaded imbued expert: SEOExpertImbued
05:40:56 - SystemOrchestrator - INFO - Dynamically loaded imbued expert: SwiftEvolutionExpertImbued
05:40:56 - SystemOrchestrator - INFO - Instantiated ecosystem with 179 autonomous agents (including 4 imbued experts).
05:40:56 - AgentOrchestrator - INFO - Starting Autonomous Execution Cycle (v1.42)...
05:40:56 - AgentOrchestrator - INFO - Executing Tier 1: ['HealthCheckAgent', 'RobotTxtAgent', 'AnalysisAgent', 'SwarmAgent_00_DEFINE', 'SwarmAgent_05_RESEARCH_WORLD', 'SwarmAgent_06_AD_TECH_PROBE', 'SwarmAgent_07_DEFINE', 'SwarmAgent_12_RESEARCH_WORLD', 'SwarmAgent_13_AD_TECH_PROBE', 'SwarmAgent_14_DEFINE', 'SwarmAgent_19_RESEARCH_WORLD', 'SwarmAgent_20_AD_TECH_PROBE', 'SwarmAgent_21_DEFINE', 'SwarmAgent_26_RESEARCH_WORLD', 'SwarmAgent_27_AD_TECH_PROBE', 'SwarmAgent_28_DEFINE', 'SwarmAgent_33_RESEARCH_WORLD', 'SwarmAgent_34_AD_TECH_PROBE', 'SwarmAgent_35_DEFINE', 'SwarmAgent_40_RESEARCH_WORLD', 'SwarmAgent_41_AD_TECH_PROBE', 'SwarmAgent_42_DEFINE', 'SwarmAgent_47_RESEARCH_WORLD', 'SwarmAgent_48_AD_TECH_PROBE', 'SwarmAgent_49_DEFINE', 'SwarmAgent_54_RESEARCH_WORLD', 'SwarmAgent_55_AD_TECH_PROBE', 'SwarmAgent_56_DEFINE', 'SwarmAgent_61_RESEARCH_WORLD', 'SwarmAgent_62_AD_TECH_PROBE', 'SwarmAgent_63_DEFINE', 'SwarmAgent_68_RESEARCH_WORLD', 'SwarmAgent_69_AD_TECH_PROBE', 'SwarmAgent_70_DEFINE', 'SwarmAgent_75_RESEARCH_WORLD', 'SwarmAgent_76_AD_TECH_PROBE', 'SwarmAgent_77_DEFINE', 'SwarmAgent_82_RESEARCH_WORLD', 'SwarmAgent_83_AD_TECH_PROBE', 'SwarmAgent_84_DEFINE', 'SwarmAgent_89_RESEARCH_WORLD', 'SwarmAgent_90_AD_TECH_PROBE', 'SwarmAgent_91_DEFINE', 'SwarmAgent_96_RESEARCH_WORLD', 'SwarmAgent_97_AD_TECH_PROBE', 'SwarmAgent_98_DEFINE', 'System_Backup_00', 'System_Backup_01', 'System_Backup_02', 'System_Backup_03', 'System_Backup_04', 'System_Backup_05', 'System_Backup_06', 'System_Backup_07', 'System_Backup_08', 'System_Backup_09', 'System_Backup_10', 'System_Backup_11', 'System_Backup_12', 'System_Backup_13', 'System_Backup_14', 'System_Backup_15', 'System_Backup_16', 'System_Backup_17', 'System_Backup_18', 'System_Backup_19', 'System_Backup_20', 'System_Backup_21', 'System_Backup_22', 'System_Backup_23', 'System_Backup_24', 'System_Backup_25', 'System_Backup_26', 'System_Backup_27', 'System_Backup_28', 'System_Backup_29', 'System_Backup_30', 'System_Backup_31', 'System_Backup_32', 'System_Backup_33', 'System_Backup_34', 'System_Backup_35', 'System_Backup_36', 'System_Backup_37', 'System_Backup_38', 'System_Backup_39', 'System_Backup_40', 'System_Backup_41', 'System_Backup_42', 'System_Backup_43', 'System_Backup_44', 'System_Backup_45', 'System_Backup_46', 'System_Backup_47', 'System_Backup_48', 'System_Backup_49']
05:40:56 - HealthCheckAgent - INFO - Running Health Check...
05:40:56 - RobotTxtAgent - INFO - Checking robots.txt compliance and secrets...
05:40:56 - RobotTxtAgent - INFO - Fetching https://markposition.wordpress.com/robots.txt
05:40:57 - AnalysisAgent - INFO - Running Analysis...
05:40:57 - TelemetryManager - INFO - [TELEMETRY] AnalysisAgent emitted MARKET_DATA_ANALYSIS for AD_ADS_ADVERTISE
05:40:57 - SwarmAgent_00_DEFINE - INFO - [DEFINE] Executing SEO Micro-task: SEO Audit
05:40:57 - SwarmAgent_05_RESEARCH_WORLD - INFO - [RESEARCH_WORLD] Executing SEO Micro-task: Market Probe
05:40:57 - SwarmAgent_06_AD_TECH_PROBE - INFO - [AD_TECH_PROBE] Executing SEO Micro-task: SEO Audit
05:40:57 - SwarmAgent_07_DEFINE - INFO - [DEFINE] Executing SEO Micro-task: SEO Audit
05:40:57 - SwarmAgent_12_RESEARCH_WORLD - INFO - [RESEARCH_WORLD] Executing SEO Micro-task: Domain Research
05:40:57 - SwarmAgent_13_AD_TECH_PROBE - INFO - [AD_TECH_PROBE] Executing SEO Micro-task: Keyword Sync
05:40:57 - SwarmAgent_14_DEFINE - INFO - [DEFINE] Executing SEO Micro-task: SEO Audit
05:40:57 - SwarmAgent_19_RESEARCH_WORLD - INFO - [RESEARCH_WORLD] Executing SEO Micro-task: Domain Research
05:40:57 - SwarmAgent_20_AD_TECH_PROBE - INFO - [AD_TECH_PROBE] Executing SEO Micro-task: Keyword Sync
05:40:57 - SwarmAgent_21_DEFINE - INFO - [DEFINE] Executing SEO Micro-task: Keyword Sync
05:40:57 - SwarmAgent_26_RESEARCH_WORLD - INFO - [RESEARCH_WORLD] Executing SEO Micro-task: Market Probe
05:40:57 - SwarmAgent_27_AD_TECH_PROBE - INFO - [AD_TECH_PROBE] Executing SEO Micro-task: SEO Audit
05:40:57 - SwarmAgent_28_DEFINE - INFO - [DEFINE] Executing SEO Micro-task: Keyword Sync
05:40:57 - SwarmAgent_33_RESEARCH_WORLD - INFO - [RESEARCH_WORLD] Executing SEO Micro-task: Domain Research
05:40:57 - SwarmAgent_34_AD_TECH_PROBE - INFO - [AD_TECH_PROBE] Executing SEO Micro-task: Keyword Sync
05:40:57 - SwarmAgent_35_DEFINE - INFO - [DEFINE] Executing SEO Micro-task: Market Probe
05:40:57 - SwarmAgent_40_RESEARCH_WORLD - INFO - [RESEARCH_WORLD] Executing SEO Micro-task: Market Probe
05:40:57 - SwarmAgent_41_AD_TECH_PROBE - INFO - [AD_TECH_PROBE] Executing SEO Micro-task: Keyword Sync
05:40:57 - SwarmAgent_42_DEFINE - INFO - [DEFINE] Executing SEO Micro-task: SEO Audit
05:40:57 - SwarmAgent_47_RESEARCH_WORLD - INFO - [RESEARCH_WORLD] Executing SEO Micro-task: Keyword Sync
05:40:57 - SwarmAgent_48_AD_TECH_PROBE - INFO - [AD_TECH_PROBE] Executing SEO Micro-task: Domain Research
05:40:57 - SwarmAgent_49_DEFINE - INFO - [DEFINE] Executing SEO Micro-task: SEO Audit
05:40:57 - SwarmAgent_54_RESEARCH_WORLD - INFO - [RESEARCH_WORLD] Executing SEO Micro-task: SEO Audit
05:40:57 - SwarmAgent_55_AD_TECH_PROBE - INFO - [AD_TECH_PROBE] Executing SEO Micro-task: Domain Research
05:40:57 - SwarmAgent_56_DEFINE - INFO - [DEFINE] Executing SEO Micro-task: Domain Research
05:40:57 - SwarmAgent_61_RESEARCH_WORLD - INFO - [RESEARCH_WORLD] Executing SEO Micro-task: Keyword Sync
05:40:57 - SwarmAgent_62_AD_TECH_PROBE - INFO - [AD_TECH_PROBE] Executing SEO Micro-task: SEO Audit
05:40:57 - SwarmAgent_63_DEFINE - INFO - [DEFINE] Executing SEO Micro-task: Market Probe
05:40:57 - SwarmAgent_68_RESEARCH_WORLD - INFO - [RESEARCH_WORLD] Executing SEO Micro-task: Keyword Sync
05:40:57 - SwarmAgent_69_AD_TECH_PROBE - INFO - [AD_TECH_PROBE] Executing SEO Micro-task: SEO Audit
05:40:57 - SwarmAgent_70_DEFINE - INFO - [DEFINE] Executing SEO Micro-task: Domain Research
05:40:57 - SwarmAgent_75_RESEARCH_WORLD - INFO - [RESEARCH_WORLD] Executing SEO Micro-task: SEO Audit
05:40:57 - SwarmAgent_76_AD_TECH_PROBE - INFO - [AD_TECH_PROBE] Executing SEO Micro-task: Keyword Sync
05:40:57 - SwarmAgent_77_DEFINE - INFO - [DEFINE] Executing SEO Micro-task: Domain Research
05:40:57 - SwarmAgent_82_RESEARCH_WORLD - INFO - [RESEARCH_WORLD] Executing SEO Micro-task: SEO Audit
05:40:57 - SwarmAgent_83_AD_TECH_PROBE - INFO - [AD_TECH_PROBE] Executing SEO Micro-task: Keyword Sync
05:40:57 - SwarmAgent_84_DEFINE - INFO - [DEFINE] Executing SEO Micro-task: Market Probe
05:40:57 - SwarmAgent_89_RESEARCH_WORLD - INFO - [RESEARCH_WORLD] Executing SEO Micro-task: Keyword Sync
05:40:57 - SwarmAgent_90_AD_TECH_PROBE - INFO - [AD_TECH_PROBE] Executing SEO Micro-task: Domain Research
05:40:57 - SwarmAgent_91_DEFINE - INFO - [DEFINE] Executing SEO Micro-task: Keyword Sync
05:40:57 - SwarmAgent_96_RESEARCH_WORLD - INFO - [RESEARCH_WORLD] Executing SEO Micro-task: Market Probe
05:40:57 - SwarmAgent_97_AD_TECH_PROBE - INFO - [AD_TECH_PROBE] Executing SEO Micro-task: SEO Audit
05:40:57 - SwarmAgent_98_DEFINE - INFO - [DEFINE] Executing SEO Micro-task: Domain Research
05:40:57 - System_Backup_00 - INFO - [FAILOVER] Redundancy active. Monitoring state...
05:40:57 - System_Backup_01 - INFO - [FAILOVER] Redundancy active. Monitoring state...
05:40:57 - System_Backup_02 - INFO - [FAILOVER] Redundancy active. Monitoring state...
05:40:57 - System_Backup_03 - INFO - [FAILOVER] Redundancy active. Monitoring state...
05:40:57 - System_Backup_04 - INFO - [FAILOVER] Redundancy active. Monitoring state...
05:40:57 - System_Backup_05 - INFO - [FAILOVER] Redundancy active. Monitoring state...
05:40:57 - System_Backup_06 - INFO - [FAILOVER] Redundancy active. Monitoring state...
05:40:57 - System_Backup_07 - INFO - [FAILOVER] Redundancy active. Monitoring state...
05:40:57 - System_Backup_08 - INFO - [FAILOVER] Redundancy active. Monitoring state...
05:40:57 - System_Backup_09 - INFO - [FAILOVER] Redundancy active. Monitoring state...
05:40:57 - System_Backup_10 - INFO - [FAILOVER] Redundancy active. Monitoring state...
05:40:57 - System_Backup_11 - INFO - [FAILOVER] Redundancy active. Monitoring state...
05:40:57 - System_Backup_12 - INFO - [FAILOVER] Redundancy active. Monitoring state...
05:40:57 - System_Backup_13 - INFO - [FAILOVER] Redundancy active. Monitoring state...
05:40:57 - System_Backup_14 - INFO - [FAILOVER] Redundancy active. Monitoring state...
05:40:57 - System_Backup_15 - INFO - [FAILOVER] Redundancy active. Monitoring state...
05:40:57 - System_Backup_16 - INFO - [FAILOVER] Redundancy active. Monitoring state...
05:40:57 - System_Backup_17 - INFO - [FAILOVER] Redundancy active. Monitoring state...
05:40:57 - System_Backup_18 - INFO - [FAILOVER] Redundancy active. Monitoring state...
05:40:57 - System_Backup_19 - INFO - [FAILOVER] Redundancy active. Monitoring state...
05:40:57 - System_Backup_20 - INFO - [FAILOVER] Redundancy active. Monitoring state...
05:40:57 - System_Backup_21 - INFO - [FAILOVER] Redundancy active. Monitoring state...
05:40:57 - System_Backup_22 - INFO - [FAILOVER] Redundancy active. Monitoring state...
05:40:57 - System_Backup_23 - INFO - [FAILOVER] Redundancy active. Monitoring state...
05:40:57 - System_Backup_24 - INFO - [FAILOVER] Redundancy active. Monitoring state...
05:40:57 - System_Backup_25 - INFO - [FAILOVER] Redundancy active. Monitoring state...
05:40:57 - System_Backup_26 - INFO - [FAILOVER] Redundancy active. Monitoring state...
05:40:57 - System_Backup_27 - INFO - [FAILOVER] Redundancy active. Monitoring state...
05:40:57 - System_Backup_28 - INFO - [FAILOVER] Redundancy active. Monitoring state...
05:40:57 - System_Backup_29 - INFO - [FAILOVER] Redundancy active. Monitoring state...
05:40:57 - System_Backup_30 - INFO - [FAILOVER] Redundancy active. Monitoring state...
05:40:57 - System_Backup_31 - INFO - [FAILOVER] Redundancy active. Monitoring state...
05:40:57 - System_Backup_32 - INFO - [FAILOVER] Redundancy active. Monitoring state...
05:40:57 - System_Backup_33 - INFO - [FAILOVER] Redundancy active. Monitoring state...
05:40:57 - System_Backup_34 - INFO - [FAILOVER] Redundancy active. Monitoring state...
05:40:57 - System_Backup_35 - INFO - [FAILOVER] Redundancy active. Monitoring state...
05:40:57 - System_Backup_36 - INFO - [FAILOVER] Redundancy active. Monitoring state...
05:40:57 - System_Backup_37 - INFO - [FAILOVER] Redundancy active. Monitoring state...
05:40:57 - System_Backup_38 - INFO - [FAILOVER] Redundancy active. Monitoring state...
05:40:57 - System_Backup_39 - INFO - [FAILOVER] Redundancy active. Monitoring state...
05:40:57 - System_Backup_40 - INFO - [FAILOVER] Redundancy active. Monitoring state...
05:40:57 - System_Backup_41 - INFO - [FAILOVER] Redundancy active. Monitoring state...
05:40:57 - System_Backup_42 - INFO - [FAILOVER] Redundancy active. Monitoring state...
05:40:57 - System_Backup_43 - INFO - [FAILOVER] Redundancy active. Monitoring state...
05:40:57 - System_Backup_44 - INFO - [FAILOVER] Redundancy active. Monitoring state...
05:40:57 - System_Backup_45 - INFO - [FAILOVER] Redundancy active. Monitoring state...
05:40:57 - System_Backup_46 - INFO - [FAILOVER] Redundancy active. Monitoring state...
05:40:57 - System_Backup_47 - INFO - [FAILOVER] Redundancy active. Monitoring state...
05:40:57 - System_Backup_48 - INFO - [FAILOVER] Redundancy active. Monitoring state...
05:40:57 - System_Backup_49 - INFO - [FAILOVER] Redundancy active. Monitoring state...
05:41:07 - RobotTxtAgent - WARNING - Failed to load memory from MongoDB: SSL handshake failed: ac-8xlp2xc-shard-00-01.nc9rsuw.mongodb.net:27017: [SSL: TLSV1_ALERT_INTERNAL_ERROR] tlsv1 alert internal error (_ssl.c:1129) (configured timeouts: socketTimeoutMS: 20000.0ms, connectTimeoutMS: 20000.0ms),SSL handshake failed: ac-8xlp2xc-shard-00-02.nc9rsuw.mongodb.net:27017: [SSL: TLSV1_ALERT_INTERNAL_ERROR] tlsv1 alert internal error (_ssl.c:1129) (configured timeouts: socketTimeoutMS: 20000.0ms, connectTimeoutMS: 20000.0ms),SSL handshake failed: ac-8xlp2xc-shard-00-00.nc9rsuw.mongodb.net:27017: [SSL: TLSV1_ALERT_INTERNAL_ERROR] tlsv1 alert internal error (_ssl.c:1129) (configured timeouts: socketTimeoutMS: 20000.0ms, connectTimeoutMS: 20000.0ms), Timeout: 10.0s, Topology Description: <TopologyDescription id: 69e22f3fed403a7ca528fedf, topology_type: ReplicaSetNoPrimary, servers: [<ServerDescription ('ac-8xlp2xc-shard-00-00.nc9rsuw.mongodb.net', 27017) server_type: Unknown, rtt: None, error=AutoReconnect('SSL handshake failed: ac-8xlp2xc-shard-00-00.nc9rsuw.mongodb.net:27017: [SSL: TLSV1_ALERT_INTERNAL_ERROR] tlsv1 alert internal error (_ssl.c:1129) (configured timeouts: socketTimeoutMS: 20000.0ms, connectTimeoutMS: 20000.0ms)')>, <ServerDescription ('ac-8xlp2xc-shard-00-01.nc9rsuw.mongodb.net', 27017) server_type: Unknown, rtt: None, error=AutoReconnect('SSL handshake failed: ac-8xlp2xc-shard-00-01.nc9rsuw.mongodb.net:27017: [SSL: TLSV1_ALERT_INTERNAL_ERROR] tlsv1 alert internal error (_ssl.c:1129) (configured timeouts: socketTimeoutMS: 20000.0ms, connectTimeoutMS: 20000.0ms)')>, <ServerDescription ('ac-8xlp2xc-shard-00-02.nc9rsuw.mongodb.net', 27017) server_type: Unknown, rtt: None, error=AutoReconnect('SSL handshake failed: ac-8xlp2xc-shard-00-02.nc9rsuw.mongodb.net:27017: [SSL: TLSV1_ALERT_INTERNAL_ERROR] tlsv1 alert internal error (_ssl.c:1129) (configured timeouts: socketTimeoutMS: 20000.0ms, connectTimeoutMS: 20000.0ms)')>]>. Falling back to JSON.
05:41:07 - AgentOrchestrator - INFO - Executing Tier 2: ['ResearchAgent', 'SwarmAgent_01_MEASURE', 'SwarmAgent_02_ANALYZE', 'SwarmAgent_08_MEASURE', 'SwarmAgent_09_ANALYZE', 'SwarmAgent_15_MEASURE', 'SwarmAgent_16_ANALYZE', 'SwarmAgent_22_MEASURE', 'SwarmAgent_23_ANALYZE', 'SwarmAgent_29_MEASURE', 'SwarmAgent_30_ANALYZE', 'SwarmAgent_36_MEASURE', 'SwarmAgent_37_ANALYZE', 'SwarmAgent_43_MEASURE', 'SwarmAgent_44_ANALYZE', 'SwarmAgent_50_MEASURE', 'SwarmAgent_51_ANALYZE', 'SwarmAgent_57_MEASURE', 'SwarmAgent_58_ANALYZE', 'SwarmAgent_64_MEASURE', 'SwarmAgent_65_ANALYZE', 'SwarmAgent_71_MEASURE', 'SwarmAgent_72_ANALYZE', 'SwarmAgent_78_MEASURE', 'SwarmAgent_79_ANALYZE', 'SwarmAgent_85_MEASURE', 'SwarmAgent_86_ANALYZE', 'SwarmAgent_92_MEASURE', 'SwarmAgent_93_ANALYZE', 'SwarmAgent_99_MEASURE', 'SEOExpertImbued']
05:41:07 - httpx - INFO - HTTP Request: POST https://tevdxaufsnpsbvvurddg.supabase.co/rest/v1/telemetry?columns=%22id%22%2C%22event_data%22%2C%22recorded_at%22 "HTTP/2 201 Created"
05:41:07 - ResearchAgent - INFO - Running High-Level Autonomous Research & Outside World Investigation...
05:41:07 - SwarmAgent_01_MEASURE - INFO - [MEASURE] Executing SEO Micro-task: Market Probe
05:41:07 - SwarmAgent_02_ANALYZE - INFO - [ANALYZE] Executing SEO Micro-task: Keyword Sync
05:41:07 - SwarmAgent_08_MEASURE - INFO - [MEASURE] Executing SEO Micro-task: SEO Audit
05:41:07 - SwarmAgent_09_ANALYZE - INFO - [ANALYZE] Executing SEO Micro-task: Domain Research
05:41:07 - SwarmAgent_15_MEASURE - INFO - [MEASURE] Executing SEO Micro-task: SEO Audit
05:41:07 - SwarmAgent_16_ANALYZE - INFO - [ANALYZE] Executing SEO Micro-task: Market Probe
05:41:07 - SwarmAgent_22_MEASURE - INFO - [MEASURE] Executing SEO Micro-task: Domain Research
05:41:07 - SwarmAgent_23_ANALYZE - INFO - [ANALYZE] Executing SEO Micro-task: Domain Research
05:41:07 - SwarmAgent_29_MEASURE - INFO - [MEASURE] Executing SEO Micro-task: Keyword Sync
05:41:07 - SwarmAgent_30_ANALYZE - INFO - [ANALYZE] Executing SEO Micro-task: Market Probe
05:41:07 - SwarmAgent_36_MEASURE - INFO - [MEASURE] Executing SEO Micro-task: Domain Research
05:41:07 - SwarmAgent_37_ANALYZE - INFO - [ANALYZE] Executing SEO Micro-task: SEO Audit
05:41:07 - SwarmAgent_43_MEASURE - INFO - [MEASURE] Executing SEO Micro-task: Market Probe
05:41:07 - SwarmAgent_44_ANALYZE - INFO - [ANALYZE] Executing SEO Micro-task: Market Probe
05:41:07 - SwarmAgent_50_MEASURE - INFO - [MEASURE] Executing SEO Micro-task: SEO Audit
05:41:07 - SwarmAgent_51_ANALYZE - INFO - [ANALYZE] Executing SEO Micro-task: SEO Audit
05:41:07 - SwarmAgent_57_MEASURE - INFO - [MEASURE] Executing SEO Micro-task: Keyword Sync
05:41:07 - SwarmAgent_58_ANALYZE - INFO - [ANALYZE] Executing SEO Micro-task: Keyword Sync
05:41:07 - SwarmAgent_64_MEASURE - INFO - [MEASURE] Executing SEO Micro-task: Market Probe
05:41:07 - SwarmAgent_65_ANALYZE - INFO - [ANALYZE] Executing SEO Micro-task: Market Probe
05:41:07 - SwarmAgent_71_MEASURE - INFO - [MEASURE] Executing SEO Micro-task: SEO Audit
05:41:07 - SwarmAgent_72_ANALYZE - INFO - [ANALYZE] Executing SEO Micro-task: Domain Research
05:41:07 - SwarmAgent_78_MEASURE - INFO - [MEASURE] Executing SEO Micro-task: SEO Audit
05:41:07 - SwarmAgent_79_ANALYZE - INFO - [ANALYZE] Executing SEO Micro-task: SEO Audit
05:41:07 - SwarmAgent_85_MEASURE - INFO - [MEASURE] Executing SEO Micro-task: SEO Audit
05:41:07 - SwarmAgent_86_ANALYZE - INFO - [ANALYZE] Executing SEO Micro-task: Domain Research
05:41:07 - SwarmAgent_92_MEASURE - INFO - [MEASURE] Executing SEO Micro-task: Market Probe
05:41:07 - SwarmAgent_93_ANALYZE - INFO - [ANALYZE] Executing SEO Micro-task: Domain Research
05:41:07 - SwarmAgent_99_MEASURE - INFO - [MEASURE] Executing SEO Micro-task: Domain Research
05:41:07 - SEOExpertImbued - INFO - Performing Deep Search Engine Optimization Audit on market data...
05:41:07 - SEOExpertImbued - INFO - SEO Audit Complete: Score 0.92
05:41:07 - TelemetryManager - INFO - [TELEMETRY] ResearchAgent emitted EXTERNAL_INVESTIGATION for GOOGLE_WORLD
05:41:07 - TelemetryManager - INFO - [TELEMETRY] ResearchAgent emitted EXTERNAL_INVESTIGATION for GOOGLE_WORLD
05:41:07 - TelemetryManager - INFO - [TELEMETRY] ResearchAgent emitted EXTERNAL_INVESTIGATION for GOOGLE_WORLD
05:41:07 - TelemetryManager - INFO - [TELEMETRY] ResearchAgent emitted EXTERNAL_INVESTIGATION for GOOGLE_WORLD
05:41:07 - ResearchAgent - INFO - Research and World Investigation completed for 10 domains.
05:41:07 - AgentOrchestrator - INFO - Executing Tier 3: ['IntelligenceAgent', 'SearchConsoleAuditor', 'MonetizationExpertImbued']
05:41:07 - httpx - INFO - HTTP Request: POST https://tevdxaufsnpsbvvurddg.supabase.co/rest/v1/telemetry?columns=%22id%22%2C%22event_data%22%2C%22recorded_at%22 "HTTP/2 201 Created"
05:41:07 - IntelligenceAgent - INFO - Running Intelligence Synchronization & External World Collaboration...
05:41:07 - SearchConsoleAuditor - INFO - Running Deep-Skill SEO Audit (Search Console Mastery)...
05:41:07 - MonetizationExpertImbued - INFO - Projecting ROI and Financial Monetization Opportunities...
05:41:07 - MonetizationExpertImbued - INFO - Financial Synthesis Complete: Projected ROI 97.33%
05:41:17 - TelemetryManager - WARNING - MongoDB telemetry sync failed: SSL handshake failed: ac-8xlp2xc-shard-00-01.nc9rsuw.mongodb.net:27017: [SSL: TLSV1_ALERT_INTERNAL_ERROR] tlsv1 alert internal error (_ssl.c:1129) (configured timeouts: socketTimeoutMS: 20000.0ms, connectTimeoutMS: 20000.0ms),SSL handshake failed: ac-8xlp2xc-shard-00-02.nc9rsuw.mongodb.net:27017: [SSL: TLSV1_ALERT_INTERNAL_ERROR] tlsv1 alert internal error (_ssl.c:1129) (configured timeouts: socketTimeoutMS: 20000.0ms, connectTimeoutMS: 20000.0ms),SSL handshake failed: ac-8xlp2xc-shard-00-00.nc9rsuw.mongodb.net:27017: [SSL: TLSV1_ALERT_INTERNAL_ERROR] tlsv1 alert internal error (_ssl.c:1129) (configured timeouts: socketTimeoutMS: 20000.0ms, connectTimeoutMS: 20000.0ms), Timeout: 10.0s, Topology Description: <TopologyDescription id: 69e22f3fed403a7ca528fedf, topology_type: ReplicaSetNoPrimary, servers: [<ServerDescription ('ac-8xlp2xc-shard-00-00.nc9rsuw.mongodb.net', 27017) server_type: Unknown, rtt: None, error=AutoReconnect('SSL handshake failed: ac-8xlp2xc-shard-00-00.nc9rsuw.mongodb.net:27017: [SSL: TLSV1_ALERT_INTERNAL_ERROR] tlsv1 alert internal error (_ssl.c:1129) (configured timeouts: socketTimeoutMS: 20000.0ms, connectTimeoutMS: 20000.0ms)')>, <ServerDescription ('ac-8xlp2xc-shard-00-01.nc9rsuw.mongodb.net', 27017) server_type: Unknown, rtt: None, error=AutoReconnect('SSL handshake failed: ac-8xlp2xc-shard-00-01.nc9rsuw.mongodb.net:27017: [SSL: TLSV1_ALERT_INTERNAL_ERROR] tlsv1 alert internal error (_ssl.c:1129) (configured timeouts: socketTimeoutMS: 20000.0ms, connectTimeoutMS: 20000.0ms)')>, <ServerDescription ('ac-8xlp2xc-shard-00-02.nc9rsuw.mongodb.net', 27017) server_type: Unknown, rtt: None, error=AutoReconnect('SSL handshake failed: ac-8xlp2xc-shard-00-02.nc9rsuw.mongodb.net:27017: [SSL: TLSV1_ALERT_INTERNAL_ERROR] tlsv1 alert internal error (_ssl.c:1129) (configured timeouts: socketTimeoutMS: 20000.0ms, connectTimeoutMS: 20000.0ms)')>]>
05:41:17 - SearchConsoleAuditor - WARNING - Failed to load memory from MongoDB: SSL handshake failed: ac-8xlp2xc-shard-00-01.nc9rsuw.mongodb.net:27017: [SSL: TLSV1_ALERT_INTERNAL_ERROR] tlsv1 alert internal error (_ssl.c:1129) (configured timeouts: socketTimeoutMS: 20000.0ms, connectTimeoutMS: 20000.0ms),SSL handshake failed: ac-8xlp2xc-shard-00-02.nc9rsuw.mongodb.net:27017: [SSL: TLSV1_ALERT_INTERNAL_ERROR] tlsv1 alert internal error (_ssl.c:1129) (configured timeouts: socketTimeoutMS: 20000.0ms, connectTimeoutMS: 20000.0ms),SSL handshake failed: ac-8xlp2xc-shard-00-00.nc9rsuw.mongodb.net:27017: [SSL: TLSV1_ALERT_INTERNAL_ERROR] tlsv1 alert internal error (_ssl.c:1129) (configured timeouts: socketTimeoutMS: 20000.0ms, connectTimeoutMS: 20000.0ms), Timeout: 10.0s, Topology Description: <TopologyDescription id: 69e22f3fed403a7ca528fedf, topology_type: ReplicaSetNoPrimary, servers: [<ServerDescription ('ac-8xlp2xc-shard-00-00.nc9rsuw.mongodb.net', 27017) server_type: Unknown, rtt: None, error=AutoReconnect('SSL handshake failed: ac-8xlp2xc-shard-00-00.nc9rsuw.mongodb.net:27017: [SSL: TLSV1_ALERT_INTERNAL_ERROR] tlsv1 alert internal error (_ssl.c:1129) (configured timeouts: socketTimeoutMS: 20000.0ms, connectTimeoutMS: 20000.0ms)')>, <ServerDescription ('ac-8xlp2xc-shard-00-01.nc9rsuw.mongodb.net', 27017) server_type: Unknown, rtt: None, error=AutoReconnect('SSL handshake failed: ac-8xlp2xc-shard-00-01.nc9rsuw.mongodb.net:27017: [SSL: TLSV1_ALERT_INTERNAL_ERROR] tlsv1 alert internal error (_ssl.c:1129) (configured timeouts: socketTimeoutMS: 20000.0ms, connectTimeoutMS: 20000.0ms)')>, <ServerDescription ('ac-8xlp2xc-shard-00-02.nc9rsuw.mongodb.net', 27017) server_type: Unknown, rtt: None, error=AutoReconnect('SSL handshake failed: ac-8xlp2xc-shard-00-02.nc9rsuw.mongodb.net:27017: [SSL: TLSV1_ALERT_INTERNAL_ERROR] tlsv1 alert internal error (_ssl.c:1129) (configured timeouts: socketTimeoutMS: 20000.0ms, connectTimeoutMS: 20000.0ms)')>]>. Falling back to JSON.
05:41:17 - TelemetryManager - WARNING - MongoDB telemetry sync failed: SSL handshake failed: ac-8xlp2xc-shard-00-01.nc9rsuw.mongodb.net:27017: [SSL: TLSV1_ALERT_INTERNAL_ERROR] tlsv1 alert internal error (_ssl.c:1129) (configured timeouts: socketTimeoutMS: 20000.0ms, connectTimeoutMS: 20000.0ms),SSL handshake failed: ac-8xlp2xc-shard-00-02.nc9rsuw.mongodb.net:27017: [SSL: TLSV1_ALERT_INTERNAL_ERROR] tlsv1 alert internal error (_ssl.c:1129) (configured timeouts: socketTimeoutMS: 20000.0ms, connectTimeoutMS: 20000.0ms),SSL handshake failed: ac-8xlp2xc-shard-00-00.nc9rsuw.mongodb.net:27017: [SSL: TLSV1_ALERT_INTERNAL_ERROR] tlsv1 alert internal error (_ssl.c:1129) (configured timeouts: socketTimeoutMS: 20000.0ms, connectTimeoutMS: 20000.0ms), Timeout: 10.0s, Topology Description: <TopologyDescription id: 69e22f3fed403a7ca528fedf, topology_type: ReplicaSetNoPrimary, servers: [<ServerDescription ('ac-8xlp2xc-shard-00-00.nc9rsuw.mongodb.net', 27017) server_type: Unknown, rtt: None, error=AutoReconnect('SSL handshake failed: ac-8xlp2xc-shard-00-00.nc9rsuw.mongodb.net:27017: [SSL: TLSV1_ALERT_INTERNAL_ERROR] tlsv1 alert internal error (_ssl.c:1129) (configured timeouts: socketTimeoutMS: 20000.0ms, connectTimeoutMS: 20000.0ms)')>, <ServerDescription ('ac-8xlp2xc-shard-00-01.nc9rsuw.mongodb.net', 27017) server_type: Unknown, rtt: None, error=AutoReconnect('SSL handshake failed: ac-8xlp2xc-shard-00-01.nc9rsuw.mongodb.net:27017: [SSL: TLSV1_ALERT_INTERNAL_ERROR] tlsv1 alert internal error (_ssl.c:1129) (configured timeouts: socketTimeoutMS: 20000.0ms, connectTimeoutMS: 20000.0ms)')>, <ServerDescription ('ac-8xlp2xc-shard-00-02.nc9rsuw.mongodb.net', 27017) server_type: Unknown, rtt: None, error=AutoReconnect('SSL handshake failed: ac-8xlp2xc-shard-00-02.nc9rsuw.mongodb.net:27017: [SSL: TLSV1_ALERT_INTERNAL_ERROR] tlsv1 alert internal error (_ssl.c:1129) (configured timeouts: socketTimeoutMS: 20000.0ms, connectTimeoutMS: 20000.0ms)')>]>
05:41:28 - SearchConsoleAuditor - ERROR - Failed to save memory to MongoDB: SSL handshake failed: ac-8xlp2xc-shard-00-01.nc9rsuw.mongodb.net:27017: [SSL: TLSV1_ALERT_INTERNAL_ERROR] tlsv1 alert internal error (_ssl.c:1129) (configured timeouts: socketTimeoutMS: 20000.0ms, connectTimeoutMS: 20000.0ms),SSL handshake failed: ac-8xlp2xc-shard-00-02.nc9rsuw.mongodb.net:27017: [SSL: TLSV1_ALERT_INTERNAL_ERROR] tlsv1 alert internal error (_ssl.c:1129) (configured timeouts: socketTimeoutMS: 20000.0ms, connectTimeoutMS: 20000.0ms),SSL handshake failed: ac-8xlp2xc-shard-00-00.nc9rsuw.mongodb.net:27017: [SSL: TLSV1_ALERT_INTERNAL_ERROR] tlsv1 alert internal error (_ssl.c:1129) (configured timeouts: socketTimeoutMS: 20000.0ms, connectTimeoutMS: 20000.0ms), Timeout: 10.0s, Topology Description: <TopologyDescription id: 69e22f3fed403a7ca528fedf, topology_type: ReplicaSetNoPrimary, servers: [<ServerDescription ('ac-8xlp2xc-shard-00-00.nc9rsuw.mongodb.net', 27017) server_type: Unknown, rtt: None, error=AutoReconnect('SSL handshake failed: ac-8xlp2xc-shard-00-00.nc9rsuw.mongodb.net:27017: [SSL: TLSV1_ALERT_INTERNAL_ERROR] tlsv1 alert internal error (_ssl.c:1129) (configured timeouts: socketTimeoutMS: 20000.0ms, connectTimeoutMS: 20000.0ms)')>, <ServerDescription ('ac-8xlp2xc-shard-00-01.nc9rsuw.mongodb.net', 27017) server_type: Unknown, rtt: None, error=AutoReconnect('SSL handshake failed: ac-8xlp2xc-shard-00-01.nc9rsuw.mongodb.net:27017: [SSL: TLSV1_ALERT_INTERNAL_ERROR] tlsv1 alert internal error (_ssl.c:1129) (configured timeouts: socketTimeoutMS: 20000.0ms, connectTimeoutMS: 20000.0ms)')>, <ServerDescription ('ac-8xlp2xc-shard-00-02.nc9rsuw.mongodb.net', 27017) server_type: Unknown, rtt: None, error=AutoReconnect('SSL handshake failed: ac-8xlp2xc-shard-00-02.nc9rsuw.mongodb.net:27017: [SSL: TLSV1_ALERT_INTERNAL_ERROR] tlsv1 alert internal error (_ssl.c:1129) (configured timeouts: socketTimeoutMS: 20000.0ms, connectTimeoutMS: 20000.0ms)')>]>
05:41:28 - httpx - INFO - HTTP Request: POST https://tevdxaufsnpsbvvurddg.supabase.co/rest/v1/memory_store?on_conflict=id "HTTP/2 200 OK"
05:41:28 - AgentOrchestrator - INFO - Executing Tier 4: ['TargetingAgent', 'CreativityAgent', 'SwarmAgent_03_IMPROVE', 'SwarmAgent_10_IMPROVE', 'SwarmAgent_17_IMPROVE', 'SwarmAgent_24_IMPROVE', 'SwarmAgent_31_IMPROVE', 'SwarmAgent_38_IMPROVE', 'SwarmAgent_45_IMPROVE', 'SwarmAgent_52_IMPROVE', 'SwarmAgent_59_IMPROVE', 'SwarmAgent_66_IMPROVE', 'SwarmAgent_73_IMPROVE', 'SwarmAgent_80_IMPROVE', 'SwarmAgent_87_IMPROVE', 'SwarmAgent_94_IMPROVE']
05:41:28 - TargetingAgent - INFO - Building Google Optimized Audience Personas...
05:41:28 - CreativityAgent - INFO - Running Creativity Session...
05:41:28 - SwarmAgent_03_IMPROVE - INFO - [IMPROVE] Executing SEO Micro-task: Domain Research
05:41:28 - SwarmAgent_10_IMPROVE - INFO - [IMPROVE] Executing SEO Micro-task: Market Probe
05:41:28 - SwarmAgent_17_IMPROVE - INFO - [IMPROVE] Executing SEO Micro-task: Market Probe
05:41:28 - SwarmAgent_24_IMPROVE - INFO - [IMPROVE] Executing SEO Micro-task: Domain Research
05:41:28 - SwarmAgent_31_IMPROVE - INFO - [IMPROVE] Executing SEO Micro-task: SEO Audit
05:41:28 - SwarmAgent_38_IMPROVE - INFO - [IMPROVE] Executing SEO Micro-task: Domain Research
05:41:28 - SwarmAgent_45_IMPROVE - INFO - [IMPROVE] Executing SEO Micro-task: Market Probe
05:41:28 - SwarmAgent_52_IMPROVE - INFO - [IMPROVE] Executing SEO Micro-task: SEO Audit
05:41:28 - SwarmAgent_59_IMPROVE - INFO - [IMPROVE] Executing SEO Micro-task: SEO Audit
05:41:28 - SwarmAgent_66_IMPROVE - INFO - [IMPROVE] Executing SEO Micro-task: SEO Audit
05:41:28 - SwarmAgent_73_IMPROVE - INFO - [IMPROVE] Executing SEO Micro-task: Domain Research
05:41:28 - SwarmAgent_80_IMPROVE - INFO - [IMPROVE] Executing SEO Micro-task: Market Probe
05:41:28 - SwarmAgent_87_IMPROVE - INFO - [IMPROVE] Executing SEO Micro-task: Market Probe
05:41:28 - SwarmAgent_94_IMPROVE - INFO - [IMPROVE] Executing SEO Micro-task: Domain Research
05:41:38 - TargetingAgent - WARNING - Failed to load memory from MongoDB: SSL handshake failed: ac-8xlp2xc-shard-00-01.nc9rsuw.mongodb.net:27017: [SSL: TLSV1_ALERT_INTERNAL_ERROR] tlsv1 alert internal error (_ssl.c:1129) (configured timeouts: socketTimeoutMS: 20000.0ms, connectTimeoutMS: 20000.0ms),SSL handshake failed: ac-8xlp2xc-shard-00-02.nc9rsuw.mongodb.net:27017: [SSL: TLSV1_ALERT_INTERNAL_ERROR] tlsv1 alert internal error (_ssl.c:1129) (configured timeouts: socketTimeoutMS: 20000.0ms, connectTimeoutMS: 20000.0ms),SSL handshake failed: ac-8xlp2xc-shard-00-00.nc9rsuw.mongodb.net:27017: [SSL: TLSV1_ALERT_INTERNAL_ERROR] tlsv1 alert internal error (_ssl.c:1129) (configured timeouts: socketTimeoutMS: 20000.0ms, connectTimeoutMS: 20000.0ms), Timeout: 10.0s, Topology Description: <TopologyDescription id: 69e22f3fed403a7ca528fedf, topology_type: ReplicaSetNoPrimary, servers: [<ServerDescription ('ac-8xlp2xc-shard-00-00.nc9rsuw.mongodb.net', 27017) server_type: Unknown, rtt: None, error=AutoReconnect('SSL handshake failed: ac-8xlp2xc-shard-00-00.nc9rsuw.mongodb.net:27017: [SSL: TLSV1_ALERT_INTERNAL_ERROR] tlsv1 alert internal error (_ssl.c:1129) (configured timeouts: socketTimeoutMS: 20000.0ms, connectTimeoutMS: 20000.0ms)')>, <ServerDescription ('ac-8xlp2xc-shard-00-01.nc9rsuw.mongodb.net', 27017) server_type: Unknown, rtt: None, error=AutoReconnect('SSL handshake failed: ac-8xlp2xc-shard-00-01.nc9rsuw.mongodb.net:27017: [SSL: TLSV1_ALERT_INTERNAL_ERROR] tlsv1 alert internal error (_ssl.c:1129) (configured timeouts: socketTimeoutMS: 20000.0ms, connectTimeoutMS: 20000.0ms)')>, <ServerDescription ('ac-8xlp2xc-shard-00-02.nc9rsuw.mongodb.net', 27017) server_type: Unknown, rtt: None, error=AutoReconnect('SSL handshake failed: ac-8xlp2xc-shard-00-02.nc9rsuw.mongodb.net:27017: [SSL: TLSV1_ALERT_INTERNAL_ERROR] tlsv1 alert internal error (_ssl.c:1129) (configured timeouts: socketTimeoutMS: 20000.0ms, connectTimeoutMS: 20000.0ms)')>]>. Falling back to JSON.
05:41:48 - TargetingAgent - WARNING - Failed to load memory from MongoDB: SSL handshake failed: ac-8xlp2xc-shard-00-01.nc9rsuw.mongodb.net:27017: [SSL: TLSV1_ALERT_INTERNAL_ERROR] tlsv1 alert internal error (_ssl.c:1129) (configured timeouts: socketTimeoutMS: 20000.0ms, connectTimeoutMS: 20000.0ms),SSL handshake failed: ac-8xlp2xc-shard-00-02.nc9rsuw.mongodb.net:27017: [SSL: TLSV1_ALERT_INTERNAL_ERROR] tlsv1 alert internal error (_ssl.c:1129) (configured timeouts: socketTimeoutMS: 20000.0ms, connectTimeoutMS: 20000.0ms),SSL handshake failed: ac-8xlp2xc-shard-00-00.nc9rsuw.mongodb.net:27017: [SSL: TLSV1_ALERT_INTERNAL_ERROR] tlsv1 alert internal error (_ssl.c:1129) (configured timeouts: socketTimeoutMS: 20000.0ms, connectTimeoutMS: 20000.0ms), Timeout: 10.0s, Topology Description: <TopologyDescription id: 69e22f3fed403a7ca528fedf, topology_type: ReplicaSetNoPrimary, servers: [<ServerDescription ('ac-8xlp2xc-shard-00-00.nc9rsuw.mongodb.net', 27017) server_type: Unknown, rtt: None, error=AutoReconnect('SSL handshake failed: ac-8xlp2xc-shard-00-00.nc9rsuw.mongodb.net:27017: [SSL: TLSV1_ALERT_INTERNAL_ERROR] tlsv1 alert internal error (_ssl.c:1129) (configured timeouts: socketTimeoutMS: 20000.0ms, connectTimeoutMS: 20000.0ms)')>, <ServerDescription ('ac-8xlp2xc-shard-00-01.nc9rsuw.mongodb.net', 27017) server_type: Unknown, rtt: None, error=AutoReconnect('SSL handshake failed: ac-8xlp2xc-shard-00-01.nc9rsuw.mongodb.net:27017: [SSL: TLSV1_ALERT_INTERNAL_ERROR] tlsv1 alert internal error (_ssl.c:1129) (configured timeouts: socketTimeoutMS: 20000.0ms, connectTimeoutMS: 20000.0ms)')>, <ServerDescription ('ac-8xlp2xc-shard-00-02.nc9rsuw.mongodb.net', 27017) server_type: Unknown, rtt: None, error=AutoReconnect('SSL handshake failed: ac-8xlp2xc-shard-00-02.nc9rsuw.mongodb.net:27017: [SSL: TLSV1_ALERT_INTERNAL_ERROR] tlsv1 alert internal error (_ssl.c:1129) (configured timeouts: socketTimeoutMS: 20000.0ms, connectTimeoutMS: 20000.0ms)')>]>. Falling back to JSON.
05:41:58 - TargetingAgent - ERROR - Failed to save memory to MongoDB: SSL handshake failed: ac-8xlp2xc-shard-00-01.nc9rsuw.mongodb.net:27017: [SSL: TLSV1_ALERT_INTERNAL_ERROR] tlsv1 alert internal error (_ssl.c:1129) (configured timeouts: socketTimeoutMS: 20000.0ms, connectTimeoutMS: 20000.0ms),SSL handshake failed: ac-8xlp2xc-shard-00-02.nc9rsuw.mongodb.net:27017: [SSL: TLSV1_ALERT_INTERNAL_ERROR] tlsv1 alert internal error (_ssl.c:1129) (configured timeouts: socketTimeoutMS: 20000.0ms, connectTimeoutMS: 20000.0ms),SSL handshake failed: ac-8xlp2xc-shard-00-00.nc9rsuw.mongodb.net:27017: [SSL: TLSV1_ALERT_INTERNAL_ERROR] tlsv1 alert internal error (_ssl.c:1129) (configured timeouts: socketTimeoutMS: 20000.0ms, connectTimeoutMS: 20000.0ms), Timeout: 10.0s, Topology Description: <TopologyDescription id: 69e22f3fed403a7ca528fedf, topology_type: ReplicaSetNoPrimary, servers: [<ServerDescription ('ac-8xlp2xc-shard-00-00.nc9rsuw.mongodb.net', 27017) server_type: Unknown, rtt: None, error=AutoReconnect('SSL handshake failed: ac-8xlp2xc-shard-00-00.nc9rsuw.mongodb.net:27017: [SSL: TLSV1_ALERT_INTERNAL_ERROR] tlsv1 alert internal error (_ssl.c:1129) (configured timeouts: socketTimeoutMS: 20000.0ms, connectTimeoutMS: 20000.0ms)')>, <ServerDescription ('ac-8xlp2xc-shard-00-01.nc9rsuw.mongodb.net', 27017) server_type: Unknown, rtt: None, error=AutoReconnect('SSL handshake failed: ac-8xlp2xc-shard-00-01.nc9rsuw.mongodb.net:27017: [SSL: TLSV1_ALERT_INTERNAL_ERROR] tlsv1 alert internal error (_ssl.c:1129) (configured timeouts: socketTimeoutMS: 20000.0ms, connectTimeoutMS: 20000.0ms)')>, <ServerDescription ('ac-8xlp2xc-shard-00-02.nc9rsuw.mongodb.net', 27017) server_type: Unknown, rtt: None, error=AutoReconnect('SSL handshake failed: ac-8xlp2xc-shard-00-02.nc9rsuw.mongodb.net:27017: [SSL: TLSV1_ALERT_INTERNAL_ERROR] tlsv1 alert internal error (_ssl.c:1129) (configured timeouts: socketTimeoutMS: 20000.0ms, connectTimeoutMS: 20000.0ms)')>]>
05:41:59 - httpx - INFO - HTTP Request: POST https://tevdxaufsnpsbvvurddg.supabase.co/rest/v1/memory_store?on_conflict=id "HTTP/2 200 OK"
05:41:59 - TargetingAgent - INFO - Persona locked: AdTech Professional (Google Stack Focus) | Intent: Campaign Optimization & ROAS Growth
05:41:59 - AgentOrchestrator - INFO - Executing Tier 5: ['BidAgent', 'ContentAgent']
05:41:59 - BidAgent - INFO - Calculating Smart Bid Strategy (tROAS / tCPA)...
05:41:59 - ContentAgent - INFO - Generating Content...
05:42:09 - BidAgent - WARNING - Failed to load memory from MongoDB: SSL handshake failed: ac-8xlp2xc-shard-00-01.nc9rsuw.mongodb.net:27017: [SSL: TLSV1_ALERT_INTERNAL_ERROR] tlsv1 alert internal error (_ssl.c:1129) (configured timeouts: socketTimeoutMS: 20000.0ms, connectTimeoutMS: 20000.0ms),SSL handshake failed: ac-8xlp2xc-shard-00-02.nc9rsuw.mongodb.net:27017: [SSL: TLSV1_ALERT_INTERNAL_ERROR] tlsv1 alert internal error (_ssl.c:1129) (configured timeouts: socketTimeoutMS: 20000.0ms, connectTimeoutMS: 20000.0ms),SSL handshake failed: ac-8xlp2xc-shard-00-00.nc9rsuw.mongodb.net:27017: [SSL: TLSV1_ALERT_INTERNAL_ERROR] tlsv1 alert internal error (_ssl.c:1129) (configured timeouts: socketTimeoutMS: 20000.0ms, connectTimeoutMS: 20000.0ms), Timeout: 10.0s, Topology Description: <TopologyDescription id: 69e22f3fed403a7ca528fedf, topology_type: ReplicaSetNoPrimary, servers: [<ServerDescription ('ac-8xlp2xc-shard-00-00.nc9rsuw.mongodb.net', 27017) server_type: Unknown, rtt: None, error=AutoReconnect('SSL handshake failed: ac-8xlp2xc-shard-00-00.nc9rsuw.mongodb.net:27017: [SSL: TLSV1_ALERT_INTERNAL_ERROR] tlsv1 alert internal error (_ssl.c:1129) (configured timeouts: socketTimeoutMS: 20000.0ms, connectTimeoutMS: 20000.0ms)')>, <ServerDescription ('ac-8xlp2xc-shard-00-01.nc9rsuw.mongodb.net', 27017) server_type: Unknown, rtt: None, error=AutoReconnect('SSL handshake failed: ac-8xlp2xc-shard-00-01.nc9rsuw.mongodb.net:27017: [SSL: TLSV1_ALERT_INTERNAL_ERROR] tlsv1 alert internal error (_ssl.c:1129) (configured timeouts: socketTimeoutMS: 20000.0ms, connectTimeoutMS: 20000.0ms)')>, <ServerDescription ('ac-8xlp2xc-shard-00-02.nc9rsuw.mongodb.net', 27017) server_type: Unknown, rtt: None, error=AutoReconnect('SSL handshake failed: ac-8xlp2xc-shard-00-02.nc9rsuw.mongodb.net:27017: [SSL: TLSV1_ALERT_INTERNAL_ERROR] tlsv1 alert internal error (_ssl.c:1129) (configured timeouts: socketTimeoutMS: 20000.0ms, connectTimeoutMS: 20000.0ms)')>]>. Falling back to JSON.
05:42:19 - BidAgent - WARNING - Failed to load memory from MongoDB: SSL handshake failed: ac-8xlp2xc-shard-00-01.nc9rsuw.mongodb.net:27017: [SSL: TLSV1_ALERT_INTERNAL_ERROR] tlsv1 alert internal error (_ssl.c:1129) (configured timeouts: socketTimeoutMS: 20000.0ms, connectTimeoutMS: 20000.0ms),SSL handshake failed: ac-8xlp2xc-shard-00-02.nc9rsuw.mongodb.net:27017: [SSL: TLSV1_ALERT_INTERNAL_ERROR] tlsv1 alert internal error (_ssl.c:1129) (configured timeouts: socketTimeoutMS: 20000.0ms, connectTimeoutMS: 20000.0ms),SSL handshake failed: ac-8xlp2xc-shard-00-00.nc9rsuw.mongodb.net:27017: [SSL: TLSV1_ALERT_INTERNAL_ERROR] tlsv1 alert internal error (_ssl.c:1129) (configured timeouts: socketTimeoutMS: 20000.0ms, connectTimeoutMS: 20000.0ms), Timeout: 10.0s, Topology Description: <TopologyDescription id: 69e22f3fed403a7ca528fedf, topology_type: ReplicaSetNoPrimary, servers: [<ServerDescription ('ac-8xlp2xc-shard-00-00.nc9rsuw.mongodb.net', 27017) server_type: Unknown, rtt: None, error=AutoReconnect('SSL handshake failed: ac-8xlp2xc-shard-00-00.nc9rsuw.mongodb.net:27017: [SSL: TLSV1_ALERT_INTERNAL_ERROR] tlsv1 alert internal error (_ssl.c:1129) (configured timeouts: socketTimeoutMS: 20000.0ms, connectTimeoutMS: 20000.0ms)')>, <ServerDescription ('ac-8xlp2xc-shard-00-01.nc9rsuw.mongodb.net', 27017) server_type: Unknown, rtt: None, error=AutoReconnect('SSL handshake failed: ac-8xlp2xc-shard-00-01.nc9rsuw.mongodb.net:27017: [SSL: TLSV1_ALERT_INTERNAL_ERROR] tlsv1 alert internal error (_ssl.c:1129) (configured timeouts: socketTimeoutMS: 20000.0ms, connectTimeoutMS: 20000.0ms)')>, <ServerDescription ('ac-8xlp2xc-shard-00-02.nc9rsuw.mongodb.net', 27017) server_type: Unknown, rtt: None, error=AutoReconnect('SSL handshake failed: ac-8xlp2xc-shard-00-02.nc9rsuw.mongodb.net:27017: [SSL: TLSV1_ALERT_INTERNAL_ERROR] tlsv1 alert internal error (_ssl.c:1129) (configured timeouts: socketTimeoutMS: 20000.0ms, connectTimeoutMS: 20000.0ms)')>]>. Falling back to JSON.
05:42:29 - BidAgent - WARNING - Failed to load memory from MongoDB: SSL handshake failed: ac-8xlp2xc-shard-00-01.nc9rsuw.mongodb.net:27017: [SSL: TLSV1_ALERT_INTERNAL_ERROR] tlsv1 alert internal error (_ssl.c:1129) (configured timeouts: socketTimeoutMS: 20000.0ms, connectTimeoutMS: 20000.0ms),SSL handshake failed: ac-8xlp2xc-shard-00-02.nc9rsuw.mongodb.net:27017: [SSL: TLSV1_ALERT_INTERNAL_ERROR] tlsv1 alert internal error (_ssl.c:1129) (configured timeouts: socketTimeoutMS: 20000.0ms, connectTimeoutMS: 20000.0ms),SSL handshake failed: ac-8xlp2xc-shard-00-00.nc9rsuw.mongodb.net:27017: [SSL: TLSV1_ALERT_INTERNAL_ERROR] tlsv1 alert internal error (_ssl.c:1129) (configured timeouts: socketTimeoutMS: 20000.0ms, connectTimeoutMS: 20000.0ms), Timeout: 10.0s, Topology Description: <TopologyDescription id: 69e22f3fed403a7ca528fedf, topology_type: ReplicaSetNoPrimary, servers: [<ServerDescription ('ac-8xlp2xc-shard-00-00.nc9rsuw.mongodb.net', 27017) server_type: Unknown, rtt: None, error=AutoReconnect('SSL handshake failed: ac-8xlp2xc-shard-00-00.nc9rsuw.mongodb.net:27017: [SSL: TLSV1_ALERT_INTERNAL_ERROR] tlsv1 alert internal error (_ssl.c:1129) (configured timeouts: socketTimeoutMS: 20000.0ms, connectTimeoutMS: 20000.0ms)')>, <ServerDescription ('ac-8xlp2xc-shard-00-01.nc9rsuw.mongodb.net', 27017) server_type: Unknown, rtt: None, error=AutoReconnect('SSL handshake failed: ac-8xlp2xc-shard-00-01.nc9rsuw.mongodb.net:27017: [SSL: TLSV1_ALERT_INTERNAL_ERROR] tlsv1 alert internal error (_ssl.c:1129) (configured timeouts: socketTimeoutMS: 20000.0ms, connectTimeoutMS: 20000.0ms)')>, <ServerDescription ('ac-8xlp2xc-shard-00-02.nc9rsuw.mongodb.net', 27017) server_type: Unknown, rtt: None, error=AutoReconnect('SSL handshake failed: ac-8xlp2xc-shard-00-02.nc9rsuw.mongodb.net:27017: [SSL: TLSV1_ALERT_INTERNAL_ERROR] tlsv1 alert internal error (_ssl.c:1129) (configured timeouts: socketTimeoutMS: 20000.0ms, connectTimeoutMS: 20000.0ms)')>]>. Falling back to JSON.
05:42:40 - BidAgent - WARNING - Failed to load memory from MongoDB: SSL handshake failed: ac-8xlp2xc-shard-00-01.nc9rsuw.mongodb.net:27017: [SSL: TLSV1_ALERT_INTERNAL_ERROR] tlsv1 alert internal error (_ssl.c:1129) (configured timeouts: socketTimeoutMS: 20000.0ms, connectTimeoutMS: 20000.0ms),SSL handshake failed: ac-8xlp2xc-shard-00-02.nc9rsuw.mongodb.net:27017: [SSL: TLSV1_ALERT_INTERNAL_ERROR] tlsv1 alert internal error (_ssl.c:1129) (configured timeouts: socketTimeoutMS: 20000.0ms, connectTimeoutMS: 20000.0ms),SSL handshake failed: ac-8xlp2xc-shard-00-00.nc9rsuw.mongodb.net:27017: [SSL: TLSV1_ALERT_INTERNAL_ERROR] tlsv1 alert internal error (_ssl.c:1129) (configured timeouts: socketTimeoutMS: 20000.0ms, connectTimeoutMS: 20000.0ms), Timeout: 10.0s, Topology Description: <TopologyDescription id: 69e22f3fed403a7ca528fedf, topology_type: ReplicaSetNoPrimary, servers: [<ServerDescription ('ac-8xlp2xc-shard-00-00.nc9rsuw.mongodb.net', 27017) server_type: Unknown, rtt: None, error=AutoReconnect('SSL handshake failed: ac-8xlp2xc-shard-00-00.nc9rsuw.mongodb.net:27017: [SSL: TLSV1_ALERT_INTERNAL_ERROR] tlsv1 alert internal error (_ssl.c:1129) (configured timeouts: socketTimeoutMS: 20000.0ms, connectTimeoutMS: 20000.0ms)')>, <ServerDescription ('ac-8xlp2xc-shard-00-01.nc9rsuw.mongodb.net', 27017) server_type: Unknown, rtt: None, error=AutoReconnect('SSL handshake failed: ac-8xlp2xc-shard-00-01.nc9rsuw.mongodb.net:27017: [SSL: TLSV1_ALERT_INTERNAL_ERROR] tlsv1 alert internal error (_ssl.c:1129) (configured timeouts: socketTimeoutMS: 20000.0ms, connectTimeoutMS: 20000.0ms)')>, <ServerDescription ('ac-8xlp2xc-shard-00-02.nc9rsuw.mongodb.net', 27017) server_type: Unknown, rtt: None, error=AutoReconnect('SSL handshake failed: ac-8xlp2xc-shard-00-02.nc9rsuw.mongodb.net:27017: [SSL: TLSV1_ALERT_INTERNAL_ERROR] tlsv1 alert internal error (_ssl.c:1129) (configured timeouts: socketTimeoutMS: 20000.0ms, connectTimeoutMS: 20000.0ms)')>]>. Falling back to JSON.
05:42:50 - BidAgent - ERROR - Failed to save memory to MongoDB: SSL handshake failed: ac-8xlp2xc-shard-00-01.nc9rsuw.mongodb.net:27017: [SSL: TLSV1_ALERT_INTERNAL_ERROR] tlsv1 alert internal error (_ssl.c:1129) (configured timeouts: socketTimeoutMS: 20000.0ms, connectTimeoutMS: 20000.0ms),SSL handshake failed: ac-8xlp2xc-shard-00-02.nc9rsuw.mongodb.net:27017: [SSL: TLSV1_ALERT_INTERNAL_ERROR] tlsv1 alert internal error (_ssl.c:1129) (configured timeouts: socketTimeoutMS: 20000.0ms, connectTimeoutMS: 20000.0ms),SSL handshake failed: ac-8xlp2xc-shard-00-00.nc9rsuw.mongodb.net:27017: [SSL: TLSV1_ALERT_INTERNAL_ERROR] tlsv1 alert internal error (_ssl.c:1129) (configured timeouts: socketTimeoutMS: 20000.0ms, connectTimeoutMS: 20000.0ms), Timeout: 10.0s, Topology Description: <TopologyDescription id: 69e22f3fed403a7ca528fedf, topology_type: ReplicaSetNoPrimary, servers: [<ServerDescription ('ac-8xlp2xc-shard-00-00.nc9rsuw.mongodb.net', 27017) server_type: Unknown, rtt: None, error=AutoReconnect('SSL handshake failed: ac-8xlp2xc-shard-00-00.nc9rsuw.mongodb.net:27017: [SSL: TLSV1_ALERT_INTERNAL_ERROR] tlsv1 alert internal error (_ssl.c:1129) (configured timeouts: socketTimeoutMS: 20000.0ms, connectTimeoutMS: 20000.0ms)')>, <ServerDescription ('ac-8xlp2xc-shard-00-01.nc9rsuw.mongodb.net', 27017) server_type: Unknown, rtt: None, error=AutoReconnect('SSL handshake failed: ac-8xlp2xc-shard-00-01.nc9rsuw.mongodb.net:27017: [SSL: TLSV1_ALERT_INTERNAL_ERROR] tlsv1 alert internal error (_ssl.c:1129) (configured timeouts: socketTimeoutMS: 20000.0ms, connectTimeoutMS: 20000.0ms)')>, <ServerDescription ('ac-8xlp2xc-shard-00-02.nc9rsuw.mongodb.net', 27017) server_type: Unknown, rtt: None, error=AutoReconnect('SSL handshake failed: ac-8xlp2xc-shard-00-02.nc9rsuw.mongodb.net:27017: [SSL: TLSV1_ALERT_INTERNAL_ERROR] tlsv1 alert internal error (_ssl.c:1129) (configured timeouts: socketTimeoutMS: 20000.0ms, connectTimeoutMS: 20000.0ms)')>]>
05:42:50 - httpx - INFO - HTTP Request: POST https://tevdxaufsnpsbvvurddg.supabase.co/rest/v1/memory_store?on_conflict=id "HTTP/2 200 OK"
05:43:00 - BidAgent - WARNING - Failed to load memory from MongoDB: SSL handshake failed: ac-8xlp2xc-shard-00-01.nc9rsuw.mongodb.net:27017: [SSL: TLSV1_ALERT_INTERNAL_ERROR] tlsv1 alert internal error (_ssl.c:1129) (configured timeouts: socketTimeoutMS: 20000.0ms, connectTimeoutMS: 20000.0ms),SSL handshake failed: ac-8xlp2xc-shard-00-02.nc9rsuw.mongodb.net:27017: [SSL: TLSV1_ALERT_INTERNAL_ERROR] tlsv1 alert internal error (_ssl.c:1129) (configured timeouts: socketTimeoutMS: 20000.0ms, connectTimeoutMS: 20000.0ms),SSL handshake failed: ac-8xlp2xc-shard-00-00.nc9rsuw.mongodb.net:27017: [SSL: TLSV1_ALERT_INTERNAL_ERROR] tlsv1 alert internal error (_ssl.c:1129) (configured timeouts: socketTimeoutMS: 20000.0ms, connectTimeoutMS: 20000.0ms), Timeout: 10.0s, Topology Description: <TopologyDescription id: 69e22f3fed403a7ca528fedf, topology_type: ReplicaSetNoPrimary, servers: [<ServerDescription ('ac-8xlp2xc-shard-00-00.nc9rsuw.mongodb.net', 27017) server_type: Unknown, rtt: None, error=AutoReconnect('SSL handshake failed: ac-8xlp2xc-shard-00-00.nc9rsuw.mongodb.net:27017: [SSL: TLSV1_ALERT_INTERNAL_ERROR] tlsv1 alert internal error (_ssl.c:1129) (configured timeouts: socketTimeoutMS: 20000.0ms, connectTimeoutMS: 20000.0ms)')>, <ServerDescription ('ac-8xlp2xc-shard-00-01.nc9rsuw.mongodb.net', 27017) server_type: Unknown, rtt: None, error=AutoReconnect('SSL handshake failed: ac-8xlp2xc-shard-00-01.nc9rsuw.mongodb.net:27017: [SSL: TLSV1_ALERT_INTERNAL_ERROR] tlsv1 alert internal error (_ssl.c:1129) (configured timeouts: socketTimeoutMS: 20000.0ms, connectTimeoutMS: 20000.0ms)')>, <ServerDescription ('ac-8xlp2xc-shard-00-02.nc9rsuw.mongodb.net', 27017) server_type: Unknown, rtt: None, error=AutoReconnect('SSL handshake failed: ac-8xlp2xc-shard-00-02.nc9rsuw.mongodb.net:27017: [SSL: TLSV1_ALERT_INTERNAL_ERROR] tlsv1 alert internal error (_ssl.c:1129) (configured timeouts: socketTimeoutMS: 20000.0ms, connectTimeoutMS: 20000.0ms)')>]>. Falling back to JSON.
05:43:10 - BidAgent - ERROR - Failed to save memory to MongoDB: SSL handshake failed: ac-8xlp2xc-shard-00-01.nc9rsuw.mongodb.net:27017: [SSL: TLSV1_ALERT_INTERNAL_ERROR] tlsv1 alert internal error (_ssl.c:1129) (configured timeouts: socketTimeoutMS: 20000.0ms, connectTimeoutMS: 20000.0ms),SSL handshake failed: ac-8xlp2xc-shard-00-02.nc9rsuw.mongodb.net:27017: [SSL: TLSV1_ALERT_INTERNAL_ERROR] tlsv1 alert internal error (_ssl.c:1129) (configured timeouts: socketTimeoutMS: 20000.0ms, connectTimeoutMS: 20000.0ms),SSL handshake failed: ac-8xlp2xc-shard-00-00.nc9rsuw.mongodb.net:27017: [SSL: TLSV1_ALERT_INTERNAL_ERROR] tlsv1 alert internal error (_ssl.c:1129) (configured timeouts: socketTimeoutMS: 20000.0ms, connectTimeoutMS: 20000.0ms), Timeout: 10.0s, Topology Description: <TopologyDescription id: 69e22f3fed403a7ca528fedf, topology_type: ReplicaSetNoPrimary, servers: [<ServerDescription ('ac-8xlp2xc-shard-00-00.nc9rsuw.mongodb.net', 27017) server_type: Unknown, rtt: None, error=AutoReconnect('SSL handshake failed: ac-8xlp2xc-shard-00-00.nc9rsuw.mongodb.net:27017: [SSL: TLSV1_ALERT_INTERNAL_ERROR] tlsv1 alert internal error (_ssl.c:1129) (configured timeouts: socketTimeoutMS: 20000.0ms, connectTimeoutMS: 20000.0ms)')>, <ServerDescription ('ac-8xlp2xc-shard-00-01.nc9rsuw.mongodb.net', 27017) server_type: Unknown, rtt: None, error=AutoReconnect('SSL handshake failed: ac-8xlp2xc-shard-00-01.nc9rsuw.mongodb.net:27017: [SSL: TLSV1_ALERT_INTERNAL_ERROR] tlsv1 alert internal error (_ssl.c:1129) (configured timeouts: socketTimeoutMS: 20000.0ms, connectTimeoutMS: 20000.0ms)')>, <ServerDescription ('ac-8xlp2xc-shard-00-02.nc9rsuw.mongodb.net', 27017) server_type: Unknown, rtt: None, error=AutoReconnect('SSL handshake failed: ac-8xlp2xc-shard-00-02.nc9rsuw.mongodb.net:27017: [SSL: TLSV1_ALERT_INTERNAL_ERROR] tlsv1 alert internal error (_ssl.c:1129) (configured timeouts: socketTimeoutMS: 20000.0ms, connectTimeoutMS: 20000.0ms)')>]>
05:43:11 - httpx - INFO - HTTP Request: POST https://tevdxaufsnpsbvvurddg.supabase.co/rest/v1/memory_store?on_conflict=id "HTTP/2 200 OK"
05:43:21 - BidAgent - WARNING - Failed to load memory from MongoDB: SSL handshake failed: ac-8xlp2xc-shard-00-01.nc9rsuw.mongodb.net:27017: [SSL: TLSV1_ALERT_INTERNAL_ERROR] tlsv1 alert internal error (_ssl.c:1129) (configured timeouts: socketTimeoutMS: 20000.0ms, connectTimeoutMS: 20000.0ms),SSL handshake failed: ac-8xlp2xc-shard-00-02.nc9rsuw.mongodb.net:27017: [SSL: TLSV1_ALERT_INTERNAL_ERROR] tlsv1 alert internal error (_ssl.c:1129) (configured timeouts: socketTimeoutMS: 20000.0ms, connectTimeoutMS: 20000.0ms),SSL handshake failed: ac-8xlp2xc-shard-00-00.nc9rsuw.mongodb.net:27017: [SSL: TLSV1_ALERT_INTERNAL_ERROR] tlsv1 alert internal error (_ssl.c:1129) (configured timeouts: socketTimeoutMS: 20000.0ms, connectTimeoutMS: 20000.0ms), Timeout: 10.0s, Topology Description: <TopologyDescription id: 69e22f3fed403a7ca528fedf, topology_type: ReplicaSetNoPrimary, servers: [<ServerDescription ('ac-8xlp2xc-shard-00-00.nc9rsuw.mongodb.net', 27017) server_type: Unknown, rtt: None, error=AutoReconnect('SSL handshake failed: ac-8xlp2xc-shard-00-00.nc9rsuw.mongodb.net:27017: [SSL: TLSV1_ALERT_INTERNAL_ERROR] tlsv1 alert internal error (_ssl.c:1129) (configured timeouts: socketTimeoutMS: 20000.0ms, connectTimeoutMS: 20000.0ms)')>, <ServerDescription ('ac-8xlp2xc-shard-00-01.nc9rsuw.mongodb.net', 27017) server_type: Unknown, rtt: None, error=AutoReconnect('SSL handshake failed: ac-8xlp2xc-shard-00-01.nc9rsuw.mongodb.net:27017: [SSL: TLSV1_ALERT_INTERNAL_ERROR] tlsv1 alert internal error (_ssl.c:1129) (configured timeouts: socketTimeoutMS: 20000.0ms, connectTimeoutMS: 20000.0ms)')>, <ServerDescription ('ac-8xlp2xc-shard-00-02.nc9rsuw.mongodb.net', 27017) server_type: Unknown, rtt: None, error=AutoReconnect('SSL handshake failed: ac-8xlp2xc-shard-00-02.nc9rsuw.mongodb.net:27017: [SSL: TLSV1_ALERT_INTERNAL_ERROR] tlsv1 alert internal error (_ssl.c:1129) (configured timeouts: socketTimeoutMS: 20000.0ms, connectTimeoutMS: 20000.0ms)')>]>. Falling back to JSON.
05:43:31 - BidAgent - ERROR - Failed to save memory to MongoDB: SSL handshake failed: ac-8xlp2xc-shard-00-01.nc9rsuw.mongodb.net:27017: [SSL: TLSV1_ALERT_INTERNAL_ERROR] tlsv1 alert internal error (_ssl.c:1129) (configured timeouts: socketTimeoutMS: 20000.0ms, connectTimeoutMS: 20000.0ms),SSL handshake failed: ac-8xlp2xc-shard-00-02.nc9rsuw.mongodb.net:27017: [SSL: TLSV1_ALERT_INTERNAL_ERROR] tlsv1 alert internal error (_ssl.c:1129) (configured timeouts: socketTimeoutMS: 20000.0ms, connectTimeoutMS: 20000.0ms),SSL handshake failed: ac-8xlp2xc-shard-00-00.nc9rsuw.mongodb.net:27017: [SSL: TLSV1_ALERT_INTERNAL_ERROR] tlsv1 alert internal error (_ssl.c:1129) (configured timeouts: socketTimeoutMS: 20000.0ms, connectTimeoutMS: 20000.0ms), Timeout: 10.0s, Topology Description: <TopologyDescription id: 69e22f3fed403a7ca528fedf, topology_type: ReplicaSetNoPrimary, servers: [<ServerDescription ('ac-8xlp2xc-shard-00-00.nc9rsuw.mongodb.net', 27017) server_type: Unknown, rtt: None, error=AutoReconnect('SSL handshake failed: ac-8xlp2xc-shard-00-00.nc9rsuw.mongodb.net:27017: [SSL: TLSV1_ALERT_INTERNAL_ERROR] tlsv1 alert internal error (_ssl.c:1129) (configured timeouts: socketTimeoutMS: 20000.0ms, connectTimeoutMS: 20000.0ms)')>, <ServerDescription ('ac-8xlp2xc-shard-00-01.nc9rsuw.mongodb.net', 27017) server_type: Unknown, rtt: None, error=AutoReconnect('SSL handshake failed: ac-8xlp2xc-shard-00-01.nc9rsuw.mongodb.net:27017: [SSL: TLSV1_ALERT_INTERNAL_ERROR] tlsv1 alert internal error (_ssl.c:1129) (configured timeouts: socketTimeoutMS: 20000.0ms, connectTimeoutMS: 20000.0ms)')>, <ServerDescription ('ac-8xlp2xc-shard-00-02.nc9rsuw.mongodb.net', 27017) server_type: Unknown, rtt: None, error=AutoReconnect('SSL handshake failed: ac-8xlp2xc-shard-00-02.nc9rsuw.mongodb.net:27017: [SSL: TLSV1_ALERT_INTERNAL_ERROR] tlsv1 alert internal error (_ssl.c:1129) (configured timeouts: socketTimeoutMS: 20000.0ms, connectTimeoutMS: 20000.0ms)')>]>
05:43:31 - httpx - INFO - HTTP Request: POST https://tevdxaufsnpsbvvurddg.supabase.co/rest/v1/memory_store?on_conflict=id "HTTP/2 200 OK"
05:43:31 - BidAgent - INFO - Strategy: Target CPA — PROTECT_BUDGET | CPM: €0.48 | tROAS: 4.0x | tCPA: €247.13
05:43:31 - AgentOrchestrator - INFO - Executing Tier 6: ['AdsAgent', 'MonetizationAgent', 'SwarmAgent_04_CONTROL', 'SwarmAgent_11_CONTROL', 'SwarmAgent_18_CONTROL', 'SwarmAgent_25_CONTROL', 'SwarmAgent_32_CONTROL', 'SwarmAgent_39_CONTROL', 'SwarmAgent_46_CONTROL', 'SwarmAgent_53_CONTROL', 'SwarmAgent_60_CONTROL', 'SwarmAgent_67_CONTROL', 'SwarmAgent_74_CONTROL', 'SwarmAgent_81_CONTROL', 'SwarmAgent_88_CONTROL', 'SwarmAgent_95_CONTROL']
05:43:31 - AdsAgent - INFO - Generating Performance Max Asset Groups & Ad Campaigns...
05:43:31 - TelemetryManager - INFO - [TELEMETRY] AdsAgent emitted AD_STRATEGY_GENERATION for AD_ADS_ADVERTISE
05:43:31 - AdsAgent - INFO - Generated 3 standard ads + PMax group 'PMax_Group_AdTech_Professi' (8 headlines, signal: BUILDING)
05:43:31 - MonetizationAgent - INFO - Running Monetization Analysis...
05:43:31 - SwarmAgent_04_CONTROL - INFO - [CONTROL] Executing SEO Micro-task: Domain Research
05:43:31 - SwarmAgent_11_CONTROL - INFO - [CONTROL] Executing SEO Micro-task: SEO Audit
05:43:31 - SwarmAgent_18_CONTROL - INFO - [CONTROL] Executing SEO Micro-task: Domain Research
05:43:31 - SwarmAgent_25_CONTROL - INFO - [CONTROL] Executing SEO Micro-task: Keyword Sync
05:43:31 - SwarmAgent_32_CONTROL - INFO - [CONTROL] Executing SEO Micro-task: Domain Research
05:43:31 - SwarmAgent_39_CONTROL - INFO - [CONTROL] Executing SEO Micro-task: Domain Research
05:43:31 - SwarmAgent_46_CONTROL - INFO - [CONTROL] Executing SEO Micro-task: SEO Audit
05:43:31 - SwarmAgent_53_CONTROL - INFO - [CONTROL] Executing SEO Micro-task: Domain Research
05:43:31 - SwarmAgent_60_CONTROL - INFO - [CONTROL] Executing SEO Micro-task: Market Probe
05:43:31 - SwarmAgent_67_CONTROL - INFO - [CONTROL] Executing SEO Micro-task: Market Probe
05:43:31 - SwarmAgent_74_CONTROL - INFO - [CONTROL] Executing SEO Micro-task: Market Probe
05:43:31 - SwarmAgent_81_CONTROL - INFO - [CONTROL] Executing SEO Micro-task: Market Probe
05:43:31 - SwarmAgent_88_CONTROL - INFO - [CONTROL] Executing SEO Micro-task: Keyword Sync
05:43:31 - SwarmAgent_95_CONTROL - INFO - [CONTROL] Executing SEO Micro-task: Keyword Sync
05:43:31 - AgentOrchestrator - INFO - Executing Tier 7: ['AutonomousIntelligenceAgent']
05:43:31 - httpx - INFO - HTTP Request: POST https://tevdxaufsnpsbvvurddg.supabase.co/rest/v1/telemetry?columns=%22id%22%2C%22event_data%22%2C%22recorded_at%22 "HTTP/2 201 Created"
05:43:31 - AutonomousIntelligenceAgent - INFO - Overseeing Ecosystem...
05:43:42 - TelemetryManager - WARNING - MongoDB telemetry sync failed: SSL handshake failed: ac-8xlp2xc-shard-00-01.nc9rsuw.mongodb.net:27017: [SSL: TLSV1_ALERT_INTERNAL_ERROR] tlsv1 alert internal error (_ssl.c:1129) (configured timeouts: socketTimeoutMS: 20000.0ms, connectTimeoutMS: 20000.0ms),SSL handshake failed: ac-8xlp2xc-shard-00-02.nc9rsuw.mongodb.net:27017: [SSL: TLSV1_ALERT_INTERNAL_ERROR] tlsv1 alert internal error (_ssl.c:1129) (configured timeouts: socketTimeoutMS: 20000.0ms, connectTimeoutMS: 20000.0ms),SSL handshake failed: ac-8xlp2xc-shard-00-00.nc9rsuw.mongodb.net:27017: [SSL: TLSV1_ALERT_INTERNAL_ERROR] tlsv1 alert internal error (_ssl.c:1129) (configured timeouts: socketTimeoutMS: 20000.0ms, connectTimeoutMS: 20000.0ms), Timeout: 10.0s, Topology Description: <TopologyDescription id: 69e22f3fed403a7ca528fedf, topology_type: ReplicaSetNoPrimary, servers: [<ServerDescription ('ac-8xlp2xc-shard-00-00.nc9rsuw.mongodb.net', 27017) server_type: Unknown, rtt: None, error=AutoReconnect('SSL handshake failed: ac-8xlp2xc-shard-00-00.nc9rsuw.mongodb.net:27017: [SSL: TLSV1_ALERT_INTERNAL_ERROR] tlsv1 alert internal error (_ssl.c:1129) (configured timeouts: socketTimeoutMS: 20000.0ms, connectTimeoutMS: 20000.0ms)')>, <ServerDescription ('ac-8xlp2xc-shard-00-01.nc9rsuw.mongodb.net', 27017) server_type: Unknown, rtt: None, error=AutoReconnect('SSL handshake failed: ac-8xlp2xc-shard-00-01.nc9rsuw.mongodb.net:27017: [SSL: TLSV1_ALERT_INTERNAL_ERROR] tlsv1 alert internal error (_ssl.c:1129) (configured timeouts: socketTimeoutMS: 20000.0ms, connectTimeoutMS: 20000.0ms)')>, <ServerDescription ('ac-8xlp2xc-shard-00-02.nc9rsuw.mongodb.net', 27017) server_type: Unknown, rtt: None, error=AutoReconnect('SSL handshake failed: ac-8xlp2xc-shard-00-02.nc9rsuw.mongodb.net:27017: [SSL: TLSV1_ALERT_INTERNAL_ERROR] tlsv1 alert internal error (_ssl.c:1129) (configured timeouts: socketTimeoutMS: 20000.0ms, connectTimeoutMS: 20000.0ms)')>]>
05:43:42 - AutonomousIntelligenceAgent - WARNING - Failed to load memory from MongoDB: SSL handshake failed: ac-8xlp2xc-shard-00-01.nc9rsuw.mongodb.net:27017: [SSL: TLSV1_ALERT_INTERNAL_ERROR] tlsv1 alert internal error (_ssl.c:1129) (configured timeouts: socketTimeoutMS: 20000.0ms, connectTimeoutMS: 20000.0ms),SSL handshake failed: ac-8xlp2xc-shard-00-02.nc9rsuw.mongodb.net:27017: [SSL: TLSV1_ALERT_INTERNAL_ERROR] tlsv1 alert internal error (_ssl.c:1129) (configured timeouts: socketTimeoutMS: 20000.0ms, connectTimeoutMS: 20000.0ms),SSL handshake failed: ac-8xlp2xc-shard-00-00.nc9rsuw.mongodb.net:27017: [SSL: TLSV1_ALERT_INTERNAL_ERROR] tlsv1 alert internal error (_ssl.c:1129) (configured timeouts: socketTimeoutMS: 20000.0ms, connectTimeoutMS: 20000.0ms), Timeout: 10.0s, Topology Description: <TopologyDescription id: 69e22f3fed403a7ca528fedf, topology_type: ReplicaSetNoPrimary, servers: [<ServerDescription ('ac-8xlp2xc-shard-00-00.nc9rsuw.mongodb.net', 27017) server_type: Unknown, rtt: None, error=AutoReconnect('SSL handshake failed: ac-8xlp2xc-shard-00-00.nc9rsuw.mongodb.net:27017: [SSL: TLSV1_ALERT_INTERNAL_ERROR] tlsv1 alert internal error (_ssl.c:1129) (configured timeouts: socketTimeoutMS: 20000.0ms, connectTimeoutMS: 20000.0ms)')>, <ServerDescription ('ac-8xlp2xc-shard-00-01.nc9rsuw.mongodb.net', 27017) server_type: Unknown, rtt: None, error=AutoReconnect('SSL handshake failed: ac-8xlp2xc-shard-00-01.nc9rsuw.mongodb.net:27017: [SSL: TLSV1_ALERT_INTERNAL_ERROR] tlsv1 alert internal error (_ssl.c:1129) (configured timeouts: socketTimeoutMS: 20000.0ms, connectTimeoutMS: 20000.0ms)')>, <ServerDescription ('ac-8xlp2xc-shard-00-02.nc9rsuw.mongodb.net', 27017) server_type: Unknown, rtt: None, error=AutoReconnect('SSL handshake failed: ac-8xlp2xc-shard-00-02.nc9rsuw.mongodb.net:27017: [SSL: TLSV1_ALERT_INTERNAL_ERROR] tlsv1 alert internal error (_ssl.c:1129) (configured timeouts: socketTimeoutMS: 20000.0ms, connectTimeoutMS: 20000.0ms)')>]>. Falling back to JSON.
05:43:52 - AutonomousIntelligenceAgent - ERROR - Failed to save memory to MongoDB: SSL handshake failed: ac-8xlp2xc-shard-00-01.nc9rsuw.mongodb.net:27017: [SSL: TLSV1_ALERT_INTERNAL_ERROR] tlsv1 alert internal error (_ssl.c:1129) (configured timeouts: socketTimeoutMS: 20000.0ms, connectTimeoutMS: 20000.0ms),SSL handshake failed: ac-8xlp2xc-shard-00-02.nc9rsuw.mongodb.net:27017: [SSL: TLSV1_ALERT_INTERNAL_ERROR] tlsv1 alert internal error (_ssl.c:1129) (configured timeouts: socketTimeoutMS: 20000.0ms, connectTimeoutMS: 20000.0ms),SSL handshake failed: ac-8xlp2xc-shard-00-00.nc9rsuw.mongodb.net:27017: [SSL: TLSV1_ALERT_INTERNAL_ERROR] tlsv1 alert internal error (_ssl.c:1129) (configured timeouts: socketTimeoutMS: 20000.0ms, connectTimeoutMS: 20000.0ms), Timeout: 10.0s, Topology Description: <TopologyDescription id: 69e22f3fed403a7ca528fedf, topology_type: ReplicaSetNoPrimary, servers: [<ServerDescription ('ac-8xlp2xc-shard-00-00.nc9rsuw.mongodb.net', 27017) server_type: Unknown, rtt: None, error=AutoReconnect('SSL handshake failed: ac-8xlp2xc-shard-00-00.nc9rsuw.mongodb.net:27017: [SSL: TLSV1_ALERT_INTERNAL_ERROR] tlsv1 alert internal error (_ssl.c:1129) (configured timeouts: socketTimeoutMS: 20000.0ms, connectTimeoutMS: 20000.0ms)')>, <ServerDescription ('ac-8xlp2xc-shard-00-01.nc9rsuw.mongodb.net', 27017) server_type: Unknown, rtt: None, error=AutoReconnect('SSL handshake failed: ac-8xlp2xc-shard-00-01.nc9rsuw.mongodb.net:27017: [SSL: TLSV1_ALERT_INTERNAL_ERROR] tlsv1 alert internal error (_ssl.c:1129) (configured timeouts: socketTimeoutMS: 20000.0ms, connectTimeoutMS: 20000.0ms)')>, <ServerDescription ('ac-8xlp2xc-shard-00-02.nc9rsuw.mongodb.net', 27017) server_type: Unknown, rtt: None, error=AutoReconnect('SSL handshake failed: ac-8xlp2xc-shard-00-02.nc9rsuw.mongodb.net:27017: [SSL: TLSV1_ALERT_INTERNAL_ERROR] tlsv1 alert internal error (_ssl.c:1129) (configured timeouts: socketTimeoutMS: 20000.0ms, connectTimeoutMS: 20000.0ms)')>]>
05:43:52 - httpx - INFO - HTTP Request: POST https://tevdxaufsnpsbvvurddg.supabase.co/rest/v1/memory_store?on_conflict=id "HTTP/2 200 OK"
05:43:52 - AgentOrchestrator - INFO - Executing Tier 8: ['TelemetryAgent']
05:43:52 - TelemetryAgent - INFO - Synthesizing Market Data Structural Telemetry & External World Connectivity...
05:43:52 - AgentOrchestrator - INFO - Executing Tier 9: ['SixSigmaChampion']
05:43:52 - SixSigmaChampion - INFO - Governing Six Belt Sigma SEO Process...
05:43:52 - AgentOrchestrator - INFO - Executing Tier 10: ['Architect', 'CEO_Backup_00', 'CEO_Backup_01', 'CEO_Backup_02', 'CEO_Backup_03', 'AutonomyExpertImbued', 'SwiftEvolutionExpertImbued']
05:43:52 - Architect - INFO - Analyzing system architecture for daily improvements...
05:43:52 - Architect - INFO - Reviewing proposal from SwarmAgent_00_DEFINE: {'seo_impact_threshold': 0.48}
05:43:52 - Architect - INFO - Reviewing proposal from SwarmAgent_06_AD_TECH_PROBE: {'seo_impact_threshold': 0.48}
05:43:52 - Architect - INFO - Reviewing proposal from SwarmAgent_07_DEFINE: {'seo_impact_threshold': 0.48}
05:43:52 - Architect - INFO - Reviewing proposal from SwarmAgent_19_RESEARCH_WORLD: {'seo_impact_threshold': 0.48}
05:43:52 - Architect - INFO - Reviewing proposal from SwarmAgent_21_DEFINE: {'seo_impact_threshold': 0.48}
05:43:52 - Architect - INFO - Reviewing proposal from SwarmAgent_28_DEFINE: {'seo_impact_threshold': 0.48}
05:43:52 - Architect - INFO - Reviewing proposal from SwarmAgent_33_RESEARCH_WORLD: {'seo_impact_threshold': 0.48}
05:43:52 - Architect - INFO - Reviewing proposal from SwarmAgent_34_AD_TECH_PROBE: {'seo_impact_threshold': 0.48}
05:43:52 - Architect - INFO - Reviewing proposal from SwarmAgent_41_AD_TECH_PROBE: {'seo_impact_threshold': 0.48}
05:43:52 - Architect - INFO - Reviewing proposal from SwarmAgent_47_RESEARCH_WORLD: {'seo_impact_threshold': 0.48}
05:43:52 - Architect - INFO - Reviewing proposal from SwarmAgent_49_DEFINE: {'seo_impact_threshold': 0.48}
05:43:52 - Architect - INFO - Reviewing proposal from SwarmAgent_56_DEFINE: {'seo_impact_threshold': 0.48}
05:43:52 - Architect - INFO - Reviewing proposal from SwarmAgent_69_AD_TECH_PROBE: {'seo_impact_threshold': 0.48}
05:43:52 - Architect - INFO - Reviewing proposal from SwarmAgent_70_DEFINE: {'seo_impact_threshold': 0.48}
05:43:52 - Architect - INFO - Reviewing proposal from SwarmAgent_83_AD_TECH_PROBE: {'seo_impact_threshold': 0.48}
05:43:52 - Architect - INFO - Reviewing proposal from SwarmAgent_84_DEFINE: {'seo_impact_threshold': 0.48}
05:43:52 - Architect - INFO - Reviewing proposal from SwarmAgent_90_AD_TECH_PROBE: {'seo_impact_threshold': 0.48}
05:43:52 - Architect - INFO - Reviewing proposal from SwarmAgent_91_DEFINE: {'seo_impact_threshold': 0.48}
05:43:52 - Architect - INFO - Reviewing proposal from SwarmAgent_01_MEASURE: {'seo_impact_threshold': 0.48}
05:43:52 - Architect - INFO - Reviewing proposal from SwarmAgent_08_MEASURE: {'seo_impact_threshold': 0.48}
05:43:52 - Architect - INFO - Reviewing proposal from SwarmAgent_15_MEASURE: {'seo_impact_threshold': 0.48}
05:43:52 - Architect - INFO - Reviewing proposal from SwarmAgent_16_ANALYZE: {'seo_impact_threshold': 0.48}
05:43:52 - Architect - INFO - Reviewing proposal from SwarmAgent_23_ANALYZE: {'seo_impact_threshold': 0.48}
05:43:52 - Architect - INFO - Reviewing proposal from SwarmAgent_29_MEASURE: {'seo_impact_threshold': 0.48}
05:43:52 - Architect - INFO - Reviewing proposal from SwarmAgent_30_ANALYZE: {'seo_impact_threshold': 0.48}
05:43:52 - Architect - INFO - Reviewing proposal from SwarmAgent_36_MEASURE: {'seo_impact_threshold': 0.48}
05:43:52 - Architect - INFO - Reviewing proposal from SwarmAgent_37_ANALYZE: {'seo_impact_threshold': 0.48}
05:43:52 - Architect - INFO - Reviewing proposal from SwarmAgent_44_ANALYZE: {'seo_impact_threshold': 0.48}
05:43:52 - Architect - INFO - Reviewing proposal from SwarmAgent_50_MEASURE: {'seo_impact_threshold': 0.48}
05:43:52 - Architect - INFO - Reviewing proposal from SwarmAgent_57_MEASURE: {'seo_impact_threshold': 0.48}
05:43:52 - Architect - INFO - Reviewing proposal from SwarmAgent_64_MEASURE: {'seo_impact_threshold': 0.48}
05:43:52 - Architect - INFO - Reviewing proposal from SwarmAgent_65_ANALYZE: {'seo_impact_threshold': 0.48}
05:43:52 - Architect - INFO - Reviewing proposal from SwarmAgent_71_MEASURE: {'seo_impact_threshold': 0.48}
05:43:52 - Architect - INFO - Reviewing proposal from SwarmAgent_72_ANALYZE: {'seo_impact_threshold': 0.48}
05:43:52 - Architect - INFO - Reviewing proposal from SwarmAgent_79_ANALYZE: {'seo_impact_threshold': 0.48}
05:43:52 - Architect - INFO - Reviewing proposal from SwarmAgent_92_MEASURE: {'seo_impact_threshold': 0.48}
05:43:52 - Architect - INFO - Reviewing proposal from SwarmAgent_93_ANALYZE: {'seo_impact_threshold': 0.48}
05:43:52 - Architect - INFO - Reviewing proposal from SwarmAgent_10_IMPROVE: {'seo_impact_threshold': 0.48}
05:43:52 - Architect - INFO - Reviewing proposal from SwarmAgent_17_IMPROVE: {'seo_impact_threshold': 0.48}
05:43:52 - Architect - INFO - Reviewing proposal from SwarmAgent_24_IMPROVE: {'seo_impact_threshold': 0.48}
05:43:52 - Architect - INFO - Reviewing proposal from SwarmAgent_38_IMPROVE: {'seo_impact_threshold': 0.48}
05:43:52 - Architect - INFO - Reviewing proposal from SwarmAgent_45_IMPROVE: {'seo_impact_threshold': 0.48}
05:43:52 - Architect - INFO - Reviewing proposal from SwarmAgent_59_IMPROVE: {'seo_impact_threshold': 0.48}
05:43:52 - Architect - INFO - Reviewing proposal from SwarmAgent_66_IMPROVE: {'seo_impact_threshold': 0.48}
05:43:52 - Architect - INFO - Reviewing proposal from SwarmAgent_73_IMPROVE: {'seo_impact_threshold': 0.48}
05:43:52 - Architect - INFO - Reviewing proposal from SwarmAgent_80_IMPROVE: {'seo_impact_threshold': 0.48}
05:43:52 - Architect - INFO - Reviewing proposal from SwarmAgent_87_IMPROVE: {'seo_impact_threshold': 0.48}
05:43:52 - Architect - INFO - Reviewing proposal from SwarmAgent_94_IMPROVE: {'seo_impact_threshold': 0.48}
05:43:52 - Architect - INFO - Reviewing proposal from SwarmAgent_25_CONTROL: {'seo_impact_threshold': 0.48}
05:43:52 - Architect - INFO - Reviewing proposal from SwarmAgent_53_CONTROL: {'seo_impact_threshold': 0.48}
05:43:52 - Architect - INFO - Reviewing proposal from SwarmAgent_74_CONTROL: {'seo_impact_threshold': 0.48}
05:43:52 - Architect - INFO - Reviewing proposal from SwarmAgent_81_CONTROL: {'seo_impact_threshold': 0.48}
05:43:52 - AgentOrchestrator - ERROR - Error in agent Architect: can only concatenate str (not "float") to str
Traceback (most recent call last):
  File "/Users/filipkeser/Documents/Antigravity/agents/orchestrator.py", line 74, in _run_agent
    "current_tier": 0,
  File "/Users/filipkeser/Documents/Antigravity/agents/architect_agent.py", line 44, in run
    else:
  File "/Users/filipkeser/Documents/Antigravity/agents/architect_agent.py", line 53, in _apply_evolution
TypeError: can only concatenate str (not "float") to str
05:43:52 - CEO_Backup_00 - INFO - Verifying CEO (Champion) integrity...
05:43:52 - CEO_Backup_01 - INFO - Verifying CEO (Champion) integrity...
05:43:52 - CEO_Backup_02 - INFO - Verifying CEO (Champion) integrity...
05:43:52 - CEO_Backup_03 - INFO - Verifying CEO (Champion) integrity...
05:43:52 - AutonomyExpertImbued - INFO - 🤖 Autonomy Expert running diagnostic on background daily cycle...
05:43:52 - AutonomyExpertImbued - INFO - Last autonomous run detected at: 2026-04-17T18:58:10.698252+00:00
05:43:52 - SwiftEvolutionExpertImbued - INFO - Swift Evolution Expert refactoring Agent IDE UI...
05:43:52 - httpx - INFO - HTTP Request: POST https://tevdxaufsnpsbvvurddg.supabase.co/rest/v1/telemetry "HTTP/2 400 Bad Request"
05:43:52 - SwiftEvolutionExpertImbued - WARNING - Failed to push to Supabase: {'message': 'null value in column "id" of relation "telemetry" violates not-null constraint', 'code': '23502', 'hint': None, 'details': 'Failing row contains (null, {"type": "EVOLUTION_SYNC", "message": "Swift Evolution Expert op..., 2026-04-18 03:43:52.364508+00).'}
05:43:52 - AgentOrchestrator - INFO - Executing Tier 11: ['MetaCodingAgent', 'DockerEvolutionAgent']
05:43:52 - MetaCodingAgent - INFO - Performing Meta-Coding Analysis and Autonomous Self-Improvement...
05:43:52 - MetaCodingAgent - INFO - Stable impact detected. Standard maintenance refactor proposed.
05:43:52 - DockerEvolutionAgent - INFO - No system evolution detected. Skipping Docker validation.
05:43:52 - AgentOrchestrator - INFO - Executing Tier 12: ['GitHubEvolutionAgent']
05:43:52 - GitHubEvolutionAgent - INFO - No system evolution. Skipping Git operations.
05:43:52 - httpx - INFO - HTTP Request: POST https://tevdxaufsnpsbvvurddg.supabase.co/rest/v1/github_sync_history "HTTP/2 201 Created"
05:43:52 - GitHubEvolutionAgent - INFO - GitHub sync record written to Supabase: SKIPPED
05:44:02 - GitHubEvolutionAgent - WARNING - MongoDB github_sync write failed: SSL handshake failed: ac-8xlp2xc-shard-00-01.nc9rsuw.mongodb.net:27017: [SSL: TLSV1_ALERT_INTERNAL_ERROR] tlsv1 alert internal error (_ssl.c:1129) (configured timeouts: socketTimeoutMS: 20000.0ms, connectTimeoutMS: 20000.0ms),SSL handshake failed: ac-8xlp2xc-shard-00-02.nc9rsuw.mongodb.net:27017: [SSL: TLSV1_ALERT_INTERNAL_ERROR] tlsv1 alert internal error (_ssl.c:1129) (configured timeouts: socketTimeoutMS: 20000.0ms, connectTimeoutMS: 20000.0ms),SSL handshake failed: ac-8xlp2xc-shard-00-00.nc9rsuw.mongodb.net:27017: [SSL: TLSV1_ALERT_INTERNAL_ERROR] tlsv1 alert internal error (_ssl.c:1129) (configured timeouts: socketTimeoutMS: 20000.0ms, connectTimeoutMS: 20000.0ms), Timeout: 10.0s, Topology Description: <TopologyDescription id: 69e22f3fed403a7ca528fedf, topology_type: ReplicaSetNoPrimary, servers: [<ServerDescription ('ac-8xlp2xc-shard-00-00.nc9rsuw.mongodb.net', 27017) server_type: Unknown, rtt: None, error=AutoReconnect('SSL handshake failed: ac-8xlp2xc-shard-00-00.nc9rsuw.mongodb.net:27017: [SSL: TLSV1_ALERT_INTERNAL_ERROR] tlsv1 alert internal error (_ssl.c:1129) (configured timeouts: socketTimeoutMS: 20000.0ms, connectTimeoutMS: 20000.0ms)')>, <ServerDescription ('ac-8xlp2xc-shard-00-01.nc9rsuw.mongodb.net', 27017) server_type: Unknown, rtt: None, error=AutoReconnect('SSL handshake failed: ac-8xlp2xc-shard-00-01.nc9rsuw.mongodb.net:27017: [SSL: TLSV1_ALERT_INTERNAL_ERROR] tlsv1 alert internal error (_ssl.c:1129) (configured timeouts: socketTimeoutMS: 20000.0ms, connectTimeoutMS: 20000.0ms)')>, <ServerDescription ('ac-8xlp2xc-shard-00-02.nc9rsuw.mongodb.net', 27017) server_type: Unknown, rtt: None, error=AutoReconnect('SSL handshake failed: ac-8xlp2xc-shard-00-02.nc9rsuw.mongodb.net:27017: [SSL: TLSV1_ALERT_INTERNAL_ERROR] tlsv1 alert internal error (_ssl.c:1129) (configured timeouts: socketTimeoutMS: 20000.0ms, connectTimeoutMS: 20000.0ms)')>]>
05:44:02 - AgentOrchestrator - INFO - Executing Tier 13: ['GitKrakenEvolutionAgent']
05:44:02 - GitKrakenEvolutionAgent - INFO - No system evolution for GitKraken sync. Skipping.
05:44:02 - AgentOrchestrator - INFO - Executing Tier 14: ['JulesEvolutionAgent']
05:44:02 - JulesEvolutionAgent - INFO - Jules at your service. Synchronizing all evolution channels and memory...
05:44:02 - httpx - INFO - HTTP Request: POST https://tevdxaufsnpsbvvurddg.supabase.co/rest/v1/sync_logs "HTTP/2 200 OK"
05:44:02 - httpx - INFO - HTTP Request: POST https://tevdxaufsnpsbvvurddg.supabase.co/rest/v1/sync_logs "HTTP/2 200 OK"
05:44:03 - httpx - INFO - HTTP Request: POST https://tevdxaufsnpsbvvurddg.supabase.co/rest/v1/sync_logs "HTTP/2 200 OK"
05:44:03 - JulesEvolutionAgent - INFO - Jules has synced 3 learnings to Supabase.
05:44:13 - JulesEvolutionAgent - WARNING - Jules failed to sync learnings to MongoDB: SSL handshake failed: ac-8xlp2xc-shard-00-01.nc9rsuw.mongodb.net:27017: [SSL: TLSV1_ALERT_INTERNAL_ERROR] tlsv1 alert internal error (_ssl.c:1129) (configured timeouts: socketTimeoutMS: 20000.0ms, connectTimeoutMS: 20000.0ms),SSL handshake failed: ac-8xlp2xc-shard-00-02.nc9rsuw.mongodb.net:27017: [SSL: TLSV1_ALERT_INTERNAL_ERROR] tlsv1 alert internal error (_ssl.c:1129) (configured timeouts: socketTimeoutMS: 20000.0ms, connectTimeoutMS: 20000.0ms),SSL handshake failed: ac-8xlp2xc-shard-00-00.nc9rsuw.mongodb.net:27017: [SSL: TLSV1_ALERT_INTERNAL_ERROR] tlsv1 alert internal error (_ssl.c:1129) (configured timeouts: socketTimeoutMS: 20000.0ms, connectTimeoutMS: 20000.0ms), Timeout: 10.0s, Topology Description: <TopologyDescription id: 69e22f3fed403a7ca528fedf, topology_type: ReplicaSetNoPrimary, servers: [<ServerDescription ('ac-8xlp2xc-shard-00-00.nc9rsuw.mongodb.net', 27017) server_type: Unknown, rtt: None, error=AutoReconnect('SSL handshake failed: ac-8xlp2xc-shard-00-00.nc9rsuw.mongodb.net:27017: [SSL: TLSV1_ALERT_INTERNAL_ERROR] tlsv1 alert internal error (_ssl.c:1129) (configured timeouts: socketTimeoutMS: 20000.0ms, connectTimeoutMS: 20000.0ms)')>, <ServerDescription ('ac-8xlp2xc-shard-00-01.nc9rsuw.mongodb.net', 27017) server_type: Unknown, rtt: None, error=AutoReconnect('SSL handshake failed: ac-8xlp2xc-shard-00-01.nc9rsuw.mongodb.net:27017: [SSL: TLSV1_ALERT_INTERNAL_ERROR] tlsv1 alert internal error (_ssl.c:1129) (configured timeouts: socketTimeoutMS: 20000.0ms, connectTimeoutMS: 20000.0ms)')>, <ServerDescription ('ac-8xlp2xc-shard-00-02.nc9rsuw.mongodb.net', 27017) server_type: Unknown, rtt: None, error=AutoReconnect('SSL handshake failed: ac-8xlp2xc-shard-00-02.nc9rsuw.mongodb.net:27017: [SSL: TLSV1_ALERT_INTERNAL_ERROR] tlsv1 alert internal error (_ssl.c:1129) (configured timeouts: socketTimeoutMS: 20000.0ms, connectTimeoutMS: 20000.0ms)')>]>
05:44:13 - JulesEvolutionAgent - INFO - No evolution actions were required. Jules is standing by.
05:44:13 - AgentOrchestrator - INFO - Execution Cycle Complete.
05:44:13 - AgentOrchestrator - INFO - Starting Peer Review Phase...
05:44:13 - AgentOrchestrator - INFO - Review from ResearchAgent: ['Research data and Google World investigations are fully synchronized.']
05:44:13 - SystemOrchestrator - INFO - Report generated at results/DAILY_REPORT_2026-04-18.md
05:44:13 - SystemOrchestrator - INFO - === Cycle Complete ===
05:44:13 - AutonomousOrchestrator - INFO - Autonomous Evolution Cycle Complete.
05:44:13 - httpx - INFO - HTTP Request: POST https://tevdxaufsnpsbvvurddg.supabase.co/rest/v1/memory_store "HTTP/2 200 OK"
06:00:03 - AutonomousOrchestrator - INFO - Manual trigger detected!
06:00:03 - AutonomousOrchestrator - INFO - Starting Autonomous Evolution Cycle...
06:00:03 - httpx - INFO - HTTP Request: POST https://tevdxaufsnpsbvvurddg.supabase.co/rest/v1/memory_store "HTTP/2 200 OK"
06:00:03 - SystemOrchestrator - INFO - === Starting Massive Synchronized Autonomous Cycle ===
06:00:03 - SystemOrchestrator - INFO - Starting Scraper...
06:00:03 - SystemOrchestrator - ERROR - Scraper failed: Traceback (most recent call last):
  File "/Users/filipkeser/Documents/Antigravity/scraper.py", line 1, in <module>
    import aiohttp
ModuleNotFoundError: No module named 'aiohttp'

06:00:03 - SystemOrchestrator - INFO - Dynamically loaded imbued expert: AutonomyExpertImbued
06:00:03 - SystemOrchestrator - INFO - Dynamically loaded imbued expert: MonetizationExpertImbued
06:00:03 - SystemOrchestrator - INFO - Dynamically loaded imbued expert: SEOExpertImbued
06:00:03 - SystemOrchestrator - INFO - Dynamically loaded imbued expert: SwiftEvolutionExpertImbued
06:00:03 - SystemOrchestrator - INFO - Instantiated ecosystem with 179 autonomous agents (including 4 imbued experts).
06:00:03 - AgentOrchestrator - INFO - Starting Autonomous Execution Cycle (v1.42)...
06:00:03 - AgentOrchestrator - INFO - Executing Tier 1: ['HealthCheckAgent', 'RobotTxtAgent', 'AnalysisAgent', 'SwarmAgent_00_DEFINE', 'SwarmAgent_05_RESEARCH_WORLD', 'SwarmAgent_06_AD_TECH_PROBE', 'SwarmAgent_07_DEFINE', 'SwarmAgent_12_RESEARCH_WORLD', 'SwarmAgent_13_AD_TECH_PROBE', 'SwarmAgent_14_DEFINE', 'SwarmAgent_19_RESEARCH_WORLD', 'SwarmAgent_20_AD_TECH_PROBE', 'SwarmAgent_21_DEFINE', 'SwarmAgent_26_RESEARCH_WORLD', 'SwarmAgent_27_AD_TECH_PROBE', 'SwarmAgent_28_DEFINE', 'SwarmAgent_33_RESEARCH_WORLD', 'SwarmAgent_34_AD_TECH_PROBE', 'SwarmAgent_35_DEFINE', 'SwarmAgent_40_RESEARCH_WORLD', 'SwarmAgent_41_AD_TECH_PROBE', 'SwarmAgent_42_DEFINE', 'SwarmAgent_47_RESEARCH_WORLD', 'SwarmAgent_48_AD_TECH_PROBE', 'SwarmAgent_49_DEFINE', 'SwarmAgent_54_RESEARCH_WORLD', 'SwarmAgent_55_AD_TECH_PROBE', 'SwarmAgent_56_DEFINE', 'SwarmAgent_61_RESEARCH_WORLD', 'SwarmAgent_62_AD_TECH_PROBE', 'SwarmAgent_63_DEFINE', 'SwarmAgent_68_RESEARCH_WORLD', 'SwarmAgent_69_AD_TECH_PROBE', 'SwarmAgent_70_DEFINE', 'SwarmAgent_75_RESEARCH_WORLD', 'SwarmAgent_76_AD_TECH_PROBE', 'SwarmAgent_77_DEFINE', 'SwarmAgent_82_RESEARCH_WORLD', 'SwarmAgent_83_AD_TECH_PROBE', 'SwarmAgent_84_DEFINE', 'SwarmAgent_89_RESEARCH_WORLD', 'SwarmAgent_90_AD_TECH_PROBE', 'SwarmAgent_91_DEFINE', 'SwarmAgent_96_RESEARCH_WORLD', 'SwarmAgent_97_AD_TECH_PROBE', 'SwarmAgent_98_DEFINE', 'System_Backup_00', 'System_Backup_01', 'System_Backup_02', 'System_Backup_03', 'System_Backup_04', 'System_Backup_05', 'System_Backup_06', 'System_Backup_07', 'System_Backup_08', 'System_Backup_09', 'System_Backup_10', 'System_Backup_11', 'System_Backup_12', 'System_Backup_13', 'System_Backup_14', 'System_Backup_15', 'System_Backup_16', 'System_Backup_17', 'System_Backup_18', 'System_Backup_19', 'System_Backup_20', 'System_Backup_21', 'System_Backup_22', 'System_Backup_23', 'System_Backup_24', 'System_Backup_25', 'System_Backup_26', 'System_Backup_27', 'System_Backup_28', 'System_Backup_29', 'System_Backup_30', 'System_Backup_31', 'System_Backup_32', 'System_Backup_33', 'System_Backup_34', 'System_Backup_35', 'System_Backup_36', 'System_Backup_37', 'System_Backup_38', 'System_Backup_39', 'System_Backup_40', 'System_Backup_41', 'System_Backup_42', 'System_Backup_43', 'System_Backup_44', 'System_Backup_45', 'System_Backup_46', 'System_Backup_47', 'System_Backup_48', 'System_Backup_49']
06:00:03 - HealthCheckAgent - INFO - Running Health Check...
06:00:03 - RobotTxtAgent - INFO - Checking robots.txt compliance and secrets...
06:00:03 - RobotTxtAgent - INFO - Fetching https://markposition.wordpress.com/robots.txt
06:00:04 - AnalysisAgent - INFO - Running Analysis...
06:00:04 - TelemetryManager - INFO - [TELEMETRY] AnalysisAgent emitted MARKET_DATA_ANALYSIS for AD_ADS_ADVERTISE
06:00:04 - SwarmAgent_00_DEFINE - INFO - [DEFINE] Executing SEO Micro-task: Keyword Sync
06:00:04 - SwarmAgent_05_RESEARCH_WORLD - INFO - [RESEARCH_WORLD] Executing SEO Micro-task: Market Probe
06:00:04 - SwarmAgent_06_AD_TECH_PROBE - INFO - [AD_TECH_PROBE] Executing SEO Micro-task: Keyword Sync
06:00:04 - SwarmAgent_07_DEFINE - INFO - [DEFINE] Executing SEO Micro-task: SEO Audit
06:00:04 - SwarmAgent_12_RESEARCH_WORLD - INFO - [RESEARCH_WORLD] Executing SEO Micro-task: Keyword Sync
06:00:04 - SwarmAgent_13_AD_TECH_PROBE - INFO - [AD_TECH_PROBE] Executing SEO Micro-task: Keyword Sync
06:00:04 - SwarmAgent_14_DEFINE - INFO - [DEFINE] Executing SEO Micro-task: SEO Audit
06:00:04 - SwarmAgent_19_RESEARCH_WORLD - INFO - [RESEARCH_WORLD] Executing SEO Micro-task: Market Probe
06:00:04 - SwarmAgent_20_AD_TECH_PROBE - INFO - [AD_TECH_PROBE] Executing SEO Micro-task: Keyword Sync
06:00:04 - SwarmAgent_21_DEFINE - INFO - [DEFINE] Executing SEO Micro-task: Market Probe
06:00:04 - SwarmAgent_26_RESEARCH_WORLD - INFO - [RESEARCH_WORLD] Executing SEO Micro-task: Domain Research
06:00:04 - SwarmAgent_27_AD_TECH_PROBE - INFO - [AD_TECH_PROBE] Executing SEO Micro-task: SEO Audit
06:00:04 - SwarmAgent_28_DEFINE - INFO - [DEFINE] Executing SEO Micro-task: Domain Research
06:00:04 - SwarmAgent_33_RESEARCH_WORLD - INFO - [RESEARCH_WORLD] Executing SEO Micro-task: Domain Research
06:00:04 - SwarmAgent_34_AD_TECH_PROBE - INFO - [AD_TECH_PROBE] Executing SEO Micro-task: Market Probe
06:00:04 - SwarmAgent_35_DEFINE - INFO - [DEFINE] Executing SEO Micro-task: Keyword Sync
06:00:04 - SwarmAgent_40_RESEARCH_WORLD - INFO - [RESEARCH_WORLD] Executing SEO Micro-task: Keyword Sync
06:00:04 - SwarmAgent_41_AD_TECH_PROBE - INFO - [AD_TECH_PROBE] Executing SEO Micro-task: Keyword Sync
06:00:04 - SwarmAgent_42_DEFINE - INFO - [DEFINE] Executing SEO Micro-task: Domain Research
06:00:04 - SwarmAgent_47_RESEARCH_WORLD - INFO - [RESEARCH_WORLD] Executing SEO Micro-task: SEO Audit
06:00:04 - SwarmAgent_48_AD_TECH_PROBE - INFO - [AD_TECH_PROBE] Executing SEO Micro-task: Domain Research
06:00:04 - SwarmAgent_49_DEFINE - INFO - [DEFINE] Executing SEO Micro-task: SEO Audit
06:00:04 - SwarmAgent_54_RESEARCH_WORLD - INFO - [RESEARCH_WORLD] Executing SEO Micro-task: Market Probe
06:00:04 - SwarmAgent_55_AD_TECH_PROBE - INFO - [AD_TECH_PROBE] Executing SEO Micro-task: Keyword Sync
06:00:04 - SwarmAgent_56_DEFINE - INFO - [DEFINE] Executing SEO Micro-task: SEO Audit
06:00:04 - SwarmAgent_61_RESEARCH_WORLD - INFO - [RESEARCH_WORLD] Executing SEO Micro-task: SEO Audit
06:00:04 - SwarmAgent_62_AD_TECH_PROBE - INFO - [AD_TECH_PROBE] Executing SEO Micro-task: SEO Audit
06:00:04 - SwarmAgent_63_DEFINE - INFO - [DEFINE] Executing SEO Micro-task: Keyword Sync
06:00:04 - SwarmAgent_68_RESEARCH_WORLD - INFO - [RESEARCH_WORLD] Executing SEO Micro-task: Keyword Sync
06:00:04 - SwarmAgent_69_AD_TECH_PROBE - INFO - [AD_TECH_PROBE] Executing SEO Micro-task: SEO Audit
06:00:04 - SwarmAgent_70_DEFINE - INFO - [DEFINE] Executing SEO Micro-task: Market Probe
06:00:04 - SwarmAgent_75_RESEARCH_WORLD - INFO - [RESEARCH_WORLD] Executing SEO Micro-task: Market Probe
06:00:04 - SwarmAgent_76_AD_TECH_PROBE - INFO - [AD_TECH_PROBE] Executing SEO Micro-task: Domain Research
06:00:04 - SwarmAgent_77_DEFINE - INFO - [DEFINE] Executing SEO Micro-task: Keyword Sync
06:00:04 - SwarmAgent_82_RESEARCH_WORLD - INFO - [RESEARCH_WORLD] Executing SEO Micro-task: Keyword Sync
06:00:04 - SwarmAgent_83_AD_TECH_PROBE - INFO - [AD_TECH_PROBE] Executing SEO Micro-task: Market Probe
06:00:04 - SwarmAgent_84_DEFINE - INFO - [DEFINE] Executing SEO Micro-task: Domain Research
06:00:04 - SwarmAgent_89_RESEARCH_WORLD - INFO - [RESEARCH_WORLD] Executing SEO Micro-task: SEO Audit
06:00:04 - SwarmAgent_90_AD_TECH_PROBE - INFO - [AD_TECH_PROBE] Executing SEO Micro-task: SEO Audit
06:00:04 - SwarmAgent_91_DEFINE - INFO - [DEFINE] Executing SEO Micro-task: SEO Audit
06:00:04 - SwarmAgent_96_RESEARCH_WORLD - INFO - [RESEARCH_WORLD] Executing SEO Micro-task: SEO Audit
06:00:04 - SwarmAgent_97_AD_TECH_PROBE - INFO - [AD_TECH_PROBE] Executing SEO Micro-task: SEO Audit
06:00:04 - SwarmAgent_98_DEFINE - INFO - [DEFINE] Executing SEO Micro-task: Keyword Sync
06:00:04 - System_Backup_00 - INFO - [FAILOVER] Redundancy active. Monitoring state...
06:00:04 - System_Backup_01 - INFO - [FAILOVER] Redundancy active. Monitoring state...
06:00:04 - System_Backup_02 - INFO - [FAILOVER] Redundancy active. Monitoring state...
06:00:04 - System_Backup_03 - INFO - [FAILOVER] Redundancy active. Monitoring state...
06:00:04 - System_Backup_04 - INFO - [FAILOVER] Redundancy active. Monitoring state...
06:00:04 - System_Backup_05 - INFO - [FAILOVER] Redundancy active. Monitoring state...
06:00:04 - System_Backup_06 - INFO - [FAILOVER] Redundancy active. Monitoring state...
06:00:04 - System_Backup_07 - INFO - [FAILOVER] Redundancy active. Monitoring state...
06:00:04 - System_Backup_08 - INFO - [FAILOVER] Redundancy active. Monitoring state...
06:00:04 - System_Backup_09 - INFO - [FAILOVER] Redundancy active. Monitoring state...
06:00:04 - System_Backup_10 - INFO - [FAILOVER] Redundancy active. Monitoring state...
06:00:04 - System_Backup_11 - INFO - [FAILOVER] Redundancy active. Monitoring state...
06:00:04 - System_Backup_12 - INFO - [FAILOVER] Redundancy active. Monitoring state...
06:00:04 - System_Backup_13 - INFO - [FAILOVER] Redundancy active. Monitoring state...
06:00:04 - System_Backup_14 - INFO - [FAILOVER] Redundancy active. Monitoring state...
06:00:04 - System_Backup_15 - INFO - [FAILOVER] Redundancy active. Monitoring state...
06:00:04 - System_Backup_16 - INFO - [FAILOVER] Redundancy active. Monitoring state...
06:00:04 - System_Backup_17 - INFO - [FAILOVER] Redundancy active. Monitoring state...
06:00:04 - System_Backup_18 - INFO - [FAILOVER] Redundancy active. Monitoring state...
06:00:04 - System_Backup_19 - INFO - [FAILOVER] Redundancy active. Monitoring state...
06:00:04 - System_Backup_20 - INFO - [FAILOVER] Redundancy active. Monitoring state...
06:00:04 - System_Backup_21 - INFO - [FAILOVER] Redundancy active. Monitoring state...
06:00:04 - System_Backup_22 - INFO - [FAILOVER] Redundancy active. Monitoring state...
06:00:04 - System_Backup_23 - INFO - [FAILOVER] Redundancy active. Monitoring state...
06:00:04 - System_Backup_24 - INFO - [FAILOVER] Redundancy active. Monitoring state...
06:00:04 - System_Backup_25 - INFO - [FAILOVER] Redundancy active. Monitoring state...
06:00:04 - System_Backup_26 - INFO - [FAILOVER] Redundancy active. Monitoring state...
06:00:04 - System_Backup_27 - INFO - [FAILOVER] Redundancy active. Monitoring state...
06:00:04 - System_Backup_28 - INFO - [FAILOVER] Redundancy active. Monitoring state...
06:00:04 - System_Backup_29 - INFO - [FAILOVER] Redundancy active. Monitoring state...
06:00:04 - System_Backup_30 - INFO - [FAILOVER] Redundancy active. Monitoring state...
06:00:04 - System_Backup_31 - INFO - [FAILOVER] Redundancy active. Monitoring state...
06:00:04 - System_Backup_32 - INFO - [FAILOVER] Redundancy active. Monitoring state...
06:00:04 - System_Backup_33 - INFO - [FAILOVER] Redundancy active. Monitoring state...
06:00:04 - System_Backup_34 - INFO - [FAILOVER] Redundancy active. Monitoring state...
06:00:04 - System_Backup_35 - INFO - [FAILOVER] Redundancy active. Monitoring state...
06:00:04 - System_Backup_36 - INFO - [FAILOVER] Redundancy active. Monitoring state...
06:00:04 - System_Backup_37 - INFO - [FAILOVER] Redundancy active. Monitoring state...
06:00:04 - System_Backup_38 - INFO - [FAILOVER] Redundancy active. Monitoring state...
06:00:04 - System_Backup_39 - INFO - [FAILOVER] Redundancy active. Monitoring state...
06:00:04 - System_Backup_40 - INFO - [FAILOVER] Redundancy active. Monitoring state...
06:00:04 - System_Backup_41 - INFO - [FAILOVER] Redundancy active. Monitoring state...
06:00:04 - System_Backup_42 - INFO - [FAILOVER] Redundancy active. Monitoring state...
06:00:04 - System_Backup_43 - INFO - [FAILOVER] Redundancy active. Monitoring state...
06:00:04 - System_Backup_44 - INFO - [FAILOVER] Redundancy active. Monitoring state...
06:00:04 - System_Backup_45 - INFO - [FAILOVER] Redundancy active. Monitoring state...
06:00:04 - System_Backup_46 - INFO - [FAILOVER] Redundancy active. Monitoring state...
06:00:04 - System_Backup_47 - INFO - [FAILOVER] Redundancy active. Monitoring state...
06:00:04 - System_Backup_48 - INFO - [FAILOVER] Redundancy active. Monitoring state...
06:00:04 - System_Backup_49 - INFO - [FAILOVER] Redundancy active. Monitoring state...
06:00:14 - RobotTxtAgent - WARNING - Failed to load memory from MongoDB: SSL handshake failed: ac-8xlp2xc-shard-00-01.nc9rsuw.mongodb.net:27017: [SSL: TLSV1_ALERT_INTERNAL_ERROR] tlsv1 alert internal error (_ssl.c:1129) (configured timeouts: socketTimeoutMS: 20000.0ms, connectTimeoutMS: 20000.0ms),SSL handshake failed: ac-8xlp2xc-shard-00-02.nc9rsuw.mongodb.net:27017: [SSL: TLSV1_ALERT_INTERNAL_ERROR] tlsv1 alert internal error (_ssl.c:1129) (configured timeouts: socketTimeoutMS: 20000.0ms, connectTimeoutMS: 20000.0ms),SSL handshake failed: ac-8xlp2xc-shard-00-00.nc9rsuw.mongodb.net:27017: [SSL: TLSV1_ALERT_INTERNAL_ERROR] tlsv1 alert internal error (_ssl.c:1129) (configured timeouts: socketTimeoutMS: 20000.0ms, connectTimeoutMS: 20000.0ms), Timeout: 10.0s, Topology Description: <TopologyDescription id: 69e22f3fed403a7ca528fedf, topology_type: ReplicaSetNoPrimary, servers: [<ServerDescription ('ac-8xlp2xc-shard-00-00.nc9rsuw.mongodb.net', 27017) server_type: Unknown, rtt: None, error=AutoReconnect('SSL handshake failed: ac-8xlp2xc-shard-00-00.nc9rsuw.mongodb.net:27017: [SSL: TLSV1_ALERT_INTERNAL_ERROR] tlsv1 alert internal error (_ssl.c:1129) (configured timeouts: socketTimeoutMS: 20000.0ms, connectTimeoutMS: 20000.0ms)')>, <ServerDescription ('ac-8xlp2xc-shard-00-01.nc9rsuw.mongodb.net', 27017) server_type: Unknown, rtt: None, error=AutoReconnect('SSL handshake failed: ac-8xlp2xc-shard-00-01.nc9rsuw.mongodb.net:27017: [SSL: TLSV1_ALERT_INTERNAL_ERROR] tlsv1 alert internal error (_ssl.c:1129) (configured timeouts: socketTimeoutMS: 20000.0ms, connectTimeoutMS: 20000.0ms)')>, <ServerDescription ('ac-8xlp2xc-shard-00-02.nc9rsuw.mongodb.net', 27017) server_type: Unknown, rtt: None, error=AutoReconnect('SSL handshake failed: ac-8xlp2xc-shard-00-02.nc9rsuw.mongodb.net:27017: [SSL: TLSV1_ALERT_INTERNAL_ERROR] tlsv1 alert internal error (_ssl.c:1129) (configured timeouts: socketTimeoutMS: 20000.0ms, connectTimeoutMS: 20000.0ms)')>]>. Falling back to JSON.
06:00:14 - AgentOrchestrator - INFO - Executing Tier 2: ['ResearchAgent', 'SwarmAgent_01_MEASURE', 'SwarmAgent_02_ANALYZE', 'SwarmAgent_08_MEASURE', 'SwarmAgent_09_ANALYZE', 'SwarmAgent_15_MEASURE', 'SwarmAgent_16_ANALYZE', 'SwarmAgent_22_MEASURE', 'SwarmAgent_23_ANALYZE', 'SwarmAgent_29_MEASURE', 'SwarmAgent_30_ANALYZE', 'SwarmAgent_36_MEASURE', 'SwarmAgent_37_ANALYZE', 'SwarmAgent_43_MEASURE', 'SwarmAgent_44_ANALYZE', 'SwarmAgent_50_MEASURE', 'SwarmAgent_51_ANALYZE', 'SwarmAgent_57_MEASURE', 'SwarmAgent_58_ANALYZE', 'SwarmAgent_64_MEASURE', 'SwarmAgent_65_ANALYZE', 'SwarmAgent_71_MEASURE', 'SwarmAgent_72_ANALYZE', 'SwarmAgent_78_MEASURE', 'SwarmAgent_79_ANALYZE', 'SwarmAgent_85_MEASURE', 'SwarmAgent_86_ANALYZE', 'SwarmAgent_92_MEASURE', 'SwarmAgent_93_ANALYZE', 'SwarmAgent_99_MEASURE', 'SEOExpertImbued']
06:00:14 - httpx - INFO - HTTP Request: POST https://tevdxaufsnpsbvvurddg.supabase.co/rest/v1/telemetry?columns=%22id%22%2C%22event_data%22%2C%22recorded_at%22 "HTTP/2 201 Created"
06:00:14 - ResearchAgent - INFO - Running High-Level Autonomous Research & Outside World Investigation...
06:00:14 - SwarmAgent_01_MEASURE - INFO - [MEASURE] Executing SEO Micro-task: Domain Research
06:00:14 - SwarmAgent_02_ANALYZE - INFO - [ANALYZE] Executing SEO Micro-task: Keyword Sync
06:00:14 - SwarmAgent_08_MEASURE - INFO - [MEASURE] Executing SEO Micro-task: Market Probe
06:00:14 - SwarmAgent_09_ANALYZE - INFO - [ANALYZE] Executing SEO Micro-task: Market Probe
06:00:14 - SwarmAgent_15_MEASURE - INFO - [MEASURE] Executing SEO Micro-task: Keyword Sync
06:00:14 - SwarmAgent_16_ANALYZE - INFO - [ANALYZE] Executing SEO Micro-task: SEO Audit
06:00:14 - SwarmAgent_22_MEASURE - INFO - [MEASURE] Executing SEO Micro-task: Keyword Sync
06:00:14 - SwarmAgent_23_ANALYZE - INFO - [ANALYZE] Executing SEO Micro-task: Keyword Sync
06:00:14 - SwarmAgent_29_MEASURE - INFO - [MEASURE] Executing SEO Micro-task: Domain Research
06:00:14 - SwarmAgent_30_ANALYZE - INFO - [ANALYZE] Executing SEO Micro-task: Domain Research
06:00:14 - SwarmAgent_36_MEASURE - INFO - [MEASURE] Executing SEO Micro-task: Market Probe
06:00:14 - SwarmAgent_37_ANALYZE - INFO - [ANALYZE] Executing SEO Micro-task: Market Probe
06:00:14 - SwarmAgent_43_MEASURE - INFO - [MEASURE] Executing SEO Micro-task: Market Probe
06:00:14 - SwarmAgent_44_ANALYZE - INFO - [ANALYZE] Executing SEO Micro-task: SEO Audit
06:00:14 - SwarmAgent_50_MEASURE - INFO - [MEASURE] Executing SEO Micro-task: Domain Research
06:00:14 - SwarmAgent_51_ANALYZE - INFO - [ANALYZE] Executing SEO Micro-task: Domain Research
06:00:14 - SwarmAgent_57_MEASURE - INFO - [MEASURE] Executing SEO Micro-task: Domain Research
06:00:14 - SwarmAgent_58_ANALYZE - INFO - [ANALYZE] Executing SEO Micro-task: Domain Research
06:00:14 - SwarmAgent_64_MEASURE - INFO - [MEASURE] Executing SEO Micro-task: Keyword Sync
06:00:14 - SwarmAgent_65_ANALYZE - INFO - [ANALYZE] Executing SEO Micro-task: Keyword Sync
06:00:14 - SwarmAgent_71_MEASURE - INFO - [MEASURE] Executing SEO Micro-task: Domain Research
06:00:14 - SwarmAgent_72_ANALYZE - INFO - [ANALYZE] Executing SEO Micro-task: Keyword Sync
06:00:14 - SwarmAgent_78_MEASURE - INFO - [MEASURE] Executing SEO Micro-task: Keyword Sync
06:00:14 - SwarmAgent_79_ANALYZE - INFO - [ANALYZE] Executing SEO Micro-task: Market Probe
06:00:14 - SwarmAgent_85_MEASURE - INFO - [MEASURE] Executing SEO Micro-task: Domain Research
06:00:14 - SwarmAgent_86_ANALYZE - INFO - [ANALYZE] Executing SEO Micro-task: Market Probe
06:00:14 - SwarmAgent_92_MEASURE - INFO - [MEASURE] Executing SEO Micro-task: Market Probe
06:00:14 - SwarmAgent_93_ANALYZE - INFO - [ANALYZE] Executing SEO Micro-task: Market Probe
06:00:14 - SwarmAgent_99_MEASURE - INFO - [MEASURE] Executing SEO Micro-task: SEO Audit
06:00:14 - SEOExpertImbued - INFO - Performing Deep Search Engine Optimization Audit on market data...
06:00:14 - SEOExpertImbued - INFO - SEO Audit Complete: Score 0.92
06:00:14 - TelemetryManager - INFO - [TELEMETRY] ResearchAgent emitted EXTERNAL_INVESTIGATION for GOOGLE_WORLD
06:00:14 - TelemetryManager - INFO - [TELEMETRY] ResearchAgent emitted EXTERNAL_INVESTIGATION for GOOGLE_WORLD
06:00:14 - TelemetryManager - INFO - [TELEMETRY] ResearchAgent emitted EXTERNAL_INVESTIGATION for GOOGLE_WORLD
06:00:14 - TelemetryManager - INFO - [TELEMETRY] ResearchAgent emitted EXTERNAL_INVESTIGATION for GOOGLE_WORLD
06:00:14 - ResearchAgent - INFO - Research and World Investigation completed for 10 domains.
06:00:14 - AgentOrchestrator - INFO - Executing Tier 3: ['IntelligenceAgent', 'SearchConsoleAuditor', 'MonetizationExpertImbued']
06:00:14 - httpx - INFO - HTTP Request: POST https://tevdxaufsnpsbvvurddg.supabase.co/rest/v1/telemetry?columns=%22id%22%2C%22event_data%22%2C%22recorded_at%22 "HTTP/2 201 Created"
06:00:14 - IntelligenceAgent - INFO - Running Intelligence Synchronization & External World Collaboration...
06:00:14 - SearchConsoleAuditor - INFO - Running Deep-Skill SEO Audit (Search Console Mastery)...
06:00:14 - MonetizationExpertImbued - INFO - Projecting ROI and Financial Monetization Opportunities...
06:00:14 - MonetizationExpertImbued - INFO - Financial Synthesis Complete: Projected ROI 98.65%
06:00:24 - TelemetryManager - WARNING - MongoDB telemetry sync failed: SSL handshake failed: ac-8xlp2xc-shard-00-01.nc9rsuw.mongodb.net:27017: [SSL: TLSV1_ALERT_INTERNAL_ERROR] tlsv1 alert internal error (_ssl.c:1129) (configured timeouts: socketTimeoutMS: 20000.0ms, connectTimeoutMS: 20000.0ms),SSL handshake failed: ac-8xlp2xc-shard-00-02.nc9rsuw.mongodb.net:27017: [SSL: TLSV1_ALERT_INTERNAL_ERROR] tlsv1 alert internal error (_ssl.c:1129) (configured timeouts: socketTimeoutMS: 20000.0ms, connectTimeoutMS: 20000.0ms),SSL handshake failed: ac-8xlp2xc-shard-00-00.nc9rsuw.mongodb.net:27017: [SSL: TLSV1_ALERT_INTERNAL_ERROR] tlsv1 alert internal error (_ssl.c:1129) (configured timeouts: socketTimeoutMS: 20000.0ms, connectTimeoutMS: 20000.0ms), Timeout: 10.0s, Topology Description: <TopologyDescription id: 69e22f3fed403a7ca528fedf, topology_type: ReplicaSetNoPrimary, servers: [<ServerDescription ('ac-8xlp2xc-shard-00-00.nc9rsuw.mongodb.net', 27017) server_type: Unknown, rtt: None, error=AutoReconnect('SSL handshake failed: ac-8xlp2xc-shard-00-00.nc9rsuw.mongodb.net:27017: [SSL: TLSV1_ALERT_INTERNAL_ERROR] tlsv1 alert internal error (_ssl.c:1129) (configured timeouts: socketTimeoutMS: 20000.0ms, connectTimeoutMS: 20000.0ms)')>, <ServerDescription ('ac-8xlp2xc-shard-00-01.nc9rsuw.mongodb.net', 27017) server_type: Unknown, rtt: None, error=AutoReconnect('SSL handshake failed: ac-8xlp2xc-shard-00-01.nc9rsuw.mongodb.net:27017: [SSL: TLSV1_ALERT_INTERNAL_ERROR] tlsv1 alert internal error (_ssl.c:1129) (configured timeouts: socketTimeoutMS: 20000.0ms, connectTimeoutMS: 20000.0ms)')>, <ServerDescription ('ac-8xlp2xc-shard-00-02.nc9rsuw.mongodb.net', 27017) server_type: Unknown, rtt: None, error=AutoReconnect('SSL handshake failed: ac-8xlp2xc-shard-00-02.nc9rsuw.mongodb.net:27017: [SSL: TLSV1_ALERT_INTERNAL_ERROR] tlsv1 alert internal error (_ssl.c:1129) (configured timeouts: socketTimeoutMS: 20000.0ms, connectTimeoutMS: 20000.0ms)')>]>
06:00:24 - SearchConsoleAuditor - WARNING - Failed to load memory from MongoDB: SSL handshake failed: ac-8xlp2xc-shard-00-01.nc9rsuw.mongodb.net:27017: [SSL: TLSV1_ALERT_INTERNAL_ERROR] tlsv1 alert internal error (_ssl.c:1129) (configured timeouts: socketTimeoutMS: 20000.0ms, connectTimeoutMS: 20000.0ms),SSL handshake failed: ac-8xlp2xc-shard-00-02.nc9rsuw.mongodb.net:27017: [SSL: TLSV1_ALERT_INTERNAL_ERROR] tlsv1 alert internal error (_ssl.c:1129) (configured timeouts: socketTimeoutMS: 20000.0ms, connectTimeoutMS: 20000.0ms),SSL handshake failed: ac-8xlp2xc-shard-00-00.nc9rsuw.mongodb.net:27017: [SSL: TLSV1_ALERT_INTERNAL_ERROR] tlsv1 alert internal error (_ssl.c:1129) (configured timeouts: socketTimeoutMS: 20000.0ms, connectTimeoutMS: 20000.0ms), Timeout: 10.0s, Topology Description: <TopologyDescription id: 69e22f3fed403a7ca528fedf, topology_type: ReplicaSetNoPrimary, servers: [<ServerDescription ('ac-8xlp2xc-shard-00-00.nc9rsuw.mongodb.net', 27017) server_type: Unknown, rtt: None, error=AutoReconnect('SSL handshake failed: ac-8xlp2xc-shard-00-00.nc9rsuw.mongodb.net:27017: [SSL: TLSV1_ALERT_INTERNAL_ERROR] tlsv1 alert internal error (_ssl.c:1129) (configured timeouts: socketTimeoutMS: 20000.0ms, connectTimeoutMS: 20000.0ms)')>, <ServerDescription ('ac-8xlp2xc-shard-00-01.nc9rsuw.mongodb.net', 27017) server_type: Unknown, rtt: None, error=AutoReconnect('SSL handshake failed: ac-8xlp2xc-shard-00-01.nc9rsuw.mongodb.net:27017: [SSL: TLSV1_ALERT_INTERNAL_ERROR] tlsv1 alert internal error (_ssl.c:1129) (configured timeouts: socketTimeoutMS: 20000.0ms, connectTimeoutMS: 20000.0ms)')>, <ServerDescription ('ac-8xlp2xc-shard-00-02.nc9rsuw.mongodb.net', 27017) server_type: Unknown, rtt: None, error=AutoReconnect('SSL handshake failed: ac-8xlp2xc-shard-00-02.nc9rsuw.mongodb.net:27017: [SSL: TLSV1_ALERT_INTERNAL_ERROR] tlsv1 alert internal error (_ssl.c:1129) (configured timeouts: socketTimeoutMS: 20000.0ms, connectTimeoutMS: 20000.0ms)')>]>. Falling back to JSON.
06:00:24 - TelemetryManager - WARNING - MongoDB telemetry sync failed: SSL handshake failed: ac-8xlp2xc-shard-00-01.nc9rsuw.mongodb.net:27017: [SSL: TLSV1_ALERT_INTERNAL_ERROR] tlsv1 alert internal error (_ssl.c:1129) (configured timeouts: socketTimeoutMS: 20000.0ms, connectTimeoutMS: 20000.0ms),SSL handshake failed: ac-8xlp2xc-shard-00-02.nc9rsuw.mongodb.net:27017: [SSL: TLSV1_ALERT_INTERNAL_ERROR] tlsv1 alert internal error (_ssl.c:1129) (configured timeouts: socketTimeoutMS: 20000.0ms, connectTimeoutMS: 20000.0ms),SSL handshake failed: ac-8xlp2xc-shard-00-00.nc9rsuw.mongodb.net:27017: [SSL: TLSV1_ALERT_INTERNAL_ERROR] tlsv1 alert internal error (_ssl.c:1129) (configured timeouts: socketTimeoutMS: 20000.0ms, connectTimeoutMS: 20000.0ms), Timeout: 10.0s, Topology Description: <TopologyDescription id: 69e22f3fed403a7ca528fedf, topology_type: ReplicaSetNoPrimary, servers: [<ServerDescription ('ac-8xlp2xc-shard-00-00.nc9rsuw.mongodb.net', 27017) server_type: Unknown, rtt: None, error=AutoReconnect('SSL handshake failed: ac-8xlp2xc-shard-00-00.nc9rsuw.mongodb.net:27017: [SSL: TLSV1_ALERT_INTERNAL_ERROR] tlsv1 alert internal error (_ssl.c:1129) (configured timeouts: socketTimeoutMS: 20000.0ms, connectTimeoutMS: 20000.0ms)')>, <ServerDescription ('ac-8xlp2xc-shard-00-01.nc9rsuw.mongodb.net', 27017) server_type: Unknown, rtt: None, error=AutoReconnect('SSL handshake failed: ac-8xlp2xc-shard-00-01.nc9rsuw.mongodb.net:27017: [SSL: TLSV1_ALERT_INTERNAL_ERROR] tlsv1 alert internal error (_ssl.c:1129) (configured timeouts: socketTimeoutMS: 20000.0ms, connectTimeoutMS: 20000.0ms)')>, <ServerDescription ('ac-8xlp2xc-shard-00-02.nc9rsuw.mongodb.net', 27017) server_type: Unknown, rtt: None, error=AutoReconnect('SSL handshake failed: ac-8xlp2xc-shard-00-02.nc9rsuw.mongodb.net:27017: [SSL: TLSV1_ALERT_INTERNAL_ERROR] tlsv1 alert internal error (_ssl.c:1129) (configured timeouts: socketTimeoutMS: 20000.0ms, connectTimeoutMS: 20000.0ms)')>]>
06:00:34 - SearchConsoleAuditor - ERROR - Failed to save memory to MongoDB: SSL handshake failed: ac-8xlp2xc-shard-00-01.nc9rsuw.mongodb.net:27017: [SSL: TLSV1_ALERT_INTERNAL_ERROR] tlsv1 alert internal error (_ssl.c:1129) (configured timeouts: socketTimeoutMS: 20000.0ms, connectTimeoutMS: 20000.0ms),SSL handshake failed: ac-8xlp2xc-shard-00-02.nc9rsuw.mongodb.net:27017: [SSL: TLSV1_ALERT_INTERNAL_ERROR] tlsv1 alert internal error (_ssl.c:1129) (configured timeouts: socketTimeoutMS: 20000.0ms, connectTimeoutMS: 20000.0ms),SSL handshake failed: ac-8xlp2xc-shard-00-00.nc9rsuw.mongodb.net:27017: [SSL: TLSV1_ALERT_INTERNAL_ERROR] tlsv1 alert internal error (_ssl.c:1129) (configured timeouts: socketTimeoutMS: 20000.0ms, connectTimeoutMS: 20000.0ms), Timeout: 10.0s, Topology Description: <TopologyDescription id: 69e22f3fed403a7ca528fedf, topology_type: ReplicaSetNoPrimary, servers: [<ServerDescription ('ac-8xlp2xc-shard-00-00.nc9rsuw.mongodb.net', 27017) server_type: Unknown, rtt: None, error=AutoReconnect('SSL handshake failed: ac-8xlp2xc-shard-00-00.nc9rsuw.mongodb.net:27017: [SSL: TLSV1_ALERT_INTERNAL_ERROR] tlsv1 alert internal error (_ssl.c:1129) (configured timeouts: socketTimeoutMS: 20000.0ms, connectTimeoutMS: 20000.0ms)')>, <ServerDescription ('ac-8xlp2xc-shard-00-01.nc9rsuw.mongodb.net', 27017) server_type: Unknown, rtt: None, error=AutoReconnect('SSL handshake failed: ac-8xlp2xc-shard-00-01.nc9rsuw.mongodb.net:27017: [SSL: TLSV1_ALERT_INTERNAL_ERROR] tlsv1 alert internal error (_ssl.c:1129) (configured timeouts: socketTimeoutMS: 20000.0ms, connectTimeoutMS: 20000.0ms)')>, <ServerDescription ('ac-8xlp2xc-shard-00-02.nc9rsuw.mongodb.net', 27017) server_type: Unknown, rtt: None, error=AutoReconnect('SSL handshake failed: ac-8xlp2xc-shard-00-02.nc9rsuw.mongodb.net:27017: [SSL: TLSV1_ALERT_INTERNAL_ERROR] tlsv1 alert internal error (_ssl.c:1129) (configured timeouts: socketTimeoutMS: 20000.0ms, connectTimeoutMS: 20000.0ms)')>]>
06:00:35 - httpx - INFO - HTTP Request: POST https://tevdxaufsnpsbvvurddg.supabase.co/rest/v1/memory_store?on_conflict=id "HTTP/2 200 OK"
06:00:35 - AgentOrchestrator - INFO - Executing Tier 4: ['TargetingAgent', 'CreativityAgent', 'SwarmAgent_03_IMPROVE', 'SwarmAgent_10_IMPROVE', 'SwarmAgent_17_IMPROVE', 'SwarmAgent_24_IMPROVE', 'SwarmAgent_31_IMPROVE', 'SwarmAgent_38_IMPROVE', 'SwarmAgent_45_IMPROVE', 'SwarmAgent_52_IMPROVE', 'SwarmAgent_59_IMPROVE', 'SwarmAgent_66_IMPROVE', 'SwarmAgent_73_IMPROVE', 'SwarmAgent_80_IMPROVE', 'SwarmAgent_87_IMPROVE', 'SwarmAgent_94_IMPROVE']
06:00:35 - TargetingAgent - INFO - Building Google Optimized Audience Personas...
06:00:35 - CreativityAgent - INFO - Running Creativity Session...
06:00:35 - SwarmAgent_03_IMPROVE - INFO - [IMPROVE] Executing SEO Micro-task: SEO Audit
06:00:35 - SwarmAgent_10_IMPROVE - INFO - [IMPROVE] Executing SEO Micro-task: Market Probe
06:00:35 - SwarmAgent_17_IMPROVE - INFO - [IMPROVE] Executing SEO Micro-task: Domain Research
06:00:35 - SwarmAgent_24_IMPROVE - INFO - [IMPROVE] Executing SEO Micro-task: Domain Research
06:00:35 - SwarmAgent_31_IMPROVE - INFO - [IMPROVE] Executing SEO Micro-task: Market Probe
06:00:35 - SwarmAgent_38_IMPROVE - INFO - [IMPROVE] Executing SEO Micro-task: Market Probe
06:00:35 - SwarmAgent_45_IMPROVE - INFO - [IMPROVE] Executing SEO Micro-task: Keyword Sync
06:00:35 - SwarmAgent_52_IMPROVE - INFO - [IMPROVE] Executing SEO Micro-task: Keyword Sync
06:00:35 - SwarmAgent_59_IMPROVE - INFO - [IMPROVE] Executing SEO Micro-task: SEO Audit
06:00:35 - SwarmAgent_66_IMPROVE - INFO - [IMPROVE] Executing SEO Micro-task: Market Probe
06:00:35 - SwarmAgent_73_IMPROVE - INFO - [IMPROVE] Executing SEO Micro-task: Keyword Sync
06:00:35 - SwarmAgent_80_IMPROVE - INFO - [IMPROVE] Executing SEO Micro-task: Domain Research
06:00:35 - SwarmAgent_87_IMPROVE - INFO - [IMPROVE] Executing SEO Micro-task: Market Probe
06:00:35 - SwarmAgent_94_IMPROVE - INFO - [IMPROVE] Executing SEO Micro-task: Domain Research
06:00:45 - TargetingAgent - WARNING - Failed to load memory from MongoDB: SSL handshake failed: ac-8xlp2xc-shard-00-01.nc9rsuw.mongodb.net:27017: [SSL: TLSV1_ALERT_INTERNAL_ERROR] tlsv1 alert internal error (_ssl.c:1129) (configured timeouts: socketTimeoutMS: 20000.0ms, connectTimeoutMS: 20000.0ms),SSL handshake failed: ac-8xlp2xc-shard-00-02.nc9rsuw.mongodb.net:27017: [SSL: TLSV1_ALERT_INTERNAL_ERROR] tlsv1 alert internal error (_ssl.c:1129) (configured timeouts: socketTimeoutMS: 20000.0ms, connectTimeoutMS: 20000.0ms),SSL handshake failed: ac-8xlp2xc-shard-00-00.nc9rsuw.mongodb.net:27017: [SSL: TLSV1_ALERT_INTERNAL_ERROR] tlsv1 alert internal error (_ssl.c:1129) (configured timeouts: socketTimeoutMS: 20000.0ms, connectTimeoutMS: 20000.0ms), Timeout: 10.0s, Topology Description: <TopologyDescription id: 69e22f3fed403a7ca528fedf, topology_type: ReplicaSetNoPrimary, servers: [<ServerDescription ('ac-8xlp2xc-shard-00-00.nc9rsuw.mongodb.net', 27017) server_type: Unknown, rtt: None, error=AutoReconnect('SSL handshake failed: ac-8xlp2xc-shard-00-00.nc9rsuw.mongodb.net:27017: [SSL: TLSV1_ALERT_INTERNAL_ERROR] tlsv1 alert internal error (_ssl.c:1129) (configured timeouts: socketTimeoutMS: 20000.0ms, connectTimeoutMS: 20000.0ms)')>, <ServerDescription ('ac-8xlp2xc-shard-00-01.nc9rsuw.mongodb.net', 27017) server_type: Unknown, rtt: None, error=AutoReconnect('SSL handshake failed: ac-8xlp2xc-shard-00-01.nc9rsuw.mongodb.net:27017: [SSL: TLSV1_ALERT_INTERNAL_ERROR] tlsv1 alert internal error (_ssl.c:1129) (configured timeouts: socketTimeoutMS: 20000.0ms, connectTimeoutMS: 20000.0ms)')>, <ServerDescription ('ac-8xlp2xc-shard-00-02.nc9rsuw.mongodb.net', 27017) server_type: Unknown, rtt: None, error=AutoReconnect('SSL handshake failed: ac-8xlp2xc-shard-00-02.nc9rsuw.mongodb.net:27017: [SSL: TLSV1_ALERT_INTERNAL_ERROR] tlsv1 alert internal error (_ssl.c:1129) (configured timeouts: socketTimeoutMS: 20000.0ms, connectTimeoutMS: 20000.0ms)')>]>. Falling back to JSON.
06:00:55 - TargetingAgent - WARNING - Failed to load memory from MongoDB: SSL handshake failed: ac-8xlp2xc-shard-00-01.nc9rsuw.mongodb.net:27017: [SSL: TLSV1_ALERT_INTERNAL_ERROR] tlsv1 alert internal error (_ssl.c:1129) (configured timeouts: socketTimeoutMS: 20000.0ms, connectTimeoutMS: 20000.0ms),SSL handshake failed: ac-8xlp2xc-shard-00-02.nc9rsuw.mongodb.net:27017: [SSL: TLSV1_ALERT_INTERNAL_ERROR] tlsv1 alert internal error (_ssl.c:1129) (configured timeouts: socketTimeoutMS: 20000.0ms, connectTimeoutMS: 20000.0ms),SSL handshake failed: ac-8xlp2xc-shard-00-00.nc9rsuw.mongodb.net:27017: [SSL: TLSV1_ALERT_INTERNAL_ERROR] tlsv1 alert internal error (_ssl.c:1129) (configured timeouts: socketTimeoutMS: 20000.0ms, connectTimeoutMS: 20000.0ms), Timeout: 10.0s, Topology Description: <TopologyDescription id: 69e22f3fed403a7ca528fedf, topology_type: ReplicaSetNoPrimary, servers: [<ServerDescription ('ac-8xlp2xc-shard-00-00.nc9rsuw.mongodb.net', 27017) server_type: Unknown, rtt: None, error=AutoReconnect('SSL handshake failed: ac-8xlp2xc-shard-00-00.nc9rsuw.mongodb.net:27017: [SSL: TLSV1_ALERT_INTERNAL_ERROR] tlsv1 alert internal error (_ssl.c:1129) (configured timeouts: socketTimeoutMS: 20000.0ms, connectTimeoutMS: 20000.0ms)')>, <ServerDescription ('ac-8xlp2xc-shard-00-01.nc9rsuw.mongodb.net', 27017) server_type: Unknown, rtt: None, error=AutoReconnect('SSL handshake failed: ac-8xlp2xc-shard-00-01.nc9rsuw.mongodb.net:27017: [SSL: TLSV1_ALERT_INTERNAL_ERROR] tlsv1 alert internal error (_ssl.c:1129) (configured timeouts: socketTimeoutMS: 20000.0ms, connectTimeoutMS: 20000.0ms)')>, <ServerDescription ('ac-8xlp2xc-shard-00-02.nc9rsuw.mongodb.net', 27017) server_type: Unknown, rtt: None, error=AutoReconnect('SSL handshake failed: ac-8xlp2xc-shard-00-02.nc9rsuw.mongodb.net:27017: [SSL: TLSV1_ALERT_INTERNAL_ERROR] tlsv1 alert internal error (_ssl.c:1129) (configured timeouts: socketTimeoutMS: 20000.0ms, connectTimeoutMS: 20000.0ms)')>]>. Falling back to JSON.
06:01:05 - TargetingAgent - ERROR - Failed to save memory to MongoDB: SSL handshake failed: ac-8xlp2xc-shard-00-01.nc9rsuw.mongodb.net:27017: [SSL: TLSV1_ALERT_INTERNAL_ERROR] tlsv1 alert internal error (_ssl.c:1129) (configured timeouts: socketTimeoutMS: 20000.0ms, connectTimeoutMS: 20000.0ms),SSL handshake failed: ac-8xlp2xc-shard-00-02.nc9rsuw.mongodb.net:27017: [SSL: TLSV1_ALERT_INTERNAL_ERROR] tlsv1 alert internal error (_ssl.c:1129) (configured timeouts: socketTimeoutMS: 20000.0ms, connectTimeoutMS: 20000.0ms),SSL handshake failed: ac-8xlp2xc-shard-00-00.nc9rsuw.mongodb.net:27017: [SSL: TLSV1_ALERT_INTERNAL_ERROR] tlsv1 alert internal error (_ssl.c:1129) (configured timeouts: socketTimeoutMS: 20000.0ms, connectTimeoutMS: 20000.0ms), Timeout: 10.0s, Topology Description: <TopologyDescription id: 69e22f3fed403a7ca528fedf, topology_type: ReplicaSetNoPrimary, servers: [<ServerDescription ('ac-8xlp2xc-shard-00-00.nc9rsuw.mongodb.net', 27017) server_type: Unknown, rtt: None, error=AutoReconnect('SSL handshake failed: ac-8xlp2xc-shard-00-00.nc9rsuw.mongodb.net:27017: [SSL: TLSV1_ALERT_INTERNAL_ERROR] tlsv1 alert internal error (_ssl.c:1129) (configured timeouts: socketTimeoutMS: 20000.0ms, connectTimeoutMS: 20000.0ms)')>, <ServerDescription ('ac-8xlp2xc-shard-00-01.nc9rsuw.mongodb.net', 27017) server_type: Unknown, rtt: None, error=AutoReconnect('SSL handshake failed: ac-8xlp2xc-shard-00-01.nc9rsuw.mongodb.net:27017: [SSL: TLSV1_ALERT_INTERNAL_ERROR] tlsv1 alert internal error (_ssl.c:1129) (configured timeouts: socketTimeoutMS: 20000.0ms, connectTimeoutMS: 20000.0ms)')>, <ServerDescription ('ac-8xlp2xc-shard-00-02.nc9rsuw.mongodb.net', 27017) server_type: Unknown, rtt: None, error=AutoReconnect('SSL handshake failed: ac-8xlp2xc-shard-00-02.nc9rsuw.mongodb.net:27017: [SSL: TLSV1_ALERT_INTERNAL_ERROR] tlsv1 alert internal error (_ssl.c:1129) (configured timeouts: socketTimeoutMS: 20000.0ms, connectTimeoutMS: 20000.0ms)')>]>
06:01:06 - httpx - INFO - HTTP Request: POST https://tevdxaufsnpsbvvurddg.supabase.co/rest/v1/memory_store?on_conflict=id "HTTP/2 200 OK"
06:01:06 - TargetingAgent - INFO - Persona locked: AdTech Professional (Google Stack Focus) | Intent: Campaign Optimization & ROAS Growth
06:01:06 - AgentOrchestrator - INFO - Executing Tier 5: ['BidAgent', 'ContentAgent']
06:01:06 - BidAgent - INFO - Calculating Smart Bid Strategy (tROAS / tCPA)...
06:01:06 - ContentAgent - INFO - Generating Content...
06:01:16 - BidAgent - WARNING - Failed to load memory from MongoDB: SSL handshake failed: ac-8xlp2xc-shard-00-01.nc9rsuw.mongodb.net:27017: [SSL: TLSV1_ALERT_INTERNAL_ERROR] tlsv1 alert internal error (_ssl.c:1129) (configured timeouts: socketTimeoutMS: 20000.0ms, connectTimeoutMS: 20000.0ms),SSL handshake failed: ac-8xlp2xc-shard-00-02.nc9rsuw.mongodb.net:27017: [SSL: TLSV1_ALERT_INTERNAL_ERROR] tlsv1 alert internal error (_ssl.c:1129) (configured timeouts: socketTimeoutMS: 20000.0ms, connectTimeoutMS: 20000.0ms),SSL handshake failed: ac-8xlp2xc-shard-00-00.nc9rsuw.mongodb.net:27017: [SSL: TLSV1_ALERT_INTERNAL_ERROR] tlsv1 alert internal error (_ssl.c:1129) (configured timeouts: socketTimeoutMS: 20000.0ms, connectTimeoutMS: 20000.0ms), Timeout: 10.0s, Topology Description: <TopologyDescription id: 69e22f3fed403a7ca528fedf, topology_type: ReplicaSetNoPrimary, servers: [<ServerDescription ('ac-8xlp2xc-shard-00-00.nc9rsuw.mongodb.net', 27017) server_type: Unknown, rtt: None, error=AutoReconnect('SSL handshake failed: ac-8xlp2xc-shard-00-00.nc9rsuw.mongodb.net:27017: [SSL: TLSV1_ALERT_INTERNAL_ERROR] tlsv1 alert internal error (_ssl.c:1129) (configured timeouts: socketTimeoutMS: 20000.0ms, connectTimeoutMS: 20000.0ms)')>, <ServerDescription ('ac-8xlp2xc-shard-00-01.nc9rsuw.mongodb.net', 27017) server_type: Unknown, rtt: None, error=AutoReconnect('SSL handshake failed: ac-8xlp2xc-shard-00-01.nc9rsuw.mongodb.net:27017: [SSL: TLSV1_ALERT_INTERNAL_ERROR] tlsv1 alert internal error (_ssl.c:1129) (configured timeouts: socketTimeoutMS: 20000.0ms, connectTimeoutMS: 20000.0ms)')>, <ServerDescription ('ac-8xlp2xc-shard-00-02.nc9rsuw.mongodb.net', 27017) server_type: Unknown, rtt: None, error=AutoReconnect('SSL handshake failed: ac-8xlp2xc-shard-00-02.nc9rsuw.mongodb.net:27017: [SSL: TLSV1_ALERT_INTERNAL_ERROR] tlsv1 alert internal error (_ssl.c:1129) (configured timeouts: socketTimeoutMS: 20000.0ms, connectTimeoutMS: 20000.0ms)')>]>. Falling back to JSON.
06:01:26 - BidAgent - WARNING - Failed to load memory from MongoDB: SSL handshake failed: ac-8xlp2xc-shard-00-01.nc9rsuw.mongodb.net:27017: [SSL: TLSV1_ALERT_INTERNAL_ERROR] tlsv1 alert internal error (_ssl.c:1129) (configured timeouts: socketTimeoutMS: 20000.0ms, connectTimeoutMS: 20000.0ms),SSL handshake failed: ac-8xlp2xc-shard-00-02.nc9rsuw.mongodb.net:27017: [SSL: TLSV1_ALERT_INTERNAL_ERROR] tlsv1 alert internal error (_ssl.c:1129) (configured timeouts: socketTimeoutMS: 20000.0ms, connectTimeoutMS: 20000.0ms),SSL handshake failed: ac-8xlp2xc-shard-00-00.nc9rsuw.mongodb.net:27017: [SSL: TLSV1_ALERT_INTERNAL_ERROR] tlsv1 alert internal error (_ssl.c:1129) (configured timeouts: socketTimeoutMS: 20000.0ms, connectTimeoutMS: 20000.0ms), Timeout: 10.0s, Topology Description: <TopologyDescription id: 69e22f3fed403a7ca528fedf, topology_type: ReplicaSetNoPrimary, servers: [<ServerDescription ('ac-8xlp2xc-shard-00-00.nc9rsuw.mongodb.net', 27017) server_type: Unknown, rtt: None, error=AutoReconnect('SSL handshake failed: ac-8xlp2xc-shard-00-00.nc9rsuw.mongodb.net:27017: [SSL: TLSV1_ALERT_INTERNAL_ERROR] tlsv1 alert internal error (_ssl.c:1129) (configured timeouts: socketTimeoutMS: 20000.0ms, connectTimeoutMS: 20000.0ms)')>, <ServerDescription ('ac-8xlp2xc-shard-00-01.nc9rsuw.mongodb.net', 27017) server_type: Unknown, rtt: None, error=AutoReconnect('SSL handshake failed: ac-8xlp2xc-shard-00-01.nc9rsuw.mongodb.net:27017: [SSL: TLSV1_ALERT_INTERNAL_ERROR] tlsv1 alert internal error (_ssl.c:1129) (configured timeouts: socketTimeoutMS: 20000.0ms, connectTimeoutMS: 20000.0ms)')>, <ServerDescription ('ac-8xlp2xc-shard-00-02.nc9rsuw.mongodb.net', 27017) server_type: Unknown, rtt: None, error=AutoReconnect('SSL handshake failed: ac-8xlp2xc-shard-00-02.nc9rsuw.mongodb.net:27017: [SSL: TLSV1_ALERT_INTERNAL_ERROR] tlsv1 alert internal error (_ssl.c:1129) (configured timeouts: socketTimeoutMS: 20000.0ms, connectTimeoutMS: 20000.0ms)')>]>. Falling back to JSON.
06:01:36 - BidAgent - WARNING - Failed to load memory from MongoDB: SSL handshake failed: ac-8xlp2xc-shard-00-01.nc9rsuw.mongodb.net:27017: [SSL: TLSV1_ALERT_INTERNAL_ERROR] tlsv1 alert internal error (_ssl.c:1129) (configured timeouts: socketTimeoutMS: 20000.0ms, connectTimeoutMS: 20000.0ms),SSL handshake failed: ac-8xlp2xc-shard-00-02.nc9rsuw.mongodb.net:27017: [SSL: TLSV1_ALERT_INTERNAL_ERROR] tlsv1 alert internal error (_ssl.c:1129) (configured timeouts: socketTimeoutMS: 20000.0ms, connectTimeoutMS: 20000.0ms),SSL handshake failed: ac-8xlp2xc-shard-00-00.nc9rsuw.mongodb.net:27017: [SSL: TLSV1_ALERT_INTERNAL_ERROR] tlsv1 alert internal error (_ssl.c:1129) (configured timeouts: socketTimeoutMS: 20000.0ms, connectTimeoutMS: 20000.0ms), Timeout: 10.0s, Topology Description: <TopologyDescription id: 69e22f3fed403a7ca528fedf, topology_type: ReplicaSetNoPrimary, servers: [<ServerDescription ('ac-8xlp2xc-shard-00-00.nc9rsuw.mongodb.net', 27017) server_type: Unknown, rtt: None, error=AutoReconnect('SSL handshake failed: ac-8xlp2xc-shard-00-00.nc9rsuw.mongodb.net:27017: [SSL: TLSV1_ALERT_INTERNAL_ERROR] tlsv1 alert internal error (_ssl.c:1129) (configured timeouts: socketTimeoutMS: 20000.0ms, connectTimeoutMS: 20000.0ms)')>, <ServerDescription ('ac-8xlp2xc-shard-00-01.nc9rsuw.mongodb.net', 27017) server_type: Unknown, rtt: None, error=AutoReconnect('SSL handshake failed: ac-8xlp2xc-shard-00-01.nc9rsuw.mongodb.net:27017: [SSL: TLSV1_ALERT_INTERNAL_ERROR] tlsv1 alert internal error (_ssl.c:1129) (configured timeouts: socketTimeoutMS: 20000.0ms, connectTimeoutMS: 20000.0ms)')>, <ServerDescription ('ac-8xlp2xc-shard-00-02.nc9rsuw.mongodb.net', 27017) server_type: Unknown, rtt: None, error=AutoReconnect('SSL handshake failed: ac-8xlp2xc-shard-00-02.nc9rsuw.mongodb.net:27017: [SSL: TLSV1_ALERT_INTERNAL_ERROR] tlsv1 alert internal error (_ssl.c:1129) (configured timeouts: socketTimeoutMS: 20000.0ms, connectTimeoutMS: 20000.0ms)')>]>. Falling back to JSON.
06:01:46 - BidAgent - WARNING - Failed to load memory from MongoDB: SSL handshake failed: ac-8xlp2xc-shard-00-01.nc9rsuw.mongodb.net:27017: [SSL: TLSV1_ALERT_INTERNAL_ERROR] tlsv1 alert internal error (_ssl.c:1129) (configured timeouts: socketTimeoutMS: 20000.0ms, connectTimeoutMS: 20000.0ms),SSL handshake failed: ac-8xlp2xc-shard-00-02.nc9rsuw.mongodb.net:27017: [SSL: TLSV1_ALERT_INTERNAL_ERROR] tlsv1 alert internal error (_ssl.c:1129) (configured timeouts: socketTimeoutMS: 20000.0ms, connectTimeoutMS: 20000.0ms),SSL handshake failed: ac-8xlp2xc-shard-00-00.nc9rsuw.mongodb.net:27017: [SSL: TLSV1_ALERT_INTERNAL_ERROR] tlsv1 alert internal error (_ssl.c:1129) (configured timeouts: socketTimeoutMS: 20000.0ms, connectTimeoutMS: 20000.0ms), Timeout: 10.0s, Topology Description: <TopologyDescription id: 69e22f3fed403a7ca528fedf, topology_type: ReplicaSetNoPrimary, servers: [<ServerDescription ('ac-8xlp2xc-shard-00-00.nc9rsuw.mongodb.net', 27017) server_type: Unknown, rtt: None, error=AutoReconnect('SSL handshake failed: ac-8xlp2xc-shard-00-00.nc9rsuw.mongodb.net:27017: [SSL: TLSV1_ALERT_INTERNAL_ERROR] tlsv1 alert internal error (_ssl.c:1129) (configured timeouts: socketTimeoutMS: 20000.0ms, connectTimeoutMS: 20000.0ms)')>, <ServerDescription ('ac-8xlp2xc-shard-00-01.nc9rsuw.mongodb.net', 27017) server_type: Unknown, rtt: None, error=AutoReconnect('SSL handshake failed: ac-8xlp2xc-shard-00-01.nc9rsuw.mongodb.net:27017: [SSL: TLSV1_ALERT_INTERNAL_ERROR] tlsv1 alert internal error (_ssl.c:1129) (configured timeouts: socketTimeoutMS: 20000.0ms, connectTimeoutMS: 20000.0ms)')>, <ServerDescription ('ac-8xlp2xc-shard-00-02.nc9rsuw.mongodb.net', 27017) server_type: Unknown, rtt: None, error=AutoReconnect('SSL handshake failed: ac-8xlp2xc-shard-00-02.nc9rsuw.mongodb.net:27017: [SSL: TLSV1_ALERT_INTERNAL_ERROR] tlsv1 alert internal error (_ssl.c:1129) (configured timeouts: socketTimeoutMS: 20000.0ms, connectTimeoutMS: 20000.0ms)')>]>. Falling back to JSON.
06:01:57 - BidAgent - ERROR - Failed to save memory to MongoDB: SSL handshake failed: ac-8xlp2xc-shard-00-01.nc9rsuw.mongodb.net:27017: [SSL: TLSV1_ALERT_INTERNAL_ERROR] tlsv1 alert internal error (_ssl.c:1129) (configured timeouts: socketTimeoutMS: 20000.0ms, connectTimeoutMS: 20000.0ms),SSL handshake failed: ac-8xlp2xc-shard-00-02.nc9rsuw.mongodb.net:27017: [SSL: TLSV1_ALERT_INTERNAL_ERROR] tlsv1 alert internal error (_ssl.c:1129) (configured timeouts: socketTimeoutMS: 20000.0ms, connectTimeoutMS: 20000.0ms),SSL handshake failed: ac-8xlp2xc-shard-00-00.nc9rsuw.mongodb.net:27017: [SSL: TLSV1_ALERT_INTERNAL_ERROR] tlsv1 alert internal error (_ssl.c:1129) (configured timeouts: socketTimeoutMS: 20000.0ms, connectTimeoutMS: 20000.0ms), Timeout: 10.0s, Topology Description: <TopologyDescription id: 69e22f3fed403a7ca528fedf, topology_type: ReplicaSetNoPrimary, servers: [<ServerDescription ('ac-8xlp2xc-shard-00-00.nc9rsuw.mongodb.net', 27017) server_type: Unknown, rtt: None, error=AutoReconnect('SSL handshake failed: ac-8xlp2xc-shard-00-00.nc9rsuw.mongodb.net:27017: [SSL: TLSV1_ALERT_INTERNAL_ERROR] tlsv1 alert internal error (_ssl.c:1129) (configured timeouts: socketTimeoutMS: 20000.0ms, connectTimeoutMS: 20000.0ms)')>, <ServerDescription ('ac-8xlp2xc-shard-00-01.nc9rsuw.mongodb.net', 27017) server_type: Unknown, rtt: None, error=AutoReconnect('SSL handshake failed: ac-8xlp2xc-shard-00-01.nc9rsuw.mongodb.net:27017: [SSL: TLSV1_ALERT_INTERNAL_ERROR] tlsv1 alert internal error (_ssl.c:1129) (configured timeouts: socketTimeoutMS: 20000.0ms, connectTimeoutMS: 20000.0ms)')>, <ServerDescription ('ac-8xlp2xc-shard-00-02.nc9rsuw.mongodb.net', 27017) server_type: Unknown, rtt: None, error=AutoReconnect('SSL handshake failed: ac-8xlp2xc-shard-00-02.nc9rsuw.mongodb.net:27017: [SSL: TLSV1_ALERT_INTERNAL_ERROR] tlsv1 alert internal error (_ssl.c:1129) (configured timeouts: socketTimeoutMS: 20000.0ms, connectTimeoutMS: 20000.0ms)')>]>
06:01:57 - httpx - INFO - HTTP Request: POST https://tevdxaufsnpsbvvurddg.supabase.co/rest/v1/memory_store?on_conflict=id "HTTP/2 200 OK"
06:02:07 - BidAgent - WARNING - Failed to load memory from MongoDB: SSL handshake failed: ac-8xlp2xc-shard-00-01.nc9rsuw.mongodb.net:27017: [SSL: TLSV1_ALERT_INTERNAL_ERROR] tlsv1 alert internal error (_ssl.c:1129) (configured timeouts: socketTimeoutMS: 20000.0ms, connectTimeoutMS: 20000.0ms),SSL handshake failed: ac-8xlp2xc-shard-00-02.nc9rsuw.mongodb.net:27017: [SSL: TLSV1_ALERT_INTERNAL_ERROR] tlsv1 alert internal error (_ssl.c:1129) (configured timeouts: socketTimeoutMS: 20000.0ms, connectTimeoutMS: 20000.0ms),SSL handshake failed: ac-8xlp2xc-shard-00-00.nc9rsuw.mongodb.net:27017: [SSL: TLSV1_ALERT_INTERNAL_ERROR] tlsv1 alert internal error (_ssl.c:1129) (configured timeouts: socketTimeoutMS: 20000.0ms, connectTimeoutMS: 20000.0ms), Timeout: 10.0s, Topology Description: <TopologyDescription id: 69e22f3fed403a7ca528fedf, topology_type: ReplicaSetNoPrimary, servers: [<ServerDescription ('ac-8xlp2xc-shard-00-00.nc9rsuw.mongodb.net', 27017) server_type: Unknown, rtt: None, error=AutoReconnect('SSL handshake failed: ac-8xlp2xc-shard-00-00.nc9rsuw.mongodb.net:27017: [SSL: TLSV1_ALERT_INTERNAL_ERROR] tlsv1 alert internal error (_ssl.c:1129) (configured timeouts: socketTimeoutMS: 20000.0ms, connectTimeoutMS: 20000.0ms)')>, <ServerDescription ('ac-8xlp2xc-shard-00-01.nc9rsuw.mongodb.net', 27017) server_type: Unknown, rtt: None, error=AutoReconnect('SSL handshake failed: ac-8xlp2xc-shard-00-01.nc9rsuw.mongodb.net:27017: [SSL: TLSV1_ALERT_INTERNAL_ERROR] tlsv1 alert internal error (_ssl.c:1129) (configured timeouts: socketTimeoutMS: 20000.0ms, connectTimeoutMS: 20000.0ms)')>, <ServerDescription ('ac-8xlp2xc-shard-00-02.nc9rsuw.mongodb.net', 27017) server_type: Unknown, rtt: None, error=AutoReconnect('SSL handshake failed: ac-8xlp2xc-shard-00-02.nc9rsuw.mongodb.net:27017: [SSL: TLSV1_ALERT_INTERNAL_ERROR] tlsv1 alert internal error (_ssl.c:1129) (configured timeouts: socketTimeoutMS: 20000.0ms, connectTimeoutMS: 20000.0ms)')>]>. Falling back to JSON.
06:02:17 - BidAgent - ERROR - Failed to save memory to MongoDB: SSL handshake failed: ac-8xlp2xc-shard-00-01.nc9rsuw.mongodb.net:27017: [SSL: TLSV1_ALERT_INTERNAL_ERROR] tlsv1 alert internal error (_ssl.c:1129) (configured timeouts: socketTimeoutMS: 20000.0ms, connectTimeoutMS: 20000.0ms),SSL handshake failed: ac-8xlp2xc-shard-00-02.nc9rsuw.mongodb.net:27017: [SSL: TLSV1_ALERT_INTERNAL_ERROR] tlsv1 alert internal error (_ssl.c:1129) (configured timeouts: socketTimeoutMS: 20000.0ms, connectTimeoutMS: 20000.0ms),SSL handshake failed: ac-8xlp2xc-shard-00-00.nc9rsuw.mongodb.net:27017: [SSL: TLSV1_ALERT_INTERNAL_ERROR] tlsv1 alert internal error (_ssl.c:1129) (configured timeouts: socketTimeoutMS: 20000.0ms, connectTimeoutMS: 20000.0ms), Timeout: 10.0s, Topology Description: <TopologyDescription id: 69e22f3fed403a7ca528fedf, topology_type: ReplicaSetNoPrimary, servers: [<ServerDescription ('ac-8xlp2xc-shard-00-00.nc9rsuw.mongodb.net', 27017) server_type: Unknown, rtt: None, error=AutoReconnect('SSL handshake failed: ac-8xlp2xc-shard-00-00.nc9rsuw.mongodb.net:27017: [SSL: TLSV1_ALERT_INTERNAL_ERROR] tlsv1 alert internal error (_ssl.c:1129) (configured timeouts: socketTimeoutMS: 20000.0ms, connectTimeoutMS: 20000.0ms)')>, <ServerDescription ('ac-8xlp2xc-shard-00-01.nc9rsuw.mongodb.net', 27017) server_type: Unknown, rtt: None, error=AutoReconnect('SSL handshake failed: ac-8xlp2xc-shard-00-01.nc9rsuw.mongodb.net:27017: [SSL: TLSV1_ALERT_INTERNAL_ERROR] tlsv1 alert internal error (_ssl.c:1129) (configured timeouts: socketTimeoutMS: 20000.0ms, connectTimeoutMS: 20000.0ms)')>, <ServerDescription ('ac-8xlp2xc-shard-00-02.nc9rsuw.mongodb.net', 27017) server_type: Unknown, rtt: None, error=AutoReconnect('SSL handshake failed: ac-8xlp2xc-shard-00-02.nc9rsuw.mongodb.net:27017: [SSL: TLSV1_ALERT_INTERNAL_ERROR] tlsv1 alert internal error (_ssl.c:1129) (configured timeouts: socketTimeoutMS: 20000.0ms, connectTimeoutMS: 20000.0ms)')>]>
06:02:17 - httpx - INFO - HTTP Request: POST https://tevdxaufsnpsbvvurddg.supabase.co/rest/v1/memory_store?on_conflict=id "HTTP/2 200 OK"
06:02:28 - BidAgent - WARNING - Failed to load memory from MongoDB: SSL handshake failed: ac-8xlp2xc-shard-00-01.nc9rsuw.mongodb.net:27017: [SSL: TLSV1_ALERT_INTERNAL_ERROR] tlsv1 alert internal error (_ssl.c:1129) (configured timeouts: socketTimeoutMS: 20000.0ms, connectTimeoutMS: 20000.0ms),SSL handshake failed: ac-8xlp2xc-shard-00-02.nc9rsuw.mongodb.net:27017: [SSL: TLSV1_ALERT_INTERNAL_ERROR] tlsv1 alert internal error (_ssl.c:1129) (configured timeouts: socketTimeoutMS: 20000.0ms, connectTimeoutMS: 20000.0ms),SSL handshake failed: ac-8xlp2xc-shard-00-00.nc9rsuw.mongodb.net:27017: [SSL: TLSV1_ALERT_INTERNAL_ERROR] tlsv1 alert internal error (_ssl.c:1129) (configured timeouts: socketTimeoutMS: 20000.0ms, connectTimeoutMS: 20000.0ms), Timeout: 10.0s, Topology Description: <TopologyDescription id: 69e22f3fed403a7ca528fedf, topology_type: ReplicaSetNoPrimary, servers: [<ServerDescription ('ac-8xlp2xc-shard-00-00.nc9rsuw.mongodb.net', 27017) server_type: Unknown, rtt: None, error=AutoReconnect('SSL handshake failed: ac-8xlp2xc-shard-00-00.nc9rsuw.mongodb.net:27017: [SSL: TLSV1_ALERT_INTERNAL_ERROR] tlsv1 alert internal error (_ssl.c:1129) (configured timeouts: socketTimeoutMS: 20000.0ms, connectTimeoutMS: 20000.0ms)')>, <ServerDescription ('ac-8xlp2xc-shard-00-01.nc9rsuw.mongodb.net', 27017) server_type: Unknown, rtt: None, error=AutoReconnect('SSL handshake failed: ac-8xlp2xc-shard-00-01.nc9rsuw.mongodb.net:27017: [SSL: TLSV1_ALERT_INTERNAL_ERROR] tlsv1 alert internal error (_ssl.c:1129) (configured timeouts: socketTimeoutMS: 20000.0ms, connectTimeoutMS: 20000.0ms)')>, <ServerDescription ('ac-8xlp2xc-shard-00-02.nc9rsuw.mongodb.net', 27017) server_type: Unknown, rtt: None, error=AutoReconnect('SSL handshake failed: ac-8xlp2xc-shard-00-02.nc9rsuw.mongodb.net:27017: [SSL: TLSV1_ALERT_INTERNAL_ERROR] tlsv1 alert internal error (_ssl.c:1129) (configured timeouts: socketTimeoutMS: 20000.0ms, connectTimeoutMS: 20000.0ms)')>]>. Falling back to JSON.
06:02:38 - BidAgent - ERROR - Failed to save memory to MongoDB: SSL handshake failed: ac-8xlp2xc-shard-00-01.nc9rsuw.mongodb.net:27017: [SSL: TLSV1_ALERT_INTERNAL_ERROR] tlsv1 alert internal error (_ssl.c:1129) (configured timeouts: socketTimeoutMS: 20000.0ms, connectTimeoutMS: 20000.0ms),SSL handshake failed: ac-8xlp2xc-shard-00-02.nc9rsuw.mongodb.net:27017: [SSL: TLSV1_ALERT_INTERNAL_ERROR] tlsv1 alert internal error (_ssl.c:1129) (configured timeouts: socketTimeoutMS: 20000.0ms, connectTimeoutMS: 20000.0ms),SSL handshake failed: ac-8xlp2xc-shard-00-00.nc9rsuw.mongodb.net:27017: [SSL: TLSV1_ALERT_INTERNAL_ERROR] tlsv1 alert internal error (_ssl.c:1129) (configured timeouts: socketTimeoutMS: 20000.0ms, connectTimeoutMS: 20000.0ms), Timeout: 10.0s, Topology Description: <TopologyDescription id: 69e22f3fed403a7ca528fedf, topology_type: ReplicaSetNoPrimary, servers: [<ServerDescription ('ac-8xlp2xc-shard-00-00.nc9rsuw.mongodb.net', 27017) server_type: Unknown, rtt: None, error=AutoReconnect('SSL handshake failed: ac-8xlp2xc-shard-00-00.nc9rsuw.mongodb.net:27017: [SSL: TLSV1_ALERT_INTERNAL_ERROR] tlsv1 alert internal error (_ssl.c:1129) (configured timeouts: socketTimeoutMS: 20000.0ms, connectTimeoutMS: 20000.0ms)')>, <ServerDescription ('ac-8xlp2xc-shard-00-01.nc9rsuw.mongodb.net', 27017) server_type: Unknown, rtt: None, error=AutoReconnect('SSL handshake failed: ac-8xlp2xc-shard-00-01.nc9rsuw.mongodb.net:27017: [SSL: TLSV1_ALERT_INTERNAL_ERROR] tlsv1 alert internal error (_ssl.c:1129) (configured timeouts: socketTimeoutMS: 20000.0ms, connectTimeoutMS: 20000.0ms)')>, <ServerDescription ('ac-8xlp2xc-shard-00-02.nc9rsuw.mongodb.net', 27017) server_type: Unknown, rtt: None, error=AutoReconnect('SSL handshake failed: ac-8xlp2xc-shard-00-02.nc9rsuw.mongodb.net:27017: [SSL: TLSV1_ALERT_INTERNAL_ERROR] tlsv1 alert internal error (_ssl.c:1129) (configured timeouts: socketTimeoutMS: 20000.0ms, connectTimeoutMS: 20000.0ms)')>]>
06:02:38 - httpx - INFO - HTTP Request: POST https://tevdxaufsnpsbvvurddg.supabase.co/rest/v1/memory_store?on_conflict=id "HTTP/2 200 OK"
06:02:38 - BidAgent - INFO - Strategy: Target CPA — PROTECT_BUDGET | CPM: €0.46 | tROAS: 4.0x | tCPA: €259.48
06:02:38 - AgentOrchestrator - INFO - Executing Tier 6: ['AdsAgent', 'MonetizationAgent', 'SwarmAgent_04_CONTROL', 'SwarmAgent_11_CONTROL', 'SwarmAgent_18_CONTROL', 'SwarmAgent_25_CONTROL', 'SwarmAgent_32_CONTROL', 'SwarmAgent_39_CONTROL', 'SwarmAgent_46_CONTROL', 'SwarmAgent_53_CONTROL', 'SwarmAgent_60_CONTROL', 'SwarmAgent_67_CONTROL', 'SwarmAgent_74_CONTROL', 'SwarmAgent_81_CONTROL', 'SwarmAgent_88_CONTROL', 'SwarmAgent_95_CONTROL']
06:02:38 - AdsAgent - INFO - Generating Performance Max Asset Groups & Ad Campaigns...
06:02:38 - TelemetryManager - INFO - [TELEMETRY] AdsAgent emitted AD_STRATEGY_GENERATION for AD_ADS_ADVERTISE
06:02:38 - AdsAgent - INFO - Generated 3 standard ads + PMax group 'PMax_Group_AdTech_Professi' (8 headlines, signal: BUILDING)
06:02:38 - MonetizationAgent - INFO - Running Monetization Analysis...
06:02:38 - SwarmAgent_04_CONTROL - INFO - [CONTROL] Executing SEO Micro-task: Domain Research
06:02:38 - SwarmAgent_11_CONTROL - INFO - [CONTROL] Executing SEO Micro-task: SEO Audit
06:02:38 - SwarmAgent_18_CONTROL - INFO - [CONTROL] Executing SEO Micro-task: Keyword Sync
06:02:38 - SwarmAgent_25_CONTROL - INFO - [CONTROL] Executing SEO Micro-task: Market Probe
06:02:38 - SwarmAgent_32_CONTROL - INFO - [CONTROL] Executing SEO Micro-task: Keyword Sync
06:02:38 - SwarmAgent_39_CONTROL - INFO - [CONTROL] Executing SEO Micro-task: Domain Research
06:02:38 - SwarmAgent_46_CONTROL - INFO - [CONTROL] Executing SEO Micro-task: Keyword Sync
06:02:38 - SwarmAgent_53_CONTROL - INFO - [CONTROL] Executing SEO Micro-task: Keyword Sync
06:02:38 - SwarmAgent_60_CONTROL - INFO - [CONTROL] Executing SEO Micro-task: Keyword Sync
06:02:38 - SwarmAgent_67_CONTROL - INFO - [CONTROL] Executing SEO Micro-task: SEO Audit
06:02:38 - SwarmAgent_74_CONTROL - INFO - [CONTROL] Executing SEO Micro-task: SEO Audit
06:02:38 - SwarmAgent_81_CONTROL - INFO - [CONTROL] Executing SEO Micro-task: SEO Audit
06:02:38 - SwarmAgent_88_CONTROL - INFO - [CONTROL] Executing SEO Micro-task: Keyword Sync
06:02:38 - SwarmAgent_95_CONTROL - INFO - [CONTROL] Executing SEO Micro-task: SEO Audit
06:02:38 - AgentOrchestrator - INFO - Executing Tier 7: ['AutonomousIntelligenceAgent']
06:02:38 - httpx - INFO - HTTP Request: POST https://tevdxaufsnpsbvvurddg.supabase.co/rest/v1/telemetry?columns=%22id%22%2C%22event_data%22%2C%22recorded_at%22 "HTTP/2 201 Created"
06:02:38 - AutonomousIntelligenceAgent - INFO - Overseeing Ecosystem...
06:02:48 - TelemetryManager - WARNING - MongoDB telemetry sync failed: SSL handshake failed: ac-8xlp2xc-shard-00-01.nc9rsuw.mongodb.net:27017: [SSL: TLSV1_ALERT_INTERNAL_ERROR] tlsv1 alert internal error (_ssl.c:1129) (configured timeouts: socketTimeoutMS: 20000.0ms, connectTimeoutMS: 20000.0ms),SSL handshake failed: ac-8xlp2xc-shard-00-02.nc9rsuw.mongodb.net:27017: [SSL: TLSV1_ALERT_INTERNAL_ERROR] tlsv1 alert internal error (_ssl.c:1129) (configured timeouts: socketTimeoutMS: 20000.0ms, connectTimeoutMS: 20000.0ms),SSL handshake failed: ac-8xlp2xc-shard-00-00.nc9rsuw.mongodb.net:27017: [SSL: TLSV1_ALERT_INTERNAL_ERROR] tlsv1 alert internal error (_ssl.c:1129) (configured timeouts: socketTimeoutMS: 20000.0ms, connectTimeoutMS: 20000.0ms), Timeout: 10.0s, Topology Description: <TopologyDescription id: 69e22f3fed403a7ca528fedf, topology_type: ReplicaSetNoPrimary, servers: [<ServerDescription ('ac-8xlp2xc-shard-00-00.nc9rsuw.mongodb.net', 27017) server_type: Unknown, rtt: None, error=AutoReconnect('SSL handshake failed: ac-8xlp2xc-shard-00-00.nc9rsuw.mongodb.net:27017: [SSL: TLSV1_ALERT_INTERNAL_ERROR] tlsv1 alert internal error (_ssl.c:1129) (configured timeouts: socketTimeoutMS: 20000.0ms, connectTimeoutMS: 20000.0ms)')>, <ServerDescription ('ac-8xlp2xc-shard-00-01.nc9rsuw.mongodb.net', 27017) server_type: Unknown, rtt: None, error=AutoReconnect('SSL handshake failed: ac-8xlp2xc-shard-00-01.nc9rsuw.mongodb.net:27017: [SSL: TLSV1_ALERT_INTERNAL_ERROR] tlsv1 alert internal error (_ssl.c:1129) (configured timeouts: socketTimeoutMS: 20000.0ms, connectTimeoutMS: 20000.0ms)')>, <ServerDescription ('ac-8xlp2xc-shard-00-02.nc9rsuw.mongodb.net', 27017) server_type: Unknown, rtt: None, error=AutoReconnect('SSL handshake failed: ac-8xlp2xc-shard-00-02.nc9rsuw.mongodb.net:27017: [SSL: TLSV1_ALERT_INTERNAL_ERROR] tlsv1 alert internal error (_ssl.c:1129) (configured timeouts: socketTimeoutMS: 20000.0ms, connectTimeoutMS: 20000.0ms)')>]>
06:02:48 - AutonomousIntelligenceAgent - WARNING - Failed to load memory from MongoDB: SSL handshake failed: ac-8xlp2xc-shard-00-01.nc9rsuw.mongodb.net:27017: [SSL: TLSV1_ALERT_INTERNAL_ERROR] tlsv1 alert internal error (_ssl.c:1129) (configured timeouts: socketTimeoutMS: 20000.0ms, connectTimeoutMS: 20000.0ms),SSL handshake failed: ac-8xlp2xc-shard-00-02.nc9rsuw.mongodb.net:27017: [SSL: TLSV1_ALERT_INTERNAL_ERROR] tlsv1 alert internal error (_ssl.c:1129) (configured timeouts: socketTimeoutMS: 20000.0ms, connectTimeoutMS: 20000.0ms),SSL handshake failed: ac-8xlp2xc-shard-00-00.nc9rsuw.mongodb.net:27017: [SSL: TLSV1_ALERT_INTERNAL_ERROR] tlsv1 alert internal error (_ssl.c:1129) (configured timeouts: socketTimeoutMS: 20000.0ms, connectTimeoutMS: 20000.0ms), Timeout: 10.0s, Topology Description: <TopologyDescription id: 69e22f3fed403a7ca528fedf, topology_type: ReplicaSetNoPrimary, servers: [<ServerDescription ('ac-8xlp2xc-shard-00-00.nc9rsuw.mongodb.net', 27017) server_type: Unknown, rtt: None, error=AutoReconnect('SSL handshake failed: ac-8xlp2xc-shard-00-00.nc9rsuw.mongodb.net:27017: [SSL: TLSV1_ALERT_INTERNAL_ERROR] tlsv1 alert internal error (_ssl.c:1129) (configured timeouts: socketTimeoutMS: 20000.0ms, connectTimeoutMS: 20000.0ms)')>, <ServerDescription ('ac-8xlp2xc-shard-00-01.nc9rsuw.mongodb.net', 27017) server_type: Unknown, rtt: None, error=AutoReconnect('SSL handshake failed: ac-8xlp2xc-shard-00-01.nc9rsuw.mongodb.net:27017: [SSL: TLSV1_ALERT_INTERNAL_ERROR] tlsv1 alert internal error (_ssl.c:1129) (configured timeouts: socketTimeoutMS: 20000.0ms, connectTimeoutMS: 20000.0ms)')>, <ServerDescription ('ac-8xlp2xc-shard-00-02.nc9rsuw.mongodb.net', 27017) server_type: Unknown, rtt: None, error=AutoReconnect('SSL handshake failed: ac-8xlp2xc-shard-00-02.nc9rsuw.mongodb.net:27017: [SSL: TLSV1_ALERT_INTERNAL_ERROR] tlsv1 alert internal error (_ssl.c:1129) (configured timeouts: socketTimeoutMS: 20000.0ms, connectTimeoutMS: 20000.0ms)')>]>. Falling back to JSON.
06:02:58 - AutonomousIntelligenceAgent - ERROR - Failed to save memory to MongoDB: SSL handshake failed: ac-8xlp2xc-shard-00-01.nc9rsuw.mongodb.net:27017: [SSL: TLSV1_ALERT_INTERNAL_ERROR] tlsv1 alert internal error (_ssl.c:1129) (configured timeouts: socketTimeoutMS: 20000.0ms, connectTimeoutMS: 20000.0ms),SSL handshake failed: ac-8xlp2xc-shard-00-02.nc9rsuw.mongodb.net:27017: [SSL: TLSV1_ALERT_INTERNAL_ERROR] tlsv1 alert internal error (_ssl.c:1129) (configured timeouts: socketTimeoutMS: 20000.0ms, connectTimeoutMS: 20000.0ms),SSL handshake failed: ac-8xlp2xc-shard-00-00.nc9rsuw.mongodb.net:27017: [SSL: TLSV1_ALERT_INTERNAL_ERROR] tlsv1 alert internal error (_ssl.c:1129) (configured timeouts: socketTimeoutMS: 20000.0ms, connectTimeoutMS: 20000.0ms), Timeout: 10.0s, Topology Description: <TopologyDescription id: 69e22f3fed403a7ca528fedf, topology_type: ReplicaSetNoPrimary, servers: [<ServerDescription ('ac-8xlp2xc-shard-00-00.nc9rsuw.mongodb.net', 27017) server_type: Unknown, rtt: None, error=AutoReconnect('SSL handshake failed: ac-8xlp2xc-shard-00-00.nc9rsuw.mongodb.net:27017: [SSL: TLSV1_ALERT_INTERNAL_ERROR] tlsv1 alert internal error (_ssl.c:1129) (configured timeouts: socketTimeoutMS: 20000.0ms, connectTimeoutMS: 20000.0ms)')>, <ServerDescription ('ac-8xlp2xc-shard-00-01.nc9rsuw.mongodb.net', 27017) server_type: Unknown, rtt: None, error=AutoReconnect('SSL handshake failed: ac-8xlp2xc-shard-00-01.nc9rsuw.mongodb.net:27017: [SSL: TLSV1_ALERT_INTERNAL_ERROR] tlsv1 alert internal error (_ssl.c:1129) (configured timeouts: socketTimeoutMS: 20000.0ms, connectTimeoutMS: 20000.0ms)')>, <ServerDescription ('ac-8xlp2xc-shard-00-02.nc9rsuw.mongodb.net', 27017) server_type: Unknown, rtt: None, error=AutoReconnect('SSL handshake failed: ac-8xlp2xc-shard-00-02.nc9rsuw.mongodb.net:27017: [SSL: TLSV1_ALERT_INTERNAL_ERROR] tlsv1 alert internal error (_ssl.c:1129) (configured timeouts: socketTimeoutMS: 20000.0ms, connectTimeoutMS: 20000.0ms)')>]>
06:02:59 - httpx - INFO - HTTP Request: POST https://tevdxaufsnpsbvvurddg.supabase.co/rest/v1/memory_store?on_conflict=id "HTTP/2 200 OK"
06:02:59 - AgentOrchestrator - INFO - Executing Tier 8: ['TelemetryAgent']
06:02:59 - TelemetryAgent - INFO - Synthesizing Market Data Structural Telemetry & External World Connectivity...
06:02:59 - AgentOrchestrator - INFO - Executing Tier 9: ['SixSigmaChampion']
06:02:59 - SixSigmaChampion - INFO - Governing Six Belt Sigma SEO Process...
06:02:59 - AgentOrchestrator - INFO - Executing Tier 10: ['Architect', 'CEO_Backup_00', 'CEO_Backup_01', 'CEO_Backup_02', 'CEO_Backup_03', 'AutonomyExpertImbued', 'SwiftEvolutionExpertImbued']
06:02:59 - Architect - INFO - Analyzing system architecture for daily improvements...
06:02:59 - Architect - INFO - Reviewing proposal from SwarmAgent_00_DEFINE: {'seo_impact_threshold': 0.48}
06:02:59 - Architect - INFO - Reviewing proposal from SwarmAgent_06_AD_TECH_PROBE: {'seo_impact_threshold': 0.48}
06:02:59 - Architect - INFO - Reviewing proposal from SwarmAgent_07_DEFINE: {'seo_impact_threshold': 0.48}
06:02:59 - Architect - INFO - Reviewing proposal from SwarmAgent_12_RESEARCH_WORLD: {'seo_impact_threshold': 0.48}
06:02:59 - Architect - INFO - Reviewing proposal from SwarmAgent_13_AD_TECH_PROBE: {'seo_impact_threshold': 0.48}
06:02:59 - Architect - INFO - Reviewing proposal from SwarmAgent_19_RESEARCH_WORLD: {'seo_impact_threshold': 0.48}
06:02:59 - Architect - INFO - Reviewing proposal from SwarmAgent_20_AD_TECH_PROBE: {'seo_impact_threshold': 0.48}
06:02:59 - Architect - INFO - Reviewing proposal from SwarmAgent_21_DEFINE: {'seo_impact_threshold': 0.48}
06:02:59 - Architect - INFO - Reviewing proposal from SwarmAgent_26_RESEARCH_WORLD: {'seo_impact_threshold': 0.48}
06:02:59 - Architect - INFO - Reviewing proposal from SwarmAgent_27_AD_TECH_PROBE: {'seo_impact_threshold': 0.48}
06:02:59 - Architect - INFO - Reviewing proposal from SwarmAgent_47_RESEARCH_WORLD: {'seo_impact_threshold': 0.48}
06:02:59 - Architect - INFO - Reviewing proposal from SwarmAgent_54_RESEARCH_WORLD: {'seo_impact_threshold': 0.48}
06:02:59 - Architect - INFO - Reviewing proposal from SwarmAgent_55_AD_TECH_PROBE: {'seo_impact_threshold': 0.48}
06:02:59 - Architect - INFO - Reviewing proposal from SwarmAgent_68_RESEARCH_WORLD: {'seo_impact_threshold': 0.48}
06:02:59 - Architect - INFO - Reviewing proposal from SwarmAgent_69_AD_TECH_PROBE: {'seo_impact_threshold': 0.48}
06:02:59 - Architect - INFO - Reviewing proposal from SwarmAgent_83_AD_TECH_PROBE: {'seo_impact_threshold': 0.48}
06:02:59 - Architect - INFO - Reviewing proposal from SwarmAgent_89_RESEARCH_WORLD: {'seo_impact_threshold': 0.48}
06:02:59 - Architect - INFO - Reviewing proposal from SwarmAgent_91_DEFINE: {'seo_impact_threshold': 0.48}
06:02:59 - Architect - INFO - Reviewing proposal from SwarmAgent_96_RESEARCH_WORLD: {'seo_impact_threshold': 0.48}
06:02:59 - Architect - INFO - Reviewing proposal from SwarmAgent_97_AD_TECH_PROBE: {'seo_impact_threshold': 0.48}
06:02:59 - Architect - INFO - Reviewing proposal from SwarmAgent_01_MEASURE: {'seo_impact_threshold': 0.48}
06:02:59 - Architect - INFO - Reviewing proposal from SwarmAgent_08_MEASURE: {'seo_impact_threshold': 0.48}
06:02:59 - Architect - INFO - Reviewing proposal from SwarmAgent_15_MEASURE: {'seo_impact_threshold': 0.48}
06:02:59 - Architect - INFO - Reviewing proposal from SwarmAgent_16_ANALYZE: {'seo_impact_threshold': 0.48}
06:02:59 - Architect - INFO - Reviewing proposal from SwarmAgent_22_MEASURE: {'seo_impact_threshold': 0.48}
06:02:59 - Architect - INFO - Reviewing proposal from SwarmAgent_29_MEASURE: {'seo_impact_threshold': 0.48}
06:02:59 - Architect - INFO - Reviewing proposal from SwarmAgent_36_MEASURE: {'seo_impact_threshold': 0.48}
06:02:59 - Architect - INFO - Reviewing proposal from SwarmAgent_37_ANALYZE: {'seo_impact_threshold': 0.48}
06:02:59 - Architect - INFO - Reviewing proposal from SwarmAgent_43_MEASURE: {'seo_impact_threshold': 0.48}
06:02:59 - Architect - INFO - Reviewing proposal from SwarmAgent_44_ANALYZE: {'seo_impact_threshold': 0.48}
06:02:59 - Architect - INFO - Reviewing proposal from SwarmAgent_50_MEASURE: {'seo_impact_threshold': 0.48}
06:02:59 - Architect - INFO - Reviewing proposal from SwarmAgent_57_MEASURE: {'seo_impact_threshold': 0.48}
06:02:59 - Architect - INFO - Reviewing proposal from SwarmAgent_64_MEASURE: {'seo_impact_threshold': 0.48}
06:02:59 - Architect - INFO - Reviewing proposal from SwarmAgent_65_ANALYZE: {'seo_impact_threshold': 0.48}
06:02:59 - Architect - INFO - Reviewing proposal from SwarmAgent_78_MEASURE: {'seo_impact_threshold': 0.48}
06:02:59 - Architect - INFO - Reviewing proposal from SwarmAgent_10_IMPROVE: {'seo_impact_threshold': 0.48}
06:02:59 - Architect - INFO - Reviewing proposal from SwarmAgent_24_IMPROVE: {'seo_impact_threshold': 0.48}
06:02:59 - Architect - INFO - Reviewing proposal from SwarmAgent_31_IMPROVE: {'seo_impact_threshold': 0.48}
06:02:59 - Architect - INFO - Reviewing proposal from SwarmAgent_38_IMPROVE: {'seo_impact_threshold': 0.48}
06:02:59 - Architect - INFO - Reviewing proposal from SwarmAgent_45_IMPROVE: {'seo_impact_threshold': 0.48}
06:02:59 - Architect - INFO - Reviewing proposal from SwarmAgent_59_IMPROVE: {'seo_impact_threshold': 0.48}
06:02:59 - Architect - INFO - Reviewing proposal from SwarmAgent_66_IMPROVE: {'seo_impact_threshold': 0.48}
06:02:59 - Architect - INFO - Reviewing proposal from SwarmAgent_94_IMPROVE: {'seo_impact_threshold': 0.48}
06:02:59 - Architect - INFO - Reviewing proposal from SwarmAgent_04_CONTROL: {'seo_impact_threshold': 0.48}
06:02:59 - Architect - INFO - Reviewing proposal from SwarmAgent_25_CONTROL: {'seo_impact_threshold': 0.48}
06:02:59 - Architect - INFO - Reviewing proposal from SwarmAgent_32_CONTROL: {'seo_impact_threshold': 0.48}
06:02:59 - Architect - INFO - Reviewing proposal from SwarmAgent_39_CONTROL: {'seo_impact_threshold': 0.48}
06:02:59 - Architect - INFO - Reviewing proposal from SwarmAgent_46_CONTROL: {'seo_impact_threshold': 0.48}
06:02:59 - Architect - INFO - Reviewing proposal from SwarmAgent_60_CONTROL: {'seo_impact_threshold': 0.48}
06:02:59 - Architect - INFO - Reviewing proposal from SwarmAgent_67_CONTROL: {'seo_impact_threshold': 0.48}
06:02:59 - Architect - INFO - Reviewing proposal from SwarmAgent_74_CONTROL: {'seo_impact_threshold': 0.48}
06:02:59 - AgentOrchestrator - ERROR - Error in agent Architect: can only concatenate str (not "float") to str
Traceback (most recent call last):
  File "/Users/filipkeser/Documents/Antigravity/agents/orchestrator.py", line 74, in _run_agent
    "current_tier": 0,
  File "/Users/filipkeser/Documents/Antigravity/agents/architect_agent.py", line 44, in run
    else:
  File "/Users/filipkeser/Documents/Antigravity/agents/architect_agent.py", line 53, in _apply_evolution
TypeError: can only concatenate str (not "float") to str
06:02:59 - CEO_Backup_00 - INFO - Verifying CEO (Champion) integrity...
06:02:59 - CEO_Backup_01 - INFO - Verifying CEO (Champion) integrity...
06:02:59 - CEO_Backup_02 - INFO - Verifying CEO (Champion) integrity...
06:02:59 - CEO_Backup_03 - INFO - Verifying CEO (Champion) integrity...
06:02:59 - AutonomyExpertImbued - INFO - 🤖 Autonomy Expert running diagnostic on background daily cycle...
06:02:59 - AutonomyExpertImbued - INFO - Last autonomous run detected at: 2026-04-18T03:40:56.702458+00:00
06:02:59 - SwiftEvolutionExpertImbued - INFO - Swift Evolution Expert refactoring Agent IDE UI...
06:02:59 - httpx - INFO - HTTP Request: POST https://tevdxaufsnpsbvvurddg.supabase.co/rest/v1/telemetry "HTTP/2 400 Bad Request"
06:02:59 - SwiftEvolutionExpertImbued - WARNING - Failed to push to Supabase: {'message': 'null value in column "id" of relation "telemetry" violates not-null constraint', 'code': '23502', 'hint': None, 'details': 'Failing row contains (null, {"type": "EVOLUTION_SYNC", "message": "Swift Evolution Expert op..., 2026-04-18 04:02:59.167812+00).'}
06:02:59 - AgentOrchestrator - INFO - Executing Tier 11: ['MetaCodingAgent', 'DockerEvolutionAgent']
06:02:59 - MetaCodingAgent - INFO - Performing Meta-Coding Analysis and Autonomous Self-Improvement...
06:02:59 - MetaCodingAgent - INFO - Stable impact detected. Standard maintenance refactor proposed.
06:02:59 - DockerEvolutionAgent - INFO - No system evolution detected. Skipping Docker validation.
06:02:59 - AgentOrchestrator - INFO - Executing Tier 12: ['GitHubEvolutionAgent']
06:02:59 - GitHubEvolutionAgent - INFO - No system evolution. Skipping Git operations.
06:02:59 - httpx - INFO - HTTP Request: POST https://tevdxaufsnpsbvvurddg.supabase.co/rest/v1/github_sync_history "HTTP/2 201 Created"
06:02:59 - GitHubEvolutionAgent - INFO - GitHub sync record written to Supabase: SKIPPED
06:03:09 - GitHubEvolutionAgent - WARNING - MongoDB github_sync write failed: SSL handshake failed: ac-8xlp2xc-shard-00-01.nc9rsuw.mongodb.net:27017: [SSL: TLSV1_ALERT_INTERNAL_ERROR] tlsv1 alert internal error (_ssl.c:1129) (configured timeouts: socketTimeoutMS: 20000.0ms, connectTimeoutMS: 20000.0ms),SSL handshake failed: ac-8xlp2xc-shard-00-02.nc9rsuw.mongodb.net:27017: [SSL: TLSV1_ALERT_INTERNAL_ERROR] tlsv1 alert internal error (_ssl.c:1129) (configured timeouts: socketTimeoutMS: 20000.0ms, connectTimeoutMS: 20000.0ms),SSL handshake failed: ac-8xlp2xc-shard-00-00.nc9rsuw.mongodb.net:27017: [SSL: TLSV1_ALERT_INTERNAL_ERROR] tlsv1 alert internal error (_ssl.c:1129) (configured timeouts: socketTimeoutMS: 20000.0ms, connectTimeoutMS: 20000.0ms), Timeout: 10.0s, Topology Description: <TopologyDescription id: 69e22f3fed403a7ca528fedf, topology_type: ReplicaSetNoPrimary, servers: [<ServerDescription ('ac-8xlp2xc-shard-00-00.nc9rsuw.mongodb.net', 27017) server_type: Unknown, rtt: None, error=AutoReconnect('SSL handshake failed: ac-8xlp2xc-shard-00-00.nc9rsuw.mongodb.net:27017: [SSL: TLSV1_ALERT_INTERNAL_ERROR] tlsv1 alert internal error (_ssl.c:1129) (configured timeouts: socketTimeoutMS: 20000.0ms, connectTimeoutMS: 20000.0ms)')>, <ServerDescription ('ac-8xlp2xc-shard-00-01.nc9rsuw.mongodb.net', 27017) server_type: Unknown, rtt: None, error=AutoReconnect('SSL handshake failed: ac-8xlp2xc-shard-00-01.nc9rsuw.mongodb.net:27017: [SSL: TLSV1_ALERT_INTERNAL_ERROR] tlsv1 alert internal error (_ssl.c:1129) (configured timeouts: socketTimeoutMS: 20000.0ms, connectTimeoutMS: 20000.0ms)')>, <ServerDescription ('ac-8xlp2xc-shard-00-02.nc9rsuw.mongodb.net', 27017) server_type: Unknown, rtt: None, error=AutoReconnect('SSL handshake failed: ac-8xlp2xc-shard-00-02.nc9rsuw.mongodb.net:27017: [SSL: TLSV1_ALERT_INTERNAL_ERROR] tlsv1 alert internal error (_ssl.c:1129) (configured timeouts: socketTimeoutMS: 20000.0ms, connectTimeoutMS: 20000.0ms)')>]>
06:03:09 - AgentOrchestrator - INFO - Executing Tier 13: ['GitKrakenEvolutionAgent']
06:03:09 - GitKrakenEvolutionAgent - INFO - No system evolution for GitKraken sync. Skipping.
06:03:09 - AgentOrchestrator - INFO - Executing Tier 14: ['JulesEvolutionAgent']
06:03:09 - JulesEvolutionAgent - INFO - Jules at your service. Synchronizing all evolution channels and memory...
06:03:09 - httpx - INFO - HTTP Request: POST https://tevdxaufsnpsbvvurddg.supabase.co/rest/v1/sync_logs "HTTP/2 200 OK"
06:03:09 - httpx - INFO - HTTP Request: POST https://tevdxaufsnpsbvvurddg.supabase.co/rest/v1/sync_logs "HTTP/2 200 OK"
06:03:09 - httpx - INFO - HTTP Request: POST https://tevdxaufsnpsbvvurddg.supabase.co/rest/v1/sync_logs "HTTP/2 200 OK"
06:03:09 - JulesEvolutionAgent - INFO - Jules has synced 3 learnings to Supabase.
06:03:20 - JulesEvolutionAgent - WARNING - Jules failed to sync learnings to MongoDB: SSL handshake failed: ac-8xlp2xc-shard-00-01.nc9rsuw.mongodb.net:27017: [SSL: TLSV1_ALERT_INTERNAL_ERROR] tlsv1 alert internal error (_ssl.c:1129) (configured timeouts: socketTimeoutMS: 20000.0ms, connectTimeoutMS: 20000.0ms),SSL handshake failed: ac-8xlp2xc-shard-00-02.nc9rsuw.mongodb.net:27017: [SSL: TLSV1_ALERT_INTERNAL_ERROR] tlsv1 alert internal error (_ssl.c:1129) (configured timeouts: socketTimeoutMS: 20000.0ms, connectTimeoutMS: 20000.0ms),SSL handshake failed: ac-8xlp2xc-shard-00-00.nc9rsuw.mongodb.net:27017: [SSL: TLSV1_ALERT_INTERNAL_ERROR] tlsv1 alert internal error (_ssl.c:1129) (configured timeouts: socketTimeoutMS: 20000.0ms, connectTimeoutMS: 20000.0ms), Timeout: 10.0s, Topology Description: <TopologyDescription id: 69e22f3fed403a7ca528fedf, topology_type: ReplicaSetNoPrimary, servers: [<ServerDescription ('ac-8xlp2xc-shard-00-00.nc9rsuw.mongodb.net', 27017) server_type: Unknown, rtt: None, error=AutoReconnect('SSL handshake failed: ac-8xlp2xc-shard-00-00.nc9rsuw.mongodb.net:27017: [SSL: TLSV1_ALERT_INTERNAL_ERROR] tlsv1 alert internal error (_ssl.c:1129) (configured timeouts: socketTimeoutMS: 20000.0ms, connectTimeoutMS: 20000.0ms)')>, <ServerDescription ('ac-8xlp2xc-shard-00-01.nc9rsuw.mongodb.net', 27017) server_type: Unknown, rtt: None, error=AutoReconnect('SSL handshake failed: ac-8xlp2xc-shard-00-01.nc9rsuw.mongodb.net:27017: [SSL: TLSV1_ALERT_INTERNAL_ERROR] tlsv1 alert internal error (_ssl.c:1129) (configured timeouts: socketTimeoutMS: 20000.0ms, connectTimeoutMS: 20000.0ms)')>, <ServerDescription ('ac-8xlp2xc-shard-00-02.nc9rsuw.mongodb.net', 27017) server_type: Unknown, rtt: None, error=AutoReconnect('SSL handshake failed: ac-8xlp2xc-shard-00-02.nc9rsuw.mongodb.net:27017: [SSL: TLSV1_ALERT_INTERNAL_ERROR] tlsv1 alert internal error (_ssl.c:1129) (configured timeouts: socketTimeoutMS: 20000.0ms, connectTimeoutMS: 20000.0ms)')>]>
06:03:20 - JulesEvolutionAgent - INFO - No evolution actions were required. Jules is standing by.
06:03:20 - AgentOrchestrator - INFO - Execution Cycle Complete.
06:03:20 - AgentOrchestrator - INFO - Starting Peer Review Phase...
06:03:20 - AgentOrchestrator - INFO - Review from ResearchAgent: ['Research data and Google World investigations are fully synchronized.']
06:03:20 - SystemOrchestrator - INFO - Report generated at results/DAILY_REPORT_2026-04-18.md
06:03:20 - SystemOrchestrator - INFO - === Cycle Complete ===
06:03:20 - AutonomousOrchestrator - INFO - Autonomous Evolution Cycle Complete.
06:03:20 - httpx - INFO - HTTP Request: POST https://tevdxaufsnpsbvvurddg.supabase.co/rest/v1/memory_store "HTTP/2 200 OK"
06:10:59 - AutonomousOrchestrator - INFO - Starting Autonomous Evolution Cycle...
06:11:00 - httpx - INFO - HTTP Request: POST https://tevdxaufsnpsbvvurddg.supabase.co/rest/v1/memory_store "HTTP/2 200 OK"
06:11:00 - SystemOrchestrator - INFO - === Starting Massive Synchronized Autonomous Cycle ===
06:11:00 - SystemOrchestrator - INFO - Starting Scraper...
06:11:00 - SystemOrchestrator - ERROR - Scraper failed: /Library/Developer/CommandLineTools/usr/bin/python3: can't open file '/Users/filipkeser/Documents/Antigravity/scraper.py': [Errno 2] No such file or directory

06:11:00 - SystemOrchestrator - ERROR - Data file links.json not found.
06:11:00 - SystemOrchestrator - WARNING - No data loaded. Skipping agent execution.
06:11:00 - AutonomousOrchestrator - INFO - Autonomous Evolution Cycle Complete.
06:11:00 - httpx - INFO - HTTP Request: POST https://tevdxaufsnpsbvvurddg.supabase.co/rest/v1/memory_store "HTTP/2 200 OK"
